symbol,entry_time,entry_price,exit_reason,bars_held,gross_r,net_r,mfe_r,mae_r,reached_025r,reached_050r,reached_100r
ADANIENT,2023-07-07T10:51:00+05:30,2312.2,STOP_LOSS,37,-2.0,-2.18,2.29056004268838,1.9546112364273067,True,True,True
ADANIENT,2023-07-12T09:30:00+05:30,2333.7,STOP_LOSS,25,-2.0,-2.18,1.4623757948189444,1.4071918025615524,True,True,True
ADANIENT,2023-07-13T13:55:00+05:30,2299.6,STOP_LOSS,7,-2.0,-2.18,1.0010810773757908,1.779699693112236,True,True,True
ADANIENT,2023-07-20T09:43:00+05:30,2333.6,STOP_LOSS,2,-2.0,-2.18,0.23752580577234422,1.345979566042924,False,False,False
ADANIENT,2023-07-27T13:03:00+05:30,2366.3,STOP_LOSS,1,-2.0,-2.18,0.039975883840464965,1.7989147728225594,False,False,False
ADANIENT,2023-08-01T10:35:00+05:30,2395.6,STOP_LOSS,6,-2.0,-2.18,0.4776693644732351,1.273784971928627,True,False,False
ADANIENT,2023-08-02T13:28:00+05:30,2394.7,STOP_LOSS,17,-2.0,-2.18,2.145079337945087,1.0307524091423572,True,True,True
ADANIENT,2023-08-07T09:57:00+05:30,2442.8,VWAP_Z_TARGET,15,8.205751029739748,8.025751029739748,4.102875514869874,0.19405492300068136,True,True,True
ADANIENT,2023-08-08T09:29:00+05:30,2448.7,STOP_LOSS,3,-2.0,-2.18,0.08416070235736534,1.1408450763997091,False,False,False
ADANIENT,2023-08-08T11:13:00+05:30,2430.3,STOP_LOSS,2,-2.0,-2.18,0.9834732381554842,1.0303052971153706,True,True,False
ADANIENT,2023-08-08T11:36:00+05:30,2409.6,STOP_LOSS,2,-2.0,-2.18,0.743410456556189,1.3009682989732732,True,True,False
ADANIENT,2023-08-08T12:33:00+05:30,2396.4,TIME_HORIZON,40,1.2814697202264715,1.1014697202264716,1.3223676900209598,0.5044082941317529,True,True,True
ADANIENT,2023-08-11T09:25:00+05:30,2445.6,TIME_HORIZON,40,5.019738499107417,4.839738499107417,2.581239939114521,0.4995948269253632,True,True,True
ADANIENT,2023-08-25T10:32:00+05:30,2418.5,STOP_LOSS,4,-2.0,-2.18,1.7025897171399649,1.3364413908733128,True,True,True
ADANIENT,2023-08-28T10:40:00+05:30,2408.2,STOP_LOSS,3,-2.0,-2.18,0.9429810095224853,2.2788707730125686,True,True,False
ADANIENT,2023-08-31T09:16:00+05:30,2381.1,TIME_HORIZON,40,-0.9655089157043292,-1.1455089157043292,1.9106197557247824,0.992706349949528,True,True,True
ADANIENT,2023-09-25T11:25:00+05:30,2364.6,STOP_LOSS,3,-2.0,-2.18,0.4291581836907446,1.1158112775959619,True,False,False
ADANIENT,2023-09-25T11:43:00+05:30,2351.0,TIME_HORIZON,40,14.013739431324339,13.83373943132434,8.197357288711572,0.13605572263424842,True,True,True
ADANIENT,2023-09-29T12:54:00+05:30,2340.3,STOP_LOSS,9,-2.0,-2.18,0.7740188729198639,1.1786196474008472,True,True,False
ADANIENT,2023-10-03T09:46:00+05:30,2314.5,TIME_HORIZON,40,1.9874883453817327,1.8074883453817328,1.917751912210505,0.7322325482985247,True,True,True
ADANIENT,2023-10-09T09:16:00+05:30,2354.6,STOP_LOSS,6,-2.0,-2.18,0.5628627117591608,1.1060906777592987,True,True,False
ADANIENT,2023-10-16T15:15:00+05:30,2358.6,STOP_LOSS,4,-2.0,-2.18,0.4924667288850165,1.7236335510975578,True,False,False
ADANIENT,2023-10-18T11:13:00+05:30,2340.3,TIME_HORIZON,40,1.3226830988990754,1.1426830988990755,4.282973844054306,0.34641700209274456,True,True,True
ADANIENT,2023-10-20T13:12:00+05:30,2312.2,TIME_HORIZON,40,1.7389939908839611,1.5589939908839612,2.4635748204189176,0.6883517880580767,True,True,True
ADANIENT,2023-10-23T09:56:00+05:30,2302.7,STOP_LOSS,6,-2.0,-2.18,0.9391626185519774,1.0208289332085903,True,True,False
ADANIENT,2023-10-23T11:11:00+05:30,2261.7,STOP_LOSS,15,-2.0,-2.18,1.9251200116928715,1.115694552231053,True,True,True
ADANIENT,2023-10-25T11:01:00+05:30,2228.9,STOP_LOSS,12,-2.0,-2.18,2.1218396969483178,1.429449901102045,True,True,True
ADANIENT,2023-10-25T12:51:00+05:30,2198.8,STOP_LOSS,4,-2.0,-2.18,1.623050127180917,1.1218140584928027,True,True,True
ADANIENT,2023-10-26T09:18:00+05:30,2158.1,STOP_LOSS,3,-2.0,-2.18,0.09226826954287308,1.6954294528498863,False,False,False
ADANIENT,2023-10-31T13:18:00+05:30,2218.2,STOP_LOSS,2,-2.0,-2.18,0.3258769650326063,1.6619725216662626,True,False,False
ADANIENT,2023-11-01T11:55:00+05:30,2198.8,STOP_LOSS,3,-2.0,-2.18,0.678696842932897,1.6288724230390146,True,True,False
ADANIENT,2023-11-01T13:17:00+05:30,2167.4,TIME_HORIZON,40,1.9939153813498363,1.8139153813498363,3.8971982453659386,0.18126503466815444,True,True,True
ADANIENT,2023-11-01T14:44:00+05:30,2143.5,STOP_LOSS,8,-2.0,-2.18,1.5707823189413173,1.1937945623954582,True,True,True
ADANIENT,2023-11-09T11:48:00+05:30,2171.3,TIME_HORIZON,40,0.18311075151214082,0.0031107515121408247,2.380439769659912,0.6866653181711526,True,True,True
ADANIENT,2023-11-10T14:28:00+05:30,2136.9,STOP_LOSS,1,-2.0,-2.18,0.6516833886473273,1.1404459301332859,True,True,False
ADANIENT,2023-11-16T09:24:00+05:30,2148.8,STOP_LOSS,6,-2.0,-2.18,0.6975107225538386,1.4747369562567054,True,True,False
ADANIENT,2023-11-20T09:33:00+05:30,2128.4,STOP_LOSS,14,-2.0,-2.18,0.9430447916681617,1.3664526573150486,True,True,False
ADANIENT,2023-11-20T11:24:00+05:30,2117.8,STOP_LOSS,1,-2.0,-2.18,0.0,1.0185434863638962,False,False,False
ADANIENT,2023-11-20T14:19:00+05:30,2078.5,TIME_HORIZON,40,3.0500600321878975,2.8700600321878973,1.9735682561215888,0.1196101973407312,True,True,True
ADANIENT,2023-11-22T09:30:00+05:30,2117.7,STOP_LOSS,18,-2.0,-2.18,0.08207603425062529,1.039629767173944,False,False,False
ADANIENT,2023-11-24T10:01:00+05:30,2095.8,VWAP_Z_TARGET,34,5.647906730773166,5.467906730773167,2.918876167584476,0.16611490384633942,True,True,True
ADANIENT,2023-11-29T10:42:00+05:30,2326.8,STOP_LOSS,5,-2.0,-2.18,2.027198703654831,1.0225692575958734,True,True,True
ADANIENT,2023-11-29T15:10:00+05:30,2325.8,STOP_LOSS,1,-2.0,-2.18,0.0,1.3716569017914735,False,False,False
ADANIENT,2023-12-08T09:30:00+05:30,2780.4,VWAP_Z_TARGET,6,3.9765107272059916,3.7965107272059915,1.9882553636029958,0.33263587832142405,True,True,True
ADANIENT,2023-12-08T10:46:00+05:30,2787.9,STOP_LOSS,5,-2.0,-2.18,1.2716358726783947,1.0870435685799873,True,True,True
ADANIENT,2023-12-08T11:08:00+05:30,2733.0,TIME_HORIZON,40,5.415317739098913,5.235317739098913,3.1839245990467657,0.5997420297373585,True,True,True
ADANIENT,2023-12-08T12:36:00+05:30,2723.1,STOP_LOSS,11,-2.0,-2.18,1.573255463837537,1.0991236802152187,True,True,True
ADANIENT,2023-12-13T10:30:00+05:30,2753.3,STOP_LOSS,2,-2.0,-2.18,0.4300260671228069,2.607033031932238,True,False,False
ADANIENT,2023-12-13T11:44:00+05:30,2736.4,STOP_LOSS,24,-2.0,-2.18,2.114241177299841,2.4893484829499477,True,True,True
ADANIENT,2023-12-19T09:32:00+05:30,2875.8,STOP_LOSS,5,-2.0,-2.18,0.2450387170869872,1.6102544265717211,False,False,False
ADANIENT,2023-12-20T12:34:00+05:30,2844.7,STOP_LOSS,8,-2.0,-2.18,1.5144072219506715,1.8277328540783393,True,True,True
ADANIENT,2023-12-20T13:08:00+05:30,2823.2,STOP_LOSS,1,-2.0,-2.18,0.038149092328805624,2.784883739998994,False,False,False
ADANIENT,2023-12-20T13:36:00+05:30,2728.8,TIME_HORIZON,40,1.9326837758479496,1.7526837758479497,3.3089888889517924,0.4392463126927158,True,True,True
ADANIENT,2023-12-27T13:05:00+05:30,2755.9,STOP_LOSS,3,-2.0,-2.18,0.770149935417824,1.591643199863573,True,True,False
ADANIENT,2023-12-28T10:08:00+05:30,2744.7,STOP_LOSS,6,-2.0,-2.18,1.6874536541155756,1.2528065007826137,True,True,True
ADANIENT,2023-12-28T14:41:00+05:30,2734.3,STOP_LOSS,9,-2.0,-2.18,1.1770234330708624,2.0382600914155455,True,True,True
ADANIENT,2024-01-05T14:21:00+05:30,2897.3,TIME_HORIZON,40,5.861146092494156,5.681146092494156,3.1285847385610714,0.9504561231072042,True,True,True
ADANIENT,2024-01-08T14:27:00+05:30,2894.3,STOP_LOSS,7,-2.0,-2.18,1.4893857779437603,3.1519559486720046,True,True,True
ADANIENT,2024-01-08T15:05:00+05:30,2877.4,STOP_LOSS,7,-2.0,-2.18,1.0012607594798208,1.4184527425965314,True,True,True
ADANIENT,2024-01-11T14:11:00+05:30,2981.2,STOP_LOSS,2,-2.0,-2.18,1.0931714040905085,2.493797265581167,True,True,True
ADANIENT,2024-01-16T10:13:00+05:30,2978.3,STOP_LOSS,5,-2.0,-2.18,1.6362253096692856,1.1573300970832152,True,True,True
ADANIENT,2024-01-16T13:16:00+05:30,2952.5,STOP_LOSS,23,-2.0,-2.18,1.802018419734086,1.4560308831451285,True,True,True
ADANIENT,2024-01-17T13:49:00+05:30,2857.1,TIME_HORIZON,40,4.438089186219723,4.258089186219723,5.083629431488071,0.013448755109744507,True,True,True
ADANIENT,2024-01-18T09:48:00+05:30,2837.6,STOP_LOSS,3,-2.0,-2.18,0.43718066907925573,1.2536798598595968,True,False,False
ADANIENT,2024-01-20T10:05:00+05:30,2814.3,STOP_LOSS,5,-2.0,-2.18,0.630621047393932,1.2192006916283067,True,True,False
ADANIENT,2024-01-23T14:39:00+05:30,2811.5,STOP_LOSS,1,-2.0,-2.18,0.07006426298490574,1.2191181759373344,False,False,False
ADANIENT,2024-01-25T10:19:00+05:30,2783.5,STOP_LOSS,2,-2.0,-2.18,0.16224310474107273,1.7125661056000392,False,False,False
ADANIENT,2024-01-31T12:55:00+05:30,2982.7,VWAP_Z_TARGET,18,6.742796506988486,6.562796506988486,3.3964644115128215,0.5138562393801503,True,True,True
ADANIENT,2024-02-01T12:05:00+05:30,2994.7,VWAP_Z_TARGET,41,10.107996052502138,9.927996052502138,5.317357724889449,0.7148334677327554,True,True,True
ADANIENT,2024-02-08T09:35:00+05:30,3112.0,STOP_LOSS,5,-2.0,-2.18,0.38618119322883243,1.2357798183322521,True,False,False
ADANIENT,2024-02-08T10:43:00+05:30,3104.7,STOP_LOSS,15,-2.0,-2.18,0.9303664836869385,2.473413334679608,True,True,False
ADANIENT,2024-02-09T10:01:00+05:30,3045.1,VWAP_Z_TARGET,11,7.1754247127141335,6.995424712714134,3.5877123563570668,0.3279091938605985,True,True,True
ADANIENT,2024-02-09T10:49:00+05:30,3049.0,STOP_LOSS,8,-2.0,-2.18,1.9674756893636367,1.432835556384377,True,True,True
ADANIENT,2024-02-12T12:09:00+05:30,3067.4,TIME_HORIZON,40,8.720830535845094,8.540830535845094,5.3976946708645,0.5378485793032609,True,True,True
ADANIENT,2024-02-12T15:17:00+05:30,3067.5,STOP_LOSS,17,-2.0,-2.18,4.452597973482438,1.636630606469264,True,True,True
ADANIENT,2024-02-13T09:34:00+05:30,3005.4,TIME_HORIZON,40,4.306888935236358,4.126888935236359,2.199020011906405,0.0,True,True,True
ADANIENT,2024-02-15T14:35:00+05:30,3101.4,STOP_LOSS,41,-2.0,-2.18,1.9850158505127196,1.3324078996592974,True,True,True
ADANIENT,2024-02-20T10:30:00+05:30,3139.2,STOP_LOSS,6,-2.0,-2.18,0.6163561584533973,1.4202989738272083,True,True,False
ADANIENT,2024-02-27T12:06:00+05:30,3197.8,TIME_HORIZON,40,-0.847719496315506,-1.027719496315506,0.7912048632277284,0.932491445947108,True,True,False
ADANIENT,2024-02-27T13:48:00+05:30,3186.7,STOP_LOSS,8,-2.0,-2.18,0.829596625942627,1.2098284128329517,True,True,False
ADANIENT,2024-02-28T10:58:00+05:30,3156.6,STOP_LOSS,3,-2.0,-2.18,0.7499479390115348,1.4084388122899536,True,True,False
ADANIENT,2024-02-28T13:00:00+05:30,3131.4,STOP_LOSS,3,-2.0,-2.18,0.0,2.558754979597034,False,False,False
ADANIENT,2024-03-04T13:56:00+05:30,3215.8,TIME_HORIZON,40,2.7759476868981974,2.595947686898197,5.025422536626677,0.0,True,True,True
ADANIENT,2024-03-05T10:36:00+05:30,3208.7,STOP_LOSS,30,-2.0,-2.18,4.668401344814843,2.7068881747244093,True,True,True
ADANIENT,2024-03-06T09:28:00+05:30,3192.3,STOP_LOSS,5,-2.0,-2.18,0.018808182276821274,1.3353809416555507,False,False,False
ADANIENT,2024-03-06T09:58:00+05:30,3151.8,STOP_LOSS,2,-2.0,-2.18,0.011546194349835833,1.2354427954335894,False,False,False
ADANIENT,2024-03-06T11:36:00+05:30,3115.3,TIME_HORIZON,40,-1.5405086786049695,-1.7205086786049695,1.5405086786048026,0.7702543393024848,True,True,True
ADANIENT,2024-03-11T12:01:00+05:30,3116.8,TIME_HORIZON,40,5.297900581951459,5.117900581951459,2.93121548591581,0.2388397803339598,True,True,True
ADANIENT,2024-03-11T14:21:00+05:30,3113.2,TIME_HORIZON,40,2.454161468148045,2.2741614681480447,2.7864958336263435,0.3067701835184475,True,True,True
ADANIENT,2024-03-11T15:20:00+05:30,3104.3,STOP_LOSS,20,-2.0,-2.18,5.388837754016808,2.332482012932732,True,True,True
ADANIENT,2024-03-12T11:32:00+05:30,3055.4,STOP_LOSS,1,-2.0,-2.18,0.0,1.0758579648554305,False,False,False
ADANIENT,2024-03-13T09:30:00+05:30,2984.1,STOP_LOSS,4,-2.0,-2.18,0.9408698584311381,1.024876095791021,True,True,False
ADANIENT,2024-03-18T09:16:00+05:30,2925.1,STOP_LOSS,5,-2.0,-2.18,0.9128511942939027,1.2639478074838666,True,True,False
ADANIENT,2024-03-19T11:43:00+05:30,2960.5,STOP_LOSS,1,-2.0,-2.18,0.11487651463708118,1.263641661007893,False,False,False
ADANIENT,2024-03-20T10:03:00+05:30,2932.7,TIME_HORIZON,40,2.3428445661206583,2.162844566120658,3.578454371540398,0.6097814624149069,True,True,True
ADANIENT,2024-04-04T15:02:00+05:30,3114.6,STOP_LOSS,7,-2.0,-2.18,0.8963734541763225,1.2591912808666763,True,True,False
ADANIENT,2024-04-08T09:47:00+05:30,3102.2,TIME_HORIZON,40,1.7797771252338581,1.5997771252338582,2.132024681269645,0.33370821098128517,True,True,True
ADANIENT,2024-04-09T12:41:00+05:30,3098.5,TIME_HORIZON,40,1.8209872124634343,1.6409872124634344,2.941594727825458,0.04669197980671117,True,True,True
ADANIENT,2024-04-09T14:14:00+05:30,3091.1,STOP_LOSS,2,-2.0,-2.18,0.42709319956183817,1.2812795986855146,True,False,False
ADANIENT,2024-04-12T12:42:00+05:30,3110.5,TIME_HORIZON,40,5.022480645085084,4.842480645085084,2.741437352108923,0.10463501343927258,True,True,True
ADANIENT,2024-04-15T09:16:00+05:30,3065.9,STOP_LOSS,1,-2.0,-2.18,0.20128736372250122,1.2809195873251138,False,False,False
ADANIENT,2024-04-16T09:16:00+05:30,3022.3,VWAP_Z_TARGET,8,6.758520752294423,6.578520752294423,3.8336147124359563,0.3407657522165424,True,True,True
ADANIENT,2024-04-16T10:16:00+05:30,3025.9,STOP_LOSS,6,-2.0,-2.18,0.8010491248337284,1.201573687250643,True,True,False
ADANIENT,2024-04-18T14:35:00+05:30,2979.5,STOP_LOSS,1,-2.0,-2.18,0.37846667019567687,1.0917307794106446,True,False,False
ADANIENT,2024-04-18T15:03:00+05:30,2921.0,STOP_LOSS,28,-2.0,-2.18,2.9026984069826947,4.517382729838042,True,True,True
ADANIENT,2024-04-24T14:37:00+05:30,2954.6,STOP_LOSS,2,-2.0,-2.18,0.0,1.7653214323484163,False,False,False
ADANIENT,2024-04-24T15:04:00+05:30,2948.3,STOP_LOSS,33,-2.0,-2.18,3.493453110476586,1.275869831652401,True,True,True
ADANIENT,2024-04-26T14:34:00+05:30,2977.3,TIME_HORIZON,40,4.630668610970947,4.450668610970947,3.4730014582283006,0.7584715828315202,True,True,True
ADANIENT,2024-04-29T09:51:00+05:30,2970.2,STOP_LOSS,15,-2.0,-2.18,1.8242409477964736,1.4507742970664426,True,True,True
ADANIENT,2024-04-30T15:04:00+05:30,2969.5,STOP_LOSS,1,-2.0,-2.18,0.4496746980765606,1.3881262418883855,True,False,False
ADANIENT,2024-04-30T15:22:00+05:30,2956.3,VWAP_Z_TARGET,9,11.47239896651468,11.29239896651468,7.115285770172894,0.3197881245022261,True,True,True
ADANIENT,2024-05-02T14:54:00+05:30,2949.9,STOP_LOSS,1,-2.0,-2.18,0.11777654868695629,1.5134286506274044,False,False,False
ADANIENT,2024-05-02T15:16:00+05:30,2931.5,STOP_LOSS,21,-2.0,-2.18,2.1747090722702054,1.361832380208057,True,True,True
ADANIENT,2024-05-06T09:17:00+05:30,2880.3,STOP_LOSS,3,-2.0,-2.18,1.6473094915439128,1.7510770185703262,True,True,True
ADANIENT,2024-05-06T09:42:00+05:30,2772.5,TIME_HORIZON,40,1.6332525530109387,1.4532525530109388,2.5406150824614935,0.4788857794322251,True,True,True
ADANIENT,2024-05-07T11:18:00+05:30,2755.5,STOP_LOSS,6,-2.0,-2.18,1.0788401214244974,1.9842952233344104,True,True,True
ADANIENT,2024-05-09T12:52:00+05:30,2738.0,STOP_LOSS,2,-2.0,-2.18,0.3599385796730226,1.6938286102261702,True,False,False
ADANIENT,2024-05-09T14:37:00+05:30,2695.6,STOP_LOSS,8,-2.0,-2.18,1.2689915150570188,1.131390025472512,True,True,True
ADANIENT,2024-05-09T15:07:00+05:30,2683.6,STOP_LOSS,7,-2.0,-2.18,1.0082956612242067,1.5729412315097075,True,True,True
ADANIENT,2024-05-16T10:25:00+05:30,2908.1,TIME_HORIZON,40,9.106088057615086,8.926088057615086,7.30057059791551,0.0,True,True,True
ADANIENT,2024-07-05T09:21:00+05:30,3031.0,VWAP_Z_TARGET,18,5.248502238502244,5.068502238502244,2.9794990873593408,0.24065184936362863,True,True,True
ADANIENT,2024-07-08T09:38:00+05:30,3034.2,STOP_LOSS,4,-2.0,-2.18,0.3124655761156392,1.9529098507223008,True,False,False
ADANIENT,2024-07-08T10:36:00+05:30,3017.8,STOP_LOSS,17,-2.0,-2.18,2.174399258692909,1.790681742453172,True,True,True
ADANIENT,2024-07-08T11:12:00+05:30,2998.6,STOP_LOSS,5,-2.0,-2.18,0.9822150654032867,1.0087614185221476,True,True,False
ADANIENT,2024-07-08T11:44:00+05:30,2982.2,TIME_HORIZON,40,1.093115736004072,0.913115736004072,1.7437798645776932,0.26026565142949587,True,True,True
ADANIENT,2024-07-11T14:51:00+05:30,2990.4,STOP_LOSS,3,-2.0,-2.18,0.0,1.1345231286439381,False,False,False
ADANIENT,2024-07-19T10:40:00+05:30,2958.6,STOP_LOSS,1,-2.0,-2.18,0.5682113398767649,1.420528349691736,True,True,False
ADANIENT,2024-07-19T10:59:00+05:30,2941.0,STOP_LOSS,6,-2.0,-2.18,0.21419943597474336,1.2239967769984539,False,False,False
ADANIENT,2024-07-19T11:46:00+05:30,2930.8,TIME_HORIZON,40,4.2162797251540525,4.036279725154053,5.171969796188869,0.2810853150102702,True,True,True
ADANIENT,2024-07-19T14:55:00+05:30,2910.4,STOP_LOSS,36,-2.0,-2.18,1.6496297291870499,3.268425257828645,True,True,True
ADANIENT,2024-07-23T12:20:00+05:30,2873.2,STOP_LOSS,1,-2.0,-2.18,0.0,2.2655826497622935,False,False,False
ADANIENT,2024-07-30T09:18:00+05:30,2978.6,VWAP_Z_TARGET,28,5.373472007081178,5.193472007081178,2.713874751051075,0.7463155565390456,True,True,True
ADANIENT,2024-07-30T10:10:00+05:30,2978.4,TIME_HORIZON,40,6.768421993140538,6.588421993140538,3.9185601012919937,0.4325683228699623,True,True,True
ADANIENT,2024-08-05T09:16:00+05:30,3022.7,STOP_LOSS,4,-2.0,-2.18,0.6114383421834744,1.0074174590260896,True,True,False
ADANIENT,2024-08-12T09:16:00+05:30,2996.6,STOP_LOSS,1,-2.0,-2.18,0.1756338402139377,1.1662086990205398,False,False,False
ADANIENT,2024-08-13T14:09:00+05:30,3007.9,STOP_LOSS,39,-2.0,-2.18,2.281501399158949,2.367595791580062,True,True,True
ADANIENT,2024-08-14T09:16:00+05:30,2974.9,STOP_LOSS,1,-2.0,-2.18,0.24306534724248735,2.1127987875697904,False,False,False
ADANIENT,2024-08-20T11:31:00+05:30,2990.6,STOP_LOSS,8,-2.0,-2.18,1.0283298408330417,1.3106164638068414,True,True,True
ADANIENT,2024-08-22T14:29:00+05:30,3008.3,STOP_LOSS,3,-2.0,-2.18,0.940514654527288,1.5115414090618602,True,True,False
ADANIENT,2024-08-26T09:32:00+05:30,2967.1,TIME_HORIZON,40,3.9512693670596,3.7712693670596,3.5905012944150436,0.06871772812279128,True,True,True
ADANIENT,2024-08-28T09:20:00+05:30,2967.1,STOP_LOSS,4,-2.0,-2.18,0.08559980405529345,1.352476904073652,False,False,False
ADANIENT,2024-08-28T10:17:00+05:30,2949.4,STOP_LOSS,14,-2.0,-2.18,1.6004471859565965,1.4072897669618758,True,True,True
ADANIENT,2024-08-28T15:06:00+05:30,2932.7,TIME_HORIZON,40,4.426204023799736,4.246204023799736,4.078075617433446,0.9697862748773699,True,True,True
ADANIENT,2024-08-29T10:04:00+05:30,2923.7,STOP_LOSS,6,-2.0,-2.18,0.0263763753505702,1.186936890771341,False,False,False
ADANIENT,2024-08-29T11:57:00+05:30,2900.0,STOP_LOSS,7,-2.0,-2.18,0.5813183968072524,1.3079663928163179,True,True,False
ADANIENT,2024-08-29T14:05:00+05:30,2892.4,TIME_HORIZON,40,4.062385010252269,3.882385010252269,2.7408862719774802,0.5139161759957637,True,True,True
ADANIENT,2024-09-04T09:16:00+05:30,2923.0,STOP_LOSS,22,-2.0,-2.18,1.1268611731817781,1.176575636704457,True,True,True
ADANIENT,2024-09-04T14:26:00+05:30,2897.2,VWAP_Z_TARGET,11,2.972405904692358,2.792405904692358,1.5337614468212677,0.11295142437828798,True,True,True
ADANIENT,2024-09-06T09:54:00+05:30,2899.8,STOP_LOSS,3,-2.0,-2.18,0.30591506872616697,1.4396003234174104,True,False,False
ADANIENT,2024-09-09T09:21:00+05:30,2854.7,STOP_LOSS,7,-2.0,-2.18,0.9837670262566157,1.0930744736184435,True,True,False
ADANIENT,2024-09-11T13:44:00+05:30,2869.8,STOP_LOSS,17,-2.0,-2.18,1.2941515580325726,1.329128627168717,True,True,True
ADANIENT,2024-09-17T10:14:00+05:30,2879.1,STOP_LOSS,3,-2.0,-2.18,0.0,1.4577869616433563,False,False,False
ADANIENT,2024-09-18T13:06:00+05:30,2871.3,STOP_LOSS,29,-2.0,-2.18,1.4941356790733815,1.441709865772607,True,True,True
ADANIENT,2024-09-19T11:23:00+05:30,2828.9,STOP_LOSS,1,-2.0,-2.18,0.1009624997010004,1.262031246262218,False,False,False
ADANIENT,2024-10-14T15:16:00+05:30,3002.8,TIME_HORIZON,40,5.942331146118433,5.7623311461184334,5.658322672223025,0.9394126444231806,True,True,True
ADANIENT,2024-10-15T14:48:00+05:30,2997.9,VWAP_Z_TARGET,16,7.657510730237493,7.477510730237493,3.8287553651187465,0.08384135836031648,True,True,True
ADANIENT,2024-10-16T11:19:00+05:30,2990.0,STOP_LOSS,24,-2.0,-2.18,2.252169713694372,1.6448430493273336,True,True,True
ADANIENT,2024-10-16T12:36:00+05:30,2969.8,TIME_HORIZON,40,11.305772105661319,11.12577210566132,6.277332767968966,0.7230435648970421,True,True,True
ADANIENT,2024-10-17T09:41:00+05:30,2964.7,STOP_LOSS,3,-2.0,-2.18,0.07225486781811091,1.5715433750435222,False,False,False
ADANIENT,2024-10-18T09:17:00+05:30,2890.7,STOP_LOSS,2,-2.0,-2.18,0.1616561117451968,1.4225737833577123,False,False,False
ADANIENT,2024-10-21T09:35:00+05:30,2886.9,STOP_LOSS,8,-2.0,-2.18,0.3377051767485851,1.120567177393153,True,False,False
ADANIENT,2024-10-21T11:36:00+05:30,2850.5,STOP_LOSS,37,-2.0,-2.18,2.7990836616925763,1.3995418308462368,True,True,True
ADANIENT,2024-10-22T10:22:00+05:30,2813.1,STOP_LOSS,2,-2.0,-2.18,0.32627694423303066,1.2351912888820438,True,False,False
ADANIENT,2024-10-22T11:50:00+05:30,2792.0,STOP_LOSS,1,-2.0,-2.18,0.4905564022776392,1.9176295725400005,True,False,False
ADANIENT,2024-10-22T12:14:00+05:30,2778.6,STOP_LOSS,2,-2.0,-2.18,0.40186497537549143,1.0716399343344745,True,False,False
ADANIENT,2024-10-24T09:37:00+05:30,2730.5,STOP_LOSS,2,-2.0,-2.18,0.06782263734436118,1.1258557799164204,False,False,False
ADANIENT,2024-10-25T09:54:00+05:30,2680.1,STOP_LOSS,8,-2.0,-2.18,1.0870043029524803,1.1236448974339908,True,True,True
ADANIENT,2024-10-25T10:47:00+05:30,2634.7,STOP_LOSS,1,-2.0,-2.18,0.041933582432430096,1.271985333782929,False,False,False
ADANIENT,2024-11-04T10:16:00+05:30,2825.1,STOP_LOSS,12,-2.0,-2.18,1.105129296225923,1.554088072817682,True,True,True
ADANIENT,2024-11-04T11:02:00+05:30,2791.1,STOP_LOSS,1,-2.0,-2.18,0.10044572788047229,1.5066859182070844,False,False,False
ADANIENT,2024-11-08T09:17:00+05:30,2857.1,VWAP_Z_TARGET,9,5.651786785889071,5.471786785889071,2.886275730400615,0.5313645696135113,True,True,True
ADANIENT,2024-11-08T11:51:00+05:30,2856.7,STOP_LOSS,4,-2.0,-2.18,0.9548569256665256,2.506499429874426,True,True,False
ADANIENT,2024-11-11T09:16:00+05:30,2816.4,STOP_LOSS,1,-2.0,-2.18,0.17632972489333718,1.36361653917513,False,False,False
ADANIENT,2024-11-12T15:08:00+05:30,2786.0,STOP_LOSS,9,-2.0,-2.18,0.4812721094936414,1.203180273734203,True,False,False
ADANIENT,2024-11-13T09:46:00+05:30,2762.0,STOP_LOSS,2,-2.0,-2.18,0.4804835760126847,1.2252331188323242,True,False,False
ADANIENT,2024-11-18T09:46:00+05:30,2710.4,VWAP_Z_TARGET,7,8.075503229487795,7.895503229487796,4.1521818224492355,0.3759849681745655,True,True,True
ADANIENT,2024-11-21T09:16:00+05:30,2461.9,STOP_LOSS,37,-2.0,-2.18,0.0,2.144970014874925,False,False,False
ADANIENT,2024-11-25T15:10:00+05:30,2171.0,TIME_HORIZON,40,9.166878412914093,8.986878412914093,6.816060023355889,0.4202580361221111,True,True,True
ADANIENT,2024-11-29T11:12:00+05:30,2343.2,STOP_LOSS,2,-2.0,-2.18,0.04565499094971908,1.0196281312097468,False,False,False
ADANIENT,2024-11-29T11:39:00+05:30,2335.0,VWAP_Z_TARGET,35,15.265182031093875,15.085182031093876,7.632591015546938,0.27972846653838895,True,True,True
ADANIENT,2024-12-02T13:14:00+05:30,2356.7,STOP_LOSS,17,-2.0,-2.18,2.812685283668625,1.1762138458976492,True,True,True
ADANIENT,2024-12-04T10:23:00+05:30,2407.4,TIME_HORIZON,40,2.825195159382106,2.645195159382106,2.7764848980136017,0.4383923523179779,True,True,True
ADANIENT,2024-12-04T11:56:00+05:30,2404.3,STOP_LOSS,1,-2.0,-2.18,1.3797354140985156,1.5768404732555745,True,True,True
ADANIENT,2024-12-06T12:17:00+05:30,2434.3,STOP_LOSS,3,-2.0,-2.18,1.041059135697853,1.2673763391106623,True,True,True
ADANIENT,2024-12-06T14:34:00+05:30,2428.6,TIME_HORIZON,40,2.32996976642595,2.14996976642595,5.083570399474121,0.7413540165900313,True,True,True
ADANIENT,2024-12-09T10:04:00+05:30,2424.2,STOP_LOSS,3,-2.0,-2.18,0.5953645971765423,1.1907291943528269,True,True,False
ADANIENT,2024-12-10T10:04:00+05:30,2406.3,STOP_LOSS,4,-2.0,-2.18,0.9284173970696996,1.2485613270939198,True,True,False
ADANIENT,2024-12-10T12:16:00+05:30,2391.1,STOP_LOSS,8,-2.0,-2.18,1.145599393298673,1.0836751017689352,True,True,True
ADANIENT,2024-12-11T12:58:00+05:30,2377.2,TIME_HORIZON,40,3.6811886458765284,3.5011886458765282,1.948864577228895,0.5413512714524161,True,True,True
ADANIENT,2024-12-12T09:48:00+05:30,2372.4,TIME_HORIZON,40,1.529135827618252,1.3491358276182521,1.6820494103800376,0.17475838029926855,True,True,True
ADANIENT,2024-12-16T12:10:00+05:30,2435.6,STOP_LOSS,6,-2.0,-2.18,1.2255825791330748,1.8610698423870324,True,True,True
ADANIENT,2024-12-16T15:28:00+05:30,2429.3,STOP_LOSS,3,-2.0,-2.18,3.169578065117766,2.289139713696164,True,True,True
ADANIENT,2024-12-17T13:58:00+05:30,2424.7,STOP_LOSS,9,-2.0,-2.18,1.4643076633405443,1.6734944723889897,True,True,True
ADANIENT,2024-12-17T14:23:00+05:30,2409.7,TIME_HORIZON,40,2.120121799244944,1.9401217992449442,2.234722977582396,0.8022082483628145,True,True,True
ADANIENT,2024-12-19T09:16:00+05:30,2341.1,STOP_LOSS,2,-2.0,-2.18,0.0,1.185023102556195,False,False,False
ADANIENT,2024-12-20T15:01:00+05:30,2285.6,STOP_LOSS,1,-2.0,-2.18,0.0,1.13617443977045,False,False,False
ADANIENT,2024-12-31T12:59:00+05:30,2434.2,TIME_HORIZON,40,11.3148019734204,11.1348019734204,5.853838520970969,0.0,True,True,True
ADANIENT,2025-01-03T15:08:00+05:30,2483.6,STOP_LOSS,21,-2.0,-2.18,1.7180471961272679,1.5070589439712156,True,True,True
ADANIENT,2025-01-06T11:11:00+05:30,2416.9,STOP_LOSS,5,-2.0,-2.18,0.4793396205831449,1.1504150893995913,True,False,False
ADANIENT,2025-01-08T11:52:00+05:30,2424.8,STOP_LOSS,1,-2.0,-2.18,0.6404303857700823,2.519026184029029,True,True,False
ADANIENT,2025-01-09T10:48:00+05:30,2409.2,STOP_LOSS,2,-2.0,-2.18,0.6475343028913109,1.669956886403703,True,True,False
ADANIENT,2025-01-10T09:16:00+05:30,2388.3,STOP_LOSS,2,-2.0,-2.18,0.24008964167901753,1.158079448098953,False,False,False
ADANIENT,2025-01-10T09:38:00+05:30,2333.4,STOP_LOSS,10,-2.0,-2.18,2.41416074201257,1.3302518374354992,True,True,True
ADANIENT,2025-01-13T09:48:00+05:30,2249.8,STOP_LOSS,2,-2.0,-2.18,0.11098028378639856,1.257776549579408,False,False,False
ADANIENT,2025-01-13T14:33:00+05:30,2154.2,STOP_LOSS,5,-2.0,-2.18,0.3787134222340771,1.0247539660449652,True,False,False
ADANIENT,2025-01-17T11:01:00+05:30,2322.9,STOP_LOSS,7,-2.0,-2.18,0.743820940601026,1.0094712765301106,True,True,False
ADANIENT,2025-01-17T11:49:00+05:30,2315.1,STOP_LOSS,1,-2.0,-2.18,0.8314714968695743,3.2011652629477854,True,True,False
ADANIENT,2025-01-22T09:15:00+05:30,2325.8,STOP_LOSS,1,-2.0,-2.18,0.0,5.969127668541164,False,False,False
ADANIENT,2025-01-24T10:02:00+05:30,2289.3,STOP_LOSS,2,-2.0,-2.18,0.049885803582115605,1.1224305805986219,False,False,False
ADANIENT,2025-01-24T14:41:00+05:30,2251.5,STOP_LOSS,2,-2.0,-2.18,0.6317371241581352,1.702943552078267,True,True,False
ADANIENT,2025-01-27T14:31:00+05:30,2199.1,STOP_LOSS,6,-2.0,-2.18,0.5591287207385874,1.1182574414771749,True,True,False
ADANIENT,2025-01-30T13:27:00+05:30,2217.9,STOP_LOSS,4,-2.0,-2.18,1.705511179195368,1.9199766568187773,True,True,True
ADANIENT,2025-01-30T14:15:00+05:30,2154.0,STOP_LOSS,17,-2.0,-2.18,1.410931740730441,1.410931740730441,True,True,True
ADANIENT,2025-02-01T13:20:00+05:30,2172.0,TIME_HORIZON,40,14.023120270515795,13.843120270515795,7.337280532739331,0.4628658279998779,True,True,True
ADANIENT,2025-02-03T09:16:00+05:30,2164.1,STOP_LOSS,23,-2.0,-2.18,2.420946367444584,1.3538941770542916,True,True,True
ADANIENT,2025-02-06T11:55:00+05:30,2233.0,STOP_LOSS,10,-2.0,-2.18,1.8269114098259158,1.1744430491737747,True,True,True
ADANIENT,2025-02-12T09:36:00+05:30,2230.8,STOP_LOSS,1,-2.0,-2.18,0.272793100236674,1.306535374818057,True,False,False
ADANIENT,2025-02-13T13:36:00+05:30,2214.2,STOP_LOSS,6,-2.0,-2.18,0.7024235791196524,2.0136142601429823,True,True,False
ADANIENT,2025-02-14T09:26:00+05:30,2119.7,STOP_LOSS,4,-2.0,-2.18,0.20233438463326914,1.148970255595963,False,False,False
ADANIENT,2025-02-14T14:15:00+05:30,2061.2,TIME_HORIZON,40,11.974161153328522,11.794161153328522,8.594357601985795,0.19313163150529875,True,True,True
ADANIENT,2025-02-17T09:16:00+05:30,2060.8,STOP_LOSS,1,-2.0,-2.18,0.21052338112881427,2.195458117486797,False,False,False
ADANIENT,2025-02-19T09:16:00+05:30,2087.0,VWAP_Z_TARGET,6,5.322216112537461,5.1422161125374615,2.740206809533624,0.02824955473746004,True,True,True
ADANIENT,2025-02-21T15:27:00+05:30,2060.5,STOP_LOSS,1,-2.0,-2.18,0.6286199294642022,2.0430147707587016,True,True,False
ADANIENT,2025-02-27T13:39:00+05:30,2048.3,STOP_LOSS,7,-2.0,-2.18,0.5644188741089211,1.4298611477426688,True,True,False
ADANIENT,2025-02-27T15:24:00+05:30,2041.3,STOP_LOSS,1,-2.0,-2.18,0.12072838538749692,1.0060698782292934,False,False,False
ADANIENT,2025-03-03T09:55:00+05:30,2005.6,STOP_LOSS,6,-2.0,-2.18,0.45728484510312023,1.1842504962926577,True,False,False
ADANIENT,2025-03-10T14:25:00+05:30,2166.0,STOP_LOSS,5,-2.0,-2.18,0.2408333093383978,2.3481247660488993,False,False,False
ADANIENT,2025-03-12T10:54:00+05:30,2173.0,STOP_LOSS,2,-2.0,-2.18,0.5432236112074753,1.5520674605926859,True,True,False
ADANIENT,2025-03-12T12:02:00+05:30,2138.0,STOP_LOSS,9,-2.0,-2.18,0.6349134892138282,1.680653353801265,True,True,False
ADANIENT,2025-03-25T10:11:00+05:30,2277.9,STOP_LOSS,3,-2.0,-2.18,0.3389339894643572,1.8511010193826234,True,False,False
ADANIENT,2025-03-28T14:11:00+05:30,2238.3,TIME_HORIZON,40,11.779321717178961,11.599321717178961,6.898537950107078,0.2454025357745875,True,True,True
ADANIENT,2025-04-02T09:23:00+05:30,2245.7,VWAP_Z_TARGET,10,3.888231868310241,3.7082318683102407,1.9441159341551204,0.1954976917027189,True,True,True
ADANIENT,2025-04-04T09:51:00+05:30,2291.1,STOP_LOSS,3,-2.0,-2.18,0.0,1.1022756620140952,False,False,False
ADANIENT,2025-04-07T09:16:00+05:30,2157.9,STOP_LOSS,3,-2.0,-2.18,0.20817821685659874,1.0342470986386303,False,False,False
ADANIENT,2025-04-16T11:03:00+05:30,2321.7,STOP_LOSS,30,-2.0,-2.18,1.576779890902155,3.1973592232178163,True,True,True
ADANIENT,2025-04-24T11:28:00+05:30,2362.6,STOP_LOSS,3,-2.0,-2.18,0.6791934714827028,1.4338528842410136,True,True,False
ADANIENT,2025-04-25T09:38:00+05:30,2344.2,STOP_LOSS,3,-2.0,-2.18,0.12426970733081733,1.2054161611089054,False,False,False
ADANIENT,2025-04-25T09:58:00+05:30,2309.3,STOP_LOSS,3,-2.0,-2.18,0.0,1.8279141333683624,False,False,False
ADANIENT,2025-04-29T12:00:00+05:30,2273.7,STOP_LOSS,1,-2.0,-2.18,0.0,1.187520129997299,False,False,False
ADANIENT,2025-04-29T13:17:00+05:30,2266.5,TIME_HORIZON,40,0.254056171971655,0.07405617197165498,1.9371783112833998,0.8256825589076621,True,True,True
ADANIENT,2025-04-30T15:29:00+05:30,2220.4,VWAP_Z_TARGET,2,27.285956836421043,27.105956836421043,17.57608931355049,0.2949833171505648,True,True,True
ADANIENT,2025-05-06T11:26:00+05:30,2315.1,STOP_LOSS,8,-2.0,-2.18,0.6288888580318602,1.1948888302604488,True,True,False
ADANIENT,2025-05-08T13:34:00+05:30,2243.3,STOP_LOSS,4,-2.0,-2.18,0.5762790839852098,1.3910184785851636,True,True,False
ADANIENT,2025-05-08T14:53:00+05:30,2215.1,STOP_LOSS,2,-2.0,-2.18,0.49765264275538124,1.6114466527317157,True,False,False
ADANIENT,2025-05-09T09:17:00+05:30,2183.0,STOP_LOSS,41,-2.0,-2.18,2.121420712414084,1.0555861515877123,True,True,True
ADANIENT,2025-05-15T09:46:00+05:30,2377.8,VWAP_Z_TARGET,27,5.22562708201348,5.04562708201348,2.7216807718820895,0.3447462311050812,True,True,True
ADANIENT,2025-05-20T12:58:00+05:30,2444.4,STOP_LOSS,2,-2.0,-2.18,0.684853961979761,1.3269045513358235,True,True,False
ADANIENT,2025-05-22T12:25:00+05:30,2409.8,STOP_LOSS,22,-2.0,-2.18,2.424393794324007,1.63646581116887,True,True,True
ADANIENT,2025-05-22T14:21:00+05:30,2394.0,STOP_LOSS,7,-2.0,-2.18,0.6351064574361884,1.043389180073753,True,True,False
ADANIENT,2025-05-27T09:17:00+05:30,2462.6,STOP_LOSS,21,-2.0,-2.18,2.2613159907055485,1.3329862682053544,True,True,True
ADANIENT,2025-05-28T13:50:00+05:30,2436.0,TIME_HORIZON,40,3.989140271493334,3.809140271493334,6.121266968325848,0.41266968325785564,True,True,True
ADANIENT,2025-05-29T12:40:00+05:30,2435.2,VWAP_Z_TARGET,12,10.764351452480335,10.584351452480336,5.382175726240168,0.33903469141658055,True,True,True
ADANIENT,2025-06-03T09:17:00+05:30,2405.8,STOP_LOSS,1,-2.0,-2.18,0.0,1.1507640945546833,False,False,False
ADANIENT,2025-06-04T09:36:00+05:30,2383.0,STOP_LOSS,7,-2.0,-2.18,0.5901422975682372,1.526230079917807,True,True,False
ADANIENT,2025-06-11T13:54:00+05:30,2490.0,STOP_LOSS,1,-2.0,-2.18,0.0,1.012822477226934,False,False,False
ADANIENT,2025-06-12T14:09:00+05:30,2471.5,STOP_LOSS,5,-2.0,-2.18,0.7206015248972126,1.4179578393138905,True,True,False
ADANIENT,2025-06-16T09:29:00+05:30,2411.5,STOP_LOSS,2,-2.0,-2.18,0.0,1.0097146192928066,False,False,False
ADANIENT,2025-06-17T11:56:00+05:30,2436.1,STOP_LOSS,5,-2.0,-2.18,0.5819252146053165,1.79426941169923,True,True,False
ADANIENT,2025-06-17T12:57:00+05:30,2414.8,STOP_LOSS,8,-2.0,-2.18,0.6341040496152004,2.23917992520384,True,True,False
ADANIENT,2025-06-18T12:43:00+05:30,2383.2,STOP_LOSS,7,-2.0,-2.18,0.854867047903836,1.5588752050008168,True,True,False
ADANIENT,2025-06-19T11:55:00+05:30,2363.1,STOP_LOSS,3,-2.0,-2.18,0.03631966936472573,1.1985490890369401,False,False,False
ADANIENT,2025-06-19T12:42:00+05:30,2346.3,STOP_LOSS,5,-2.0,-2.18,0.5396677430911276,1.5621960984219843,True,True,False
ADANIENT,2025-07-03T09:20:00+05:30,2538.0,STOP_LOSS,3,-2.0,-2.18,0.7111675903056864,1.1514141938283349,True,True,False
ADANIENT,2025-07-04T11:41:00+05:30,2514.4,STOP_LOSS,2,-2.0,-2.18,0.0,1.1989422711180604,False,False,False
ADANIENT,2025-07-11T09:16:00+05:30,2495.0,VWAP_Z_TARGET,3,8.074477552177902,7.894477552177902,4.210263295064165,0.2883741982920679,True,True,True
ADANIENT,2025-07-11T10:31:00+05:30,2488.4,STOP_LOSS,3,-2.0,-2.18,0.16827645256250084,2.1875938833145514,False,False,False
ADANIENT,2025-07-11T11:06:00+05:30,2481.7,TIME_HORIZON,40,14.91170423320106,14.73170423320106,7.834047513819295,0.9725024499912133,True,True,True
ADANIENT,2025-07-11T15:19:00+05:30,2475.2,STOP_LOSS,12,-2.0,-2.18,3.2864239435507927,1.8822246222153725,True,True,True
ADANIENT,2025-07-22T11:25:00+05:30,2525.7,STOP_LOSS,4,-2.0,-2.18,0.7927900623666042,1.0570534164885053,True,True,False
ADANIENT,2025-07-22T13:12:00+05:30,2521.7,STOP_LOSS,20,-2.0,-2.18,1.030621947323062,1.3987012142239643,True,True,True
ADANIENT,2025-07-22T14:25:00+05:30,2513.9,STOP_LOSS,2,-2.0,-2.18,0.0,2.393911885742084,False,False,False
ADANIENT,2025-07-24T12:00:00+05:30,2522.8,STOP_LOSS,1,-2.0,-2.18,0.0,1.8696318729139552,False,False,False
ADANIENT,2025-07-25T09:48:00+05:30,2512.4,STOP_LOSS,15,-2.0,-2.18,1.4593966763726227,1.2680003909467674,True,True,True
ADANIENT,2025-07-25T10:18:00+05:30,2496.3,STOP_LOSS,5,-2.0,-2.18,0.758361824003849,1.4257202291273188,True,True,False
ADANIENT,2025-07-28T14:03:00+05:30,2444.8,STOP_LOSS,1,-2.0,-2.18,0.4032104393821881,1.444837407786454,True,False,False
ADANIENT,2025-07-30T15:01:00+05:30,2459.1,STOP_LOSS,12,-2.0,-2.18,2.2444978178514705,1.1222489089257353,True,True,True
ADANIENT,2025-07-31T09:16:00+05:30,2433.1,STOP_LOSS,1,-2.0,-2.18,0.0,1.4097222703326637,False,False,False
ADANIENT,2025-08-01T14:21:00+05:30,2310.6,STOP_LOSS,2,-2.0,-2.18,0.0,1.2541178606557288,False,False,False
ADANIENT,2025-08-01T15:09:00+05:30,2286.2,STOP_LOSS,3,-2.0,-2.18,1.051173085818769,1.2614077029824378,True,True,True
ADANIENT,2025-08-05T09:39:00+05:30,2271.3,STOP_LOSS,3,-2.0,-2.18,1.1993482855700441,1.32235836614151,True,True,True
ADANIENT,2025-08-06T10:12:00+05:30,2247.2,STOP_LOSS,24,-2.0,-2.18,4.795174281465961,1.7401842150481182,True,True,True
ADANIENT,2025-08-07T09:21:00+05:30,2214.3,STOP_LOSS,2,-2.0,-2.18,0.19535693878220992,1.0519219780582743,False,False,False
ADANIENT,2025-08-07T11:06:00+05:30,2172.6,TIME_HORIZON,40,0.5455582801980712,0.3655582801980712,2.7618887935020764,0.7160452427597747,True,True,True
ADANIENT,2025-08-21T15:20:00+05:30,2300.8,STOP_LOSS,11,-2.0,-2.18,0.590445517981683,4.098386536579243,True,True,False
ADANIENT,2025-08-22T09:31:00+05:30,2281.3,STOP_LOSS,3,-2.0,-2.18,0.1378194473755915,1.7128988459542787,False,False,False
ADANIENT,2025-08-25T11:41:00+05:30,2244.4,TIME_HORIZON,40,6.434476378070354,6.254476378070354,3.9679270998101,0.9651714567106506,True,True,True
ADANIENT,2025-08-26T09:19:00+05:30,2215.4,STOP_LOSS,2,-2.0,-2.18,0.0,1.444788981187936,False,False,False
ADANIENT,2025-08-29T15:12:00+05:30,2173.5,VWAP_Z_TARGET,19,19.46051492333726,19.28051492333726,11.168226544673834,0.9107137525700059,True,True,True
ADANIENT,2025-09-05T10:14:00+05:30,2203.2,STOP_LOSS,2,-2.0,-2.18,0.10325756565951812,1.9274745589764715,False,False,False
ADANIENT,2025-09-05T11:52:00+05:30,2188.4,STOP_LOSS,9,-2.0,-2.18,0.3406663806851129,1.3626655227402795,True,False,False
ADANIENT,2025-09-09T13:28:00+05:30,2231.8,STOP_LOSS,2,-2.0,-2.18,0.692474989125552,2.8276062055964855,True,True,False
ADANIENT,2025-09-15T13:40:00+05:30,2311.6,STOP_LOSS,2,-2.0,-2.18,0.0,1.8817087470890344,False,False,False
ADANIENT,2025-09-24T14:59:00+05:30,2543.1,STOP_LOSS,1,-2.0,-2.18,0.3408089674298527,1.5336403534339498,True,False,False
ADANIENT,2025-09-25T14:13:00+05:30,2534.0,STOP_LOSS,9,-2.0,-2.18,0.3353937489086933,1.1020080321284702,True,False,False
ADANIENT,2025-09-25T14:42:00+05:30,2518.5,STOP_LOSS,1,-2.0,-2.18,0.4731812837914635,1.0576993402399057,True,False,False
ADANIENT,2025-09-26T14:02:00+05:30,2463.3,STOP_LOSS,23,-2.0,-2.18,2.2316675226140816,1.2339808654455051,True,True,True
ADANIENT,2025-09-29T14:50:00+05:30,2435.3,STOP_LOSS,26,-2.0,-2.18,1.3146072492671599,1.1345240644361174,True,True,True
ADANIENT,2025-10-01T10:35:00+05:30,2410.2,STOP_LOSS,11,-2.0,-2.18,0.35256253013547817,2.644218976015819,True,False,False
ADANIENT,2025-10-06T09:31:00+05:30,2499.4,STOP_LOSS,4,-2.0,-2.18,0.0,1.0535802668983845,False,False,False
ADANIENT,2025-10-07T14:39:00+05:30,2478.8,STOP_LOSS,4,-2.0,-2.18,0.8250270485264919,1.1825387695546885,True,True,False
ADANIENT,2025-10-07T15:04:00+05:30,2469.6,STOP_LOSS,2,-2.0,-2.18,0.0,1.9853997229436011,False,False,False
ADANIENT,2025-10-08T10:58:00+05:30,2436.3,STOP_LOSS,4,-2.0,-2.18,1.9747100256545824,2.0886356040578047,True,True,True
ADANIENT,2025-10-13T09:16:00+05:30,2452.6,STOP_LOSS,1,-2.0,-2.18,0.4608960477502675,2.280222552027552,True,False,False
ADANIENT,2025-10-14T10:04:00+05:30,2438.3,STOP_LOSS,13,-2.0,-2.18,1.3235143103283327,1.4037272988331961,True,True,True
ADANIENT,2025-10-14T10:39:00+05:30,2432.8,STOP_LOSS,23,-2.0,-2.18,2.95712137358085,1.0627154936307626,True,True,True
ADANIENT,2025-10-17T10:22:00+05:30,2471.9,STOP_LOSS,2,-2.0,-2.18,0.3593951014159823,1.3862382483192892,True,False,False
ADANIENT,2025-10-20T14:30:00+05:30,2460.6,TIME_HORIZON,40,6.888058329218792,6.708058329218792,3.7380316542710874,0.3780032009937398,True,True,True
ADANIENT,2025-10-23T15:06:00+05:30,2470.8,STOP_LOSS,2,-2.0,-2.18,0.0,1.0735939859553043,False,False,False
ADANIENT,2025-10-24T11:23:00+05:30,2436.0,STOP_LOSS,8,-2.0,-2.18,0.5449407161767621,1.1317999489822712,True,True,False
ADANIENT,2025-10-27T10:42:00+05:30,2417.1,TIME_HORIZON,40,2.9348983732720555,2.7548983732720553,1.6421455183784006,0.6638460606210488,True,True,True
ADANIENT,2025-10-27T12:32:00+05:30,2412.2,TIME_HORIZON,40,4.897374080522101,4.717374080522101,3.7511801467828105,0.05209972426082301,True,True,True
ADANIENT,2025-10-28T14:30:00+05:30,2406.4,STOP_LOSS,21,-2.0,-2.18,3.2867192741785654,1.4663824454027905,True,True,True
ADANIENT,2025-10-30T10:02:00+05:30,2445.4,TIME_HORIZON,40,6.6083632722166685,6.428363272216669,5.582927592045117,0.06836237867814492,True,True,True
ADANIENT,2025-10-31T10:59:00+05:30,2421.1,TIME_HORIZON,40,6.556722389548399,6.376722389548399,4.664060256482812,0.30417784281412313,True,True,True
ADANIENT,2025-10-31T15:03:00+05:30,2413.4,STOP_LOSS,2,-2.0,-2.18,0.0,1.353519898836849,False,False,False
ADANIENT,2025-11-04T10:51:00+05:30,2379.9,STOP_LOSS,5,-2.0,-2.18,0.3525653877974134,1.3808811022068255,True,False,False
ADANIENT,2025-11-06T10:10:00+05:30,2297.7,STOP_LOSS,3,-2.0,-2.18,0.27828784260644535,2.3932754464154047,True,False,False
ADANIENT,2025-11-18T15:02:00+05:30,2435.5,STOP_LOSS,29,-2.0,-2.18,6.13664007581094,5.355613157071315,True,True,True
ADANIENT,2025-11-19T10:29:00+05:30,2426.0,STOP_LOSS,11,-2.0,-2.18,1.828673837936817,1.406672183028288,True,True,True
ADANIENT,2025-11-21T10:02:00+05:30,2439.2,STOP_LOSS,9,-2.0,-2.18,1.3418915549418389,1.2199014135834227,True,True,True
ADANIENT,2025-11-21T14:52:00+05:30,2424.7,STOP_LOSS,4,-2.0,-2.18,0.0,1.5519385438386997,False,False,False
ADANIENT,2025-11-24T11:54:00+05:30,2412.2,STOP_LOSS,38,-2.0,-2.18,2.5182482892625093,2.5182482892622304,True,True,True
ADANIENT,2025-11-24T14:28:00+05:30,2410.0,STOP_LOSS,4,-2.0,-2.18,0.0,1.1672694289638241,False,False,False
ADANIENT,2025-11-24T15:01:00+05:30,2395.8,STOP_LOSS,2,-2.0,-2.18,0.15608504213531746,1.3527370318408376,False,False,False
ADANIENT,2025-11-25T09:23:00+05:30,2375.9,TIME_HORIZON,40,-0.6169397421984758,-0.7969397421984759,1.531332574385413,0.9804935188510954,True,True,True
ADANIENT,2025-11-25T15:12:00+05:30,2334.7,STOP_LOSS,3,-2.0,-2.18,0.3267072695598009,1.102637034764003,True,False,False
ADANIENT,2025-11-26T14:19:00+05:30,2325.9,STOP_LOSS,21,-2.0,-2.18,0.6339696264138266,1.0698237445735013,True,True,False
ADANIENT,2025-11-26T15:11:00+05:30,2316.6,STOP_LOSS,6,-2.0,-2.18,0.30657106847083887,2.145997479295349,True,False,False
ADANIENT,2025-11-27T15:11:00+05:30,2261.0,STOP_LOSS,3,-2.0,-2.18,0.13395229762139105,1.0046422321602044,False,False,False
ADANIENT,2025-12-02T14:37:00+05:30,2233.2,TIME_HORIZON,40,9.65815408135585,9.47815408135585,8.38381430673219,0.6707051445385752,True,True,True
ADANIENT,2025-12-03T10:41:00+05:30,2219.4,STOP_LOSS,35,-2.0,-2.18,2.329945818436812,1.2748760138617574,True,True,True
ADANIENT,2025-12-03T14:43:00+05:30,2175.1,STOP_LOSS,9,-2.0,-2.18,1.0976803456620288,1.4469422738270856,True,True,True
ADANIENT,2025-12-08T12:14:00+05:30,2237.0,STOP_LOSS,6,-2.0,-2.18,1.1341659935427721,1.3468221173321828,True,True,True
ADANIENT,2025-12-16T09:31:00+05:30,2258.6,STOP_LOSS,6,-2.0,-2.18,0.19594203329851137,1.7417069626532582,False,False,False
ADANIENT,2025-12-18T09:42:00+05:30,2216.8,STOP_LOSS,4,-2.0,-2.18,0.22032757922986348,1.5790143178143277,False,False,False
ADANIENT,2025-12-23T11:41:00+05:30,2258.5,TIME_HORIZON,40,2.6498361057672306,2.4698361057672304,3.798098418266525,0.9716065721145709,True,True,True
ADANIENT,2025-12-23T12:53:00+05:30,2254.6,STOP_LOSS,12,-2.0,-2.18,1.790881464343908,3.1684825907623466,True,True,True
ADANIENT,2025-12-23T14:45:00+05:30,2247.2,STOP_LOSS,35,-2.0,-2.18,4.931124682795634,1.0900380877758298,True,True,True
ADANIENT,2025-12-24T11:53:00+05:30,2240.0,TIME_HORIZON,40,1.3609820285799763,1.1809820285799764,2.512582206608931,0.5234546263768407,True,True,True
ADANIENT,2025-12-24T14:06:00+05:30,2231.0,STOP_LOSS,15,-2.0,-2.18,1.3592422033641856,2.337896589786498,True,True,True
ADANIENT,2025-12-24T14:45:00+05:30,2222.7,STOP_LOSS,34,-2.0,-2.18,3.9813628782987336,1.363480437773505,True,True,True
ADANIENT,2025-12-29T12:08:00+05:30,2216.1,STOP_LOSS,20,-2.0,-2.18,1.074489208916881,1.6400098451888965,True,True,True
ADANIENT,2025-12-29T14:16:00+05:30,2206.0,STOP_LOSS,2,-2.0,-2.18,0.2467306015693602,1.9738448125543204,False,False,False
ADANIENT,2026-01-06T10:59:00+05:30,2266.0,STOP_LOSS,3,-2.0,-2.18,0.6862139493068641,1.568489026986927,True,True,False
ADANIENT,2026-01-06T13:53:00+05:30,2260.4,STOP_LOSS,9,-2.0,-2.18,0.11093703699480569,1.1093703699490658,False,False,False
ADANIENT,2026-01-08T09:33:00+05:30,2250.6,TIME_HORIZON,40,1.50097682136634,1.32097682136634,4.347656999819654,0.02587891071318841,True,True,True
ADANIENT,2026-01-08T11:18:00+05:30,2231.6,STOP_LOSS,3,-2.0,-2.18,0.042169912255701485,2.2350053495540965,False,False,False
ADANIENT,2026-01-08T11:53:00+05:30,2221.3,STOP_LOSS,5,-2.0,-2.18,0.7022637668976424,1.5322118550495865,True,True,False
ADANIENT,2026-01-09T09:33:00+05:30,2180.1,STOP_LOSS,5,-2.0,-2.18,0.11473323593072848,1.2875618698891445,False,False,False
ADANIENT,2026-01-12T09:29:00+05:30,2124.1,TIME_HORIZON,40,7.923595157499988,7.743595157499988,4.028494507685179,0.38684218782408203,True,True,True
ADANIENT,2026-01-13T14:05:00+05:30,2152.0,STOP_LOSS,2,-2.0,-2.18,0.0,1.5907268786550899,False,False,False
ADANIENT,2026-01-14T14:25:00+05:30,2142.6,VWAP_Z_TARGET,22,12.18834175035753,12.00834175035753,6.094170875178765,0.24874166837460115,True,True,True
ADANIENT,2026-01-20T09:32:00+05:30,2113.0,STOP_LOSS,8,-2.0,-2.18,1.1144077566721395,1.4230129815967631,True,True,True
ADANIENT,2026-01-20T15:08:00+05:30,2061.7,STOP_LOSS,4,-2.0,-2.18,0.38888721096333745,1.4777714016606351,True,False,False
ADANIENT,2026-01-23T09:16:00+05:30,2058.0,VWAP_Z_TARGET,32,5.57391281872629,5.393912818726291,3.047419625191475,0.45581062769957786,True,True,True
ADANIENT,2026-01-23T10:55:00+05:30,2063.1,TIME_HORIZON,40,-1.6358637835495144,-1.8158637835495144,2.8313027022973354,0.9752264863468314,True,True,True
ADANIENT,2026-01-23T13:16:00+05:30,1939.5,STOP_LOSS,1,-2.0,-2.18,0.14354959046750088,1.7738627964911409,False,False,False
ADANIENT,2026-01-29T10:16:00+05:30,1981.1,STOP_LOSS,3,-2.0,-2.18,0.23851843491756025,1.6696290444227668,False,False,False
ADANIENT,2026-01-29T12:19:00+05:30,1972.4,TIME_HORIZON,40,6.293717642858249,6.11371764285825,3.3566494095243997,0.16783247047625816,True,True,True
ADANIENT,2026-02-01T09:16:00+05:30,1989.4,TIME_HORIZON,40,2.2620372114666965,2.0820372114666963,2.1249440471354006,0.7083146823784755,True,True,True
ADANIENT,2026-02-01T12:24:00+05:30,1983.9,STOP_LOSS,4,-2.0,-2.18,0.39862986758151453,1.1693142782391133,True,False,False
ADANIENT,2026-02-01T14:52:00+05:30,1953.1,STOP_LOSS,2,-2.0,-2.18,0.09907519135774547,1.0898271049349184,False,False,False
ADANIENT,2026-02-06T12:43:00+05:30,2210.9,STOP_LOSS,13,-2.0,-2.18,1.3833825296305915,1.2546957826883198,True,True,True
ADANIENT,2026-02-10T09:32:00+05:30,2240.4,STOP_LOSS,24,-2.0,-2.18,2.724048957895654,1.414010146083288,True,True,True
ADANIENT,2026-02-10T10:39:00+05:30,2213.5,STOP_LOSS,2,-2.0,-2.18,1.4788237391062744,3.1689080123705877,True,True,True
ADANIENT,2026-02-12T11:21:00+05:30,2204.0,TIME_HORIZON,40,2.10684177346525,1.9268417734652499,1.9447770216603726,0.7292913831226857,True,True,True
ADANIENT,2026-02-13T09:16:00+05:30,2194.0,STOP_LOSS,1,-2.0,-2.18,0.0,1.5979096544108446,False,False,False
ADANIENT,2026-02-13T15:26:00+05:30,2131.1,STOP_LOSS,1,-2.0,-2.18,0.0,1.240654434458252,False,False,False
ADANIENT,2026-02-19T10:17:00+05:30,2188.0,STOP_LOSS,18,-2.0,-2.18,2.5627610564866705,1.8485489587773363,True,True,True
ADANIENT,2026-02-20T10:15:00+05:30,2153.4,VWAP_Z_TARGET,30,7.052254605714786,6.872254605714787,3.5567892794039513,0.21463383582618586,True,True,True
ADANIENT,2026-02-24T13:33:00+05:30,2164.4,STOP_LOSS,5,-2.0,-2.18,0.7934421373939337,1.0909829389168562,True,True,False
ADANIENT,2026-02-26T14:07:00+05:30,2200.7,TIME_HORIZON,40,14.104738453184668,13.924738453184668,8.365569013613108,0.29182217489343165,True,True,True
ADANIENT,2026-02-27T11:35:00+05:30,2189.0,STOP_LOSS,2,-2.0,-2.18,1.0901629594384223,1.7955625214282986,True,True,True
ADANIENT,2026-02-27T15:03:00+05:30,2168.0,STOP_LOSS,4,-2.0,-2.18,0.051679264636329963,1.2575287728166313,False,False,False
ADANIENT,2026-03-04T09:16:00+05:30,2064.1,STOP_LOSS,1,-2.0,-2.18,0.09197235513025862,1.0219150570027702,False,False,False
ADANIENT,2026-03-06T14:59:00+05:30,2046.7,STOP_LOSS,3,-2.0,-2.18,0.19587478419914503,1.1507643571700537,False,False,False
ADANIENT,2026-03-09T09:18:00+05:30,1964.7,TIME_HORIZON,40,0.3331663116541757,0.1531663116541757,0.22437731193036636,0.7479243731012315,False,False,False
ADANIENT,2026-03-11T13:11:00+05:30,1981.4,STOP_LOSS,4,-2.0,-2.18,0.27176002685739115,1.1323334452393015,True,False,False
ADANIENT,2026-03-12T09:16:00+05:30,1952.7,VWAP_Z_TARGET,36,8.78984511303133,8.60984511303133,4.394922556515665,0.9183420267346404,True,True,True
ADANIENT,2026-03-17T11:27:00+05:30,1953.2,STOP_LOSS,8,-2.0,-2.18,0.5328697122830159,1.0276773022602195,True,True,False
ADANIENT,2026-03-19T09:16:00+05:30,1975.4,STOP_LOSS,1,-2.0,-2.18,0.13593044204010707,1.3457113761970723,False,False,False
ADANIENT,2026-03-20T15:20:00+05:30,1922.7,STOP_LOSS,6,-2.0,-2.18,2.5983695474202144,1.1023385958752399,True,True,True
ADANIENT,2026-03-23T09:54:00+05:30,1870.3,STOP_LOSS,2,-2.0,-2.18,0.15861975002334006,1.08390162515922,False,False,False
ADANIENT,2026-03-23T10:17:00+05:30,1852.8,STOP_LOSS,12,-2.0,-2.18,0.8686403826240465,1.5554723130709927,True,True,False
ADANIENT,2026-03-27T09:19:00+05:30,1858.2,TIME_HORIZON,40,-1.4605772275321296,-1.6405772275321295,2.5560101481811515,0.9460557041969355,True,True,True
ADANIENT,2026-03-30T09:16:00+05:30,1801.3,STOP_LOSS,1,-2.0,-2.18,0.24332690036197577,1.0746938099320098,False,False,False
ADANIENT,2026-03-30T11:12:00+05:30,1784.6,STOP_LOSS,4,-2.0,-2.18,0.6610855946913177,1.013664578526667,True,True,False
ADANIENT,2026-03-30T14:35:00+05:30,1760.6,STOP_LOSS,20,-2.0,-2.18,0.6238388754589564,1.0248781525396273,True,True,False
ADANIENT,2026-04-02T09:16:00+05:30,1783.0,STOP_LOSS,15,-2.0,-2.18,1.1194590284962322,1.1194590284962322,True,True,True
ADANIENT,2026-04-13T09:16:00+05:30,2025.2,VWAP_Z_TARGET,13,5.025318691883736,4.845318691883736,2.7024025002120613,0.6554763511152744,True,True,True
ADANIENT,2026-04-15T15:26:00+05:30,2139.8,STOP_LOSS,4,-2.0,-2.18,0.3717981229478721,1.1773607226684966,True,False,False
ADANIENT,2026-04-30T09:56:00+05:30,2364.3,STOP_LOSS,2,-2.0,-2.18,0.218021115443435,1.1446108560782402,False,False,False
ADANIENT,2026-05-07T15:06:00+05:30,2513.9,STOP_LOSS,2,-2.0,-2.18,0.042006955088059905,1.6382712484358646,False,False,False
ADANIENT,2026-05-08T12:47:00+05:30,2508.1,TIME_HORIZON,40,5.324967736508576,5.144967736508576,5.978029817400977,0.8037687149446174,True,True,True
ADANIENT,2026-05-11T09:16:00+05:30,2482.7,STOP_LOSS,18,-2.0,-2.18,1.4496530526863323,2.072644447229124,True,True,True
ADANIENT,2026-05-18T10:50:00+05:30,2656.3,TIME_HORIZON,40,8.124724423692111,7.9447244236921115,5.049170846302594,0.0,True,True,True
ADANIENT,2026-05-19T15:25:00+05:30,2713.0,STOP_LOSS,6,-2.0,-2.18,0.3719631082572608,2.8269196227552045,True,False,False
ADANIENT,2026-05-29T09:53:00+05:30,2945.0,STOP_LOSS,5,-2.0,-2.18,0.4919032203605894,1.0638837091519482,True,False,False
ADANIENT,2026-05-29T10:45:00+05:30,2932.8,TIME_HORIZON,40,9.046941518236283,8.866941518236283,9.076125200553147,0.7004083756054161,True,True,True
ADANIENT,2026-06-02T10:54:00+05:30,2882.9,STOP_LOSS,35,-2.0,-2.18,2.889779260284747,1.0646555169470537,True,True,True
ADANIENT,2026-06-08T14:26:00+05:30,2987.9,STOP_LOSS,38,-2.0,-2.18,3.817141201188138,2.9660218793016484,True,True,True
ADANIENT,2026-06-10T09:21:00+05:30,2943.5,VWAP_Z_TARGET,29,4.612905928174922,4.432905928174923,2.417504403099095,0.597969286985638,True,True,True
ADANIENT,2026-06-10T14:44:00+05:30,2947.4,STOP_LOSS,2,-2.0,-2.18,0.30965188908903707,1.1147468007205523,True,False,False
ADANIENT,2026-06-10T15:06:00+05:30,2928.2,STOP_LOSS,8,-2.0,-2.18,0.9358951182241187,1.346775901834505,True,True,False
ADANIENT,2026-06-11T14:48:00+05:30,2906.8,STOP_LOSS,21,-2.0,-2.18,2.2908053617786077,1.5015362875524456,True,True,True
ADANIENT,2026-06-23T11:47:00+05:30,3010.2,STOP_LOSS,2,-2.0,-2.18,0.7296412815506432,1.1420472232965397,True,True,False
ADANIENT,2026-06-25T14:11:00+05:30,3038.0,STOP_LOSS,33,-2.0,-2.18,3.9967621142293512,1.7632774033364902,True,True,True
ADANIENT,2026-06-29T09:17:00+05:30,3001.4,STOP_LOSS,9,-2.0,-2.18,1.1019567234103236,1.2735729344332538,True,True,True
ADANIENT,2026-07-03T09:16:00+05:30,3142.0,STOP_LOSS,2,-2.0,-2.18,0.5679730451949041,1.4838295805716935,True,True,False
ADANIENT,2026-07-07T09:24:00+05:30,3188.1,STOP_LOSS,36,-2.0,-2.18,0.7266093279293068,1.1311986127989961,True,True,False
ADANIENT,2026-07-07T10:15:00+05:30,3150.1,STOP_LOSS,2,-2.0,-2.18,0.015679021813657486,1.4581490286714298,False,False,False
ADANIENT,2026-07-07T14:49:00+05:30,3114.0,STOP_LOSS,12,-2.0,-2.18,1.6305506303378239,2.1034103131358077,True,True,True
ADANIENT,2026-07-07T15:17:00+05:30,3102.0,STOP_LOSS,2,-2.0,-2.18,0.36722340328660663,1.188075716515619,True,False,False
ADANIENT,2026-07-08T13:52:00+05:30,3091.4,STOP_LOSS,4,-2.0,-2.18,0.6072751821855438,1.351677018413042,True,True,False
ADANIENT,2026-07-08T14:11:00+05:30,3052.5,STOP_LOSS,15,-2.0,-2.18,0.814929287135689,1.0412985335622693,True,True,False
ADANIENT,2026-07-14T09:21:00+05:30,3148.3,TIME_HORIZON,40,2.5313620375151733,2.351362037515173,2.352256232974004,0.0,True,True,True
ADANIENT,2026-07-15T11:51:00+05:30,3166.0,TIME_HORIZON,40,0.3809390239700721,0.20093902397007213,1.690416918866789,0.47617377996248184,True,True,True
ADANIENT,2026-07-15T12:57:00+05:30,3149.4,STOP_LOSS,1,-2.0,-2.18,1.1733283143418645,1.042958501637328,True,True,True
ADANIENT,2026-07-20T09:46:00+05:30,3138.9,VWAP_Z_TARGET,15,6.776659848907555,6.596659848907556,3.5540634533672097,0.38671156746481467,True,True,True
ADANIENT,2026-07-21T15:13:00+05:30,3183.0,STOP_LOSS,10,-2.0,-2.18,0.7939920872649067,3.2394877160407614,True,True,False
ADANIENT,2026-07-22T14:25:00+05:30,3146.5,TIME_HORIZON,40,-0.3580591633196319,-0.5380591633196319,1.360624820614612,0.8951479082990798,True,True,True
ADANIENT,2026-07-23T09:16:00+05:30,3128.5,STOP_LOSS,1,-2.0,-2.18,0.28971960865047724,1.3713394809455748,True,False,False
ADANIENT,2026-07-23T09:36:00+05:30,3107.4,STOP_LOSS,1,-2.0,-2.18,0.16350394527526416,1.053692091773851,False,False,False
ADANIENT,2026-07-28T09:18:00+05:30,3005.0,STOP_LOSS,41,-2.0,-2.18,1.5565238349099382,1.1414508122673115,True,True,True
ADANIENT,2026-07-29T11:11:00+05:30,2987.8,STOP_LOSS,4,-2.0,-2.18,1.0108245739342117,2.312644100970784,True,True,True
ADANIENT,2026-07-31T11:40:00+05:30,3015.2,STOP_LOSS,8,-2.0,-2.18,0.8867297654878221,1.1823063539836507,True,True,False
ADANIENT,2026-08-04T11:28:00+05:30,3052.3,STOP_LOSS,17,-2.0,-2.18,1.2725776402286428,2.654233363905521,True,True,True
ADANIENT,2026-08-07T14:07:00+05:30,3015.0,STOP_LOSS,2,-2.0,-2.18,0.3731133877886731,1.599057376237586,True,False,False
ADANIENT,2026-08-07T14:57:00+05:30,3012.0,STOP_LOSS,3,-2.0,-2.18,0.9394492944484237,1.617940451549852,True,True,False
ADANIENT,2026-08-10T09:59:00+05:30,2990.2,STOP_LOSS,2,-2.0,-2.18,0.7758693234521632,1.978466774802981,True,True,False
ADANIENT,2026-08-11T14:07:00+05:30,2994.5,STOP_LOSS,1,-2.0,-2.18,0.5341137334527303,1.468812766995312,True,True,False
ADANIENT,2026-08-13T10:12:00+05:30,2940.1,STOP_LOSS,13,-2.0,-2.18,1.3301255554902265,1.1603222930871258,True,True,True
ADANIENT,2026-08-19T09:15:00+05:30,3012.7,STOP_LOSS,1,-2.0,-2.18,0.3932243186208845,3.211331935403526,True,False,False
ADANIENT,2026-08-19T09:36:00+05:30,2988.0,VWAP_Z_TARGET,28,10.462040470321416,10.282040470321416,5.709916453872585,0.31312445069620504,True,True,True
ADANIENT,2026-08-19T10:30:00+05:30,2988.9,STOP_LOSS,4,-2.0,-2.18,1.0155909195324606,1.0438017784084657,True,True,True
ADANIENT,2026-08-24T11:23:00+05:30,2977.6,TIME_HORIZON,40,2.0849429454416017,1.9049429454416018,2.1776070763501383,0.5791508181782227,True,True,True
ADANIPORTS,2023-07-07T09:16:00+05:30,735.4,STOP_LOSS,3,-2.0,-2.18,0.7012086995323956,1.441373437927756,True,True,False
ADANIPORTS,2023-07-07T10:43:00+05:30,730.95,STOP_LOSS,2,-2.0,-2.18,0.0,2.7480304338285912,False,False,False
ADANIPORTS,2023-07-12T10:21:00+05:30,724.5,TIME_HORIZON,40,9.847903647901573,9.667903647901573,5.064636161777984,0.633079520222308,True,True,True
ADANIPORTS,2023-07-12T12:02:00+05:30,723.0,STOP_LOSS,2,-2.0,-2.18,0.38436766447916343,1.2812255482640722,True,False,False
ADANIPORTS,2023-07-13T14:02:00+05:30,717.45,STOP_LOSS,8,-2.0,-2.18,1.7015410535563325,1.1148027592266683,True,True,True
ADANIPORTS,2023-09-26T13:01:00+05:30,819.5,TIME_HORIZON,40,5.586820924700292,5.406820924700292,4.992478273136436,0.594342651563855,True,True,True
ADANIPORTS,2023-10-09T09:16:00+05:30,808.9,STOP_LOSS,10,-2.0,-2.18,0.46537493238690225,1.1676680121707692,True,False,False
ADANIPORTS,2023-10-13T09:51:00+05:30,809.7,STOP_LOSS,2,-2.0,-2.18,0.3507702266170388,2.0607750813752403,True,False,False
ADANIPORTS,2023-10-23T10:10:00+05:30,783.65,STOP_LOSS,7,-2.0,-2.18,1.6750004863877317,1.2664637823906446,True,True,True
ADANIPORTS,2023-11-01T11:36:00+05:30,778.4,STOP_LOSS,33,-2.0,-2.18,2.7440233636048017,1.0590967368299369,True,True,True
ADANIPORTS,2023-11-07T12:38:00+05:30,796.7,TIME_HORIZON,40,6.3666939070514,6.1866939070514,5.911930056547747,0.2273819252518911,True,True,True
ADANIPORTS,2023-11-09T14:21:00+05:30,802.2,STOP_LOSS,6,-2.0,-2.18,0.35099917865935726,1.0279261660738543,True,False,False
ADANIPORTS,2023-11-20T14:19:00+05:30,801.3,TIME_HORIZON,40,5.533820740571825,5.353820740571825,4.358831405244821,0.0,True,True,True
ADANIPORTS,2023-11-22T10:25:00+05:30,796.0,STOP_LOSS,2,-2.0,-2.18,0.5772221795090398,1.7316665385272387,True,True,False
ADANIPORTS,2023-11-30T09:27:00+05:30,828.0,TIME_HORIZON,40,1.122489345649573,0.9424893456495731,2.432060248907408,0.6547854516289175,True,True,True
ADANIPORTS,2023-12-20T13:11:00+05:30,1045.65,STOP_LOSS,4,-2.0,-2.18,0.3145419289919831,1.1323509443711819,True,False,False
ADANIPORTS,2023-12-27T12:18:00+05:30,1022.6,STOP_LOSS,3,-2.0,-2.18,0.8200956516758113,1.0093484943702788,True,True,False
ADANIPORTS,2024-03-20T10:03:00+05:30,1230.8,TIME_HORIZON,40,4.100524185059844,3.920524185059844,4.230699556014156,0.19526305643139297,True,True,True
ADANIPORTS,2024-11-05T09:37:00+05:30,1323.35,STOP_LOSS,3,-2.0,-2.18,0.0668931061874322,1.0129527508378557,False,False,False
ADANIPORTS,2024-11-08T09:17:00+05:30,1341.95,STOP_LOSS,4,-2.0,-2.18,0.42833438451219097,1.062903843048885,True,False,False
ADANIPORTS,2024-11-12T13:18:00+05:30,1332.9,STOP_LOSS,20,-2.0,-2.18,1.884524038168759,1.1430719575778732,True,True,True
ADANIPORTS,2024-11-21T09:16:00+05:30,1160.7,TIME_HORIZON,40,0.0,-0.18,0.0,0.0,False,False,False
ADANIPORTS,2024-12-19T09:16:00+05:30,1198.3,TIME_HORIZON,40,1.5175733940501441,1.3375733940501442,1.5085402190855683,0.9665497212104817,True,True,True
ADANIPORTS,2024-12-27T15:08:00+05:30,1226.0,VWAP_Z_TARGET,24,9.593709063336581,9.413709063336581,5.526414156256618,0.09119495307354102,True,True,True
ADANIPORTS,2025-01-08T09:19:00+05:30,1164.9,STOP_LOSS,2,-2.0,-2.18,0.0,1.1913456721810558,False,False,False
ADANIPORTS,2025-01-24T09:50:00+05:30,1096.5,STOP_LOSS,8,-2.0,-2.18,0.2613432156153538,1.2133792153569207,True,False,False
ADANIPORTS,2025-01-27T09:17:00+05:30,1076.05,TIME_HORIZON,40,2.028513299730331,1.848513299730331,2.5483198327862167,0.5578411574258525,True,True,True
ADANIPORTS,2025-01-30T13:27:00+05:30,1036.55,STOP_LOSS,2,-2.0,-2.18,0.6690300243853539,1.1431109025921815,True,True,False
ADANIPORTS,2025-02-01T13:20:00+05:30,1066.55,TIME_HORIZON,40,9.164667796024712,8.984667796024713,5.0686665051127235,0.7673247800916803,True,True,True
ADANIPORTS,2025-02-28T09:16:00+05:30,1066.2,STOP_LOSS,3,-2.0,-2.18,0.629699427026811,1.4867903138133414,True,True,False
ADANIPORTS,2025-03-12T10:55:00+05:30,1125.2,STOP_LOSS,8,-2.0,-2.18,0.6172429145758828,1.0369680964875505,True,True,False
ADANIPORTS,2025-03-25T10:14:00+05:30,1188.9,STOP_LOSS,2,-2.0,-2.18,0.03321903251140326,1.8768753368960214,False,False,False
ADANIPORTS,2025-04-07T09:16:00+05:30,1079.25,TIME_HORIZON,40,1.2174516708871477,1.0374516708871477,0.8764937982486656,0.6783455057728993,True,True,False
ADANIPORTS,2025-04-25T09:31:00+05:30,1224.0,STOP_LOSS,2,-2.0,-2.18,0.4483639871339869,1.4158862751598909,True,False,False
ADANIPORTS,2025-04-25T09:55:00+05:30,1204.7,STOP_LOSS,3,-2.0,-2.18,0.11770364711537021,1.6772769713946107,False,False,False
ADANIPORTS,2025-04-30T09:16:00+05:30,1206.3,VWAP_Z_TARGET,19,5.744665311251385,5.564665311251385,3.0427252707899406,0.5842032519916354,True,True,True
ADANIPORTS,2025-07-18T09:51:00+05:30,1447.1,STOP_LOSS,22,-2.0,-2.18,2.3901065626690223,2.084986575945251,True,True,True
ADANIPORTS,2025-07-22T13:07:00+05:30,1431.7,STOP_LOSS,16,-2.0,-2.18,1.6973141257807676,1.1572596312141359,True,True,True
ADANIPORTS,2025-07-24T09:41:00+05:30,1413.5,STOP_LOSS,13,-2.0,-2.18,1.3830615556419594,1.2101788611866162,True,True,True
ADANIPORTS,2025-07-25T10:20:00+05:30,1403.0,STOP_LOSS,13,-2.0,-2.18,1.2294935606276614,1.297798758440404,True,True,True
ADANIPORTS,2025-07-31T09:18:00+05:30,1385.2,TIME_HORIZON,40,0.2678685092047324,0.08786850920473238,1.607211055228648,0.20090138190360005,True,True,True
ADANIPORTS,2025-08-07T09:17:00+05:30,1353.1,STOP_LOSS,5,-2.0,-2.18,0.3991737642862524,1.2605487293249473,True,False,False
ADANIPORTS,2025-08-21T12:28:00+05:30,1362.0,STOP_LOSS,1,-2.0,-2.18,0.0,1.5172663826702748,False,False,False
ADANIPORTS,2025-08-22T09:26:00+05:30,1347.6,TIME_HORIZON,40,3.9636086660767136,3.7836086660767134,2.4882654403704216,0.5064611073320145,True,True,True
ADANIPORTS,2025-08-26T09:23:00+05:30,1325.6,STOP_LOSS,15,-2.0,-2.18,0.09281001371799799,1.0394721536415605,False,False,False
ADANIPORTS,2025-10-06T09:31:00+05:30,1405.6,TIME_HORIZON,40,-1.4169259401326582,-1.596925940132658,0.8174572731534852,0.8447058489252433,True,True,False
ADANIPORTS,2025-10-08T10:58:00+05:30,1392.8,STOP_LOSS,4,-2.0,-2.18,0.3263882269963922,1.5231450593161258,True,False,False
ADANIPORTS,2025-10-13T09:17:00+05:30,1396.8,TIME_HORIZON,40,5.597356471376581,5.417356471376581,3.0276610004264466,0.07632758824603272,True,True,True
ADANIPORTS,2025-11-03T09:17:00+05:30,1437.9,VWAP_Z_TARGET,30,5.888059293021912,5.708059293021912,2.944029646510956,0.6326014116470202,True,True,True
ADANIPORTS,2025-11-18T10:36:00+05:30,1499.0,STOP_LOSS,2,-2.0,-2.18,1.161139729873061,4.063989054555714,True,True,True
ADANIPORTS,2025-11-21T09:17:00+05:30,1477.0,TIME_HORIZON,40,-0.4391967376975746,-0.6191967376975747,1.7567869507902985,0.570955759006827,True,True,True
ADANIPORTS,2025-12-29T09:16:00+05:30,1475.1,STOP_LOSS,15,-2.0,-2.18,1.5728293569338085,1.123449540666985,True,True,True
ADANIPORTS,2026-01-05T10:05:00+05:30,1479.5,TIME_HORIZON,40,13.39020429312524,13.21020429312524,8.264266712163211,0.41844388416025297,True,True,True
ADANIPORTS,2026-01-12T09:25:00+05:30,1418.9,STOP_LOSS,5,-2.0,-2.18,0.16374613248557254,1.0234133280348865,False,False,False
ADANIPORTS,2026-01-23T12:59:00+05:30,1357.0,STOP_LOSS,2,-2.0,-2.18,0.10501017713977066,1.2251187332975102,False,False,False
ADANIPORTS,2026-02-01T12:31:00+05:30,1375.3,TIME_HORIZON,40,2.0181281298721103,1.8381281298721104,2.0493362968288906,0.9986613426171127,True,True,True
ADANIPORTS,2026-02-10T09:56:00+05:30,1553.5,STOP_LOSS,16,-2.0,-2.18,1.7356909784032175,1.3637571973167801,True,True,True
ADANIPORTS,2026-02-16T09:17:00+05:30,1497.2,TIME_HORIZON,40,1.4700716997951,1.2900716997951,0.9385842390999434,0.20354838920239332,True,True,False
ADANIPORTS,2026-03-09T09:16:00+05:30,1425.8,TIME_HORIZON,40,0.9083364321887442,0.7283364321887442,0.4603056244199661,0.945160882142322,True,False,False
ADANIPORTS,2026-03-27T09:37:00+05:30,1352.6,STOP_LOSS,22,-2.0,-2.18,2.064085947470474,1.2099814174826051,True,True,True
ADANIPORTS,2026-03-30T09:16:00+05:30,1314.8,TIME_HORIZON,40,5.680303658488918,5.500303658488918,4.070281283949053,0.01809013903975712,True,True,True
ADANIPORTS,2026-04-02T09:16:00+05:30,1336.2,TIME_HORIZON,40,0.7600108373516465,0.5800108373516466,1.4918731251717128,0.5066738915677751,True,True,True
ADANIPORTS,2026-04-09T09:16:00+05:30,1422.4,TIME_HORIZON,40,3.0935914204419133,2.913591420441913,2.471981929418567,0.6360655256983613,True,True,True
ADANIPORTS,2026-04-13T09:16:00+05:30,1432.1,TIME_HORIZON,40,4.639340046697357,4.459340046697357,2.5548439427665213,0.972764848501047,True,True,True
ADANIPORTS,2026-04-23T09:16:00+05:30,1573.2,STOP_LOSS,1,-2.0,-2.18,0.02084469064920164,1.3549048921993387,False,False,False
ADANIPORTS,2026-04-30T09:16:00+05:30,1630.2,STOP_LOSS,37,-2.0,-2.18,0.7144081284308248,1.2275745305431278,True,True,False
ADANIPORTS,2026-07-08T13:56:00+05:30,1810.8,STOP_LOSS,3,-2.0,-2.18,1.0652528902676297,1.8261478118873569,True,True,True
ADANIPORTS,2026-07-22T09:29:00+05:30,1827.8,TIME_HORIZON,40,1.7013340844291291,1.5213340844291292,1.6843207435848533,0.9867737689688871,True,True,True
ADANIPORTS,2026-07-29T10:16:00+05:30,1754.2,STOP_LOSS,35,-2.0,-2.18,4.011242452472664,2.904692810411294,True,True,True
ADANIPORTS,2026-08-11T11:26:00+05:30,1670.9,STOP_LOSS,4,-2.0,-2.18,0.17166937238779814,1.430578103231868,False,False,False
APOLLOHOSP,2023-07-07T15:03:00+05:30,5160.0,STOP_LOSS,6,-2.0,-2.18,1.1637637848542735,1.8262139393098047,True,True,True
APOLLOHOSP,2023-07-12T11:40:00+05:30,5216.0,STOP_LOSS,2,-2.0,-2.18,0.0157703871061482,1.5612683235029345,False,False,False
APOLLOHOSP,2023-07-14T09:26:00+05:30,5118.6,STOP_LOSS,15,-2.0,-2.18,0.6296721943330283,1.2344889073108651,True,True,False
APOLLOHOSP,2023-07-18T10:37:00+05:30,5192.0,STOP_LOSS,1,-2.0,-2.18,0.0,1.6322698750486702,False,False,False
APOLLOHOSP,2023-07-24T09:16:00+05:30,5173.0,TIME_HORIZON,40,5.691413178275527,5.511413178275527,3.749741702744963,0.0,True,True,True
APOLLOHOSP,2023-07-24T15:12:00+05:30,5187.25,STOP_LOSS,5,-2.0,-2.18,0.5610617484697524,1.8328017116678579,True,True,False
APOLLOHOSP,2023-07-25T11:17:00+05:30,5175.0,VWAP_Z_TARGET,34,10.923935087201972,10.743935087201972,5.774767446979062,0.0,True,True,True
APOLLOHOSP,2023-07-26T09:17:00+05:30,5175.3,STOP_LOSS,4,-2.0,-2.18,0.18115901879718924,1.13033021587539,False,False,False
APOLLOHOSP,2023-07-26T15:09:00+05:30,5160.0,STOP_LOSS,2,-2.0,-2.18,0.08623779205824686,2.1559448014581326,False,False,False
APOLLOHOSP,2023-08-01T09:31:00+05:30,5109.5,TIME_HORIZON,40,-0.6974081282958946,-0.8774081282958945,0.37999801862275423,0.7622313197080034,True,False,False
APOLLOHOSP,2023-08-03T09:16:00+05:30,4960.1,VWAP_Z_TARGET,10,7.754923947278122,7.574923947278123,4.080352425748082,0.34265943022858464,True,True,True
APOLLOHOSP,2023-08-03T14:25:00+05:30,4967.95,VWAP_Z_TARGET,16,5.354534238253254,5.174534238253254,2.677267119126627,0.7349360719170911,True,True,True
APOLLOHOSP,2023-08-11T14:03:00+05:30,4840.95,VWAP_Z_TARGET,5,11.04643512979906,10.86643512979906,6.273042132272768,0.536639151159263,True,True,True
APOLLOHOSP,2023-08-14T09:19:00+05:30,4817.95,STOP_LOSS,3,-2.0,-2.18,0.3283122566715092,1.1469610005796995,True,False,False
APOLLOHOSP,2023-08-18T09:17:00+05:30,4840.0,TIME_HORIZON,40,-0.2689313406863317,-0.44893134068633167,1.4659394649175561,0.5273163542868873,True,True,True
APOLLOHOSP,2023-08-24T11:36:00+05:30,4928.95,STOP_LOSS,2,-2.0,-2.18,0.38950567907616085,1.2231845009582891,True,False,False
APOLLOHOSP,2023-09-20T09:16:00+05:30,5010.15,STOP_LOSS,1,-2.0,-2.18,0.0,2.3053393851894373,False,False,False
APOLLOHOSP,2023-09-27T10:12:00+05:30,5024.0,TIME_HORIZON,40,11.198668631966617,11.018668631966618,5.805060656666336,0.7155698806368405,True,True,True
APOLLOHOSP,2023-10-04T09:16:00+05:30,5058.3,STOP_LOSS,14,-2.0,-2.18,1.0285143205202925,1.2925923217349715,True,True,True
APOLLOHOSP,2023-10-09T09:16:00+05:30,5018.3,VWAP_Z_TARGET,19,3.4642687001539385,3.2842687001539383,1.8078395227201949,0.49662593253954906,True,True,True
APOLLOHOSP,2023-10-12T13:52:00+05:30,4930.95,STOP_LOSS,1,-2.0,-2.18,0.6278750241758072,3.246178604372896,True,True,False
APOLLOHOSP,2023-10-30T09:21:00+05:30,4794.0,TIME_HORIZON,40,3.3527105029111715,3.1727105029111713,1.734251351191856,0.576329356465876,True,True,True
ASIANPAINT,2023-07-07T11:43:00+05:30,3370.1,STOP_LOSS,17,-2.0,-2.18,0.8009197455704069,2.189180637892397,True,True,False
ASIANPAINT,2023-07-10T11:12:00+05:30,3328.0,STOP_LOSS,5,-2.0,-2.18,0.543123732439144,2.009557810024858,True,True,False
ASIANPAINT,2023-07-10T11:59:00+05:30,3299.0,STOP_LOSS,5,-2.0,-2.18,0.7671230352079094,1.0693230187745815,True,True,False
ASIANPAINT,2023-07-12T10:21:00+05:30,3364.45,STOP_LOSS,1,-2.0,-2.18,0.5553544370093215,1.0181498011834405,True,True,False
ASIANPAINT,2023-08-03T12:27:00+05:30,3330.15,STOP_LOSS,4,-2.0,-2.18,0.768985226099088,1.1445361504731502,True,True,False
ASIANPAINT,2023-08-09T09:16:00+05:30,3333.85,VWAP_Z_TARGET,5,3.3445591585830434,3.1645591585830433,1.9769458994053641,0.4671550241745335,True,True,True
ASIANPAINT,2023-08-09T10:01:00+05:30,3333.3,STOP_LOSS,11,-2.0,-2.18,1.0282147572179627,1.5318301485085455,True,True,True
ASIANPAINT,2023-08-09T11:57:00+05:30,3319.85,STOP_LOSS,6,-2.0,-2.18,1.4808248200082978,1.7484437633832857,True,True,True
ASIANPAINT,2023-08-10T09:44:00+05:30,3279.0,STOP_LOSS,5,-2.0,-2.18,0.6199140997334422,1.1309243711353894,True,True,False
ASIANPAINT,2023-08-11T09:22:00+05:30,3217.55,TIME_HORIZON,40,1.4448503942581987,1.2648503942581988,1.2656441438075745,0.7336255877823047,True,True,True
ASIANPAINT,2023-08-11T11:14:00+05:30,3208.35,STOP_LOSS,8,-2.0,-2.18,0.2403996603419434,2.145104661512325,False,False,False
ASIANPAINT,2023-08-11T12:10:00+05:30,3196.2,STOP_LOSS,15,-2.0,-2.18,2.007730307550832,2.242400083757718,True,True,True
ASIANPAINT,2023-08-14T09:16:00+05:30,3167.25,STOP_LOSS,1,-2.0,-2.18,0.35431165479072935,1.9161752759091888,True,False,False
ASIANPAINT,2023-08-17T10:09:00+05:30,3181.0,STOP_LOSS,8,-2.0,-2.18,1.6361624184503998,1.035545834462326,True,True,True
ASIANPAINT,2023-08-17T10:46:00+05:30,3173.35,STOP_LOSS,34,-2.0,-2.18,2.674333699236239,1.5856668836178784,True,True,True
ASIANPAINT,2023-08-18T09:46:00+05:30,3159.0,TIME_HORIZON,40,1.2979837498371718,1.1179837498371719,1.2763506873399053,0.04326612499453305,True,True,True
ASIANPAINT,2023-08-23T15:12:00+05:30,3168.65,STOP_LOSS,1,-2.0,-2.18,0.1293120775586818,1.002168601080813,False,False,False
ASIANPAINT,2023-08-31T15:21:00+05:30,3239.15,STOP_LOSS,1,-2.0,-2.18,0.0,1.5675154245286484,False,False,False
ASIANPAINT,2023-09-01T10:05:00+05:30,3230.8,STOP_LOSS,3,-2.0,-2.18,0.06978972175390553,1.6749533220953197,False,False,False
ASIANPAINT,2023-09-05T13:49:00+05:30,3221.95,TIME_HORIZON,40,0.8780017832068382,0.6980017832068381,2.2368140667409953,0.3762864785169991,True,True,True
ASIANPAINT,2023-09-06T09:16:00+05:30,3198.9,TIME_HORIZON,40,4.166491080241341,3.986491080241341,2.846788023151377,0.7258366813995104,True,True,True
ASIANPAINT,2023-09-13T09:19:00+05:30,3234.05,TIME_HORIZON,40,0.3186331098885592,0.1386331098885592,1.1577002992617265,0.6850611862604312,True,True,True
ASIANPAINT,2023-09-13T10:24:00+05:30,3227.85,STOP_LOSS,13,-2.0,-2.18,2.8289235750865944,1.1001369458668955,True,True,True
ASIANPAINT,2023-09-15T09:19:00+05:30,3205.0,STOP_LOSS,10,-2.0,-2.18,0.985260848525204,1.2217234521712619,True,True,False
ASIANPAINT,2023-09-21T10:19:00+05:30,3187.0,STOP_LOSS,2,-2.0,-2.18,0.17032574354533717,1.2166124538955816,False,False,False
ASIANPAINT,2023-10-10T09:30:00+05:30,3143.65,TIME_HORIZON,40,1.2821815114355746,1.1021815114355746,1.4059007800829117,0.04498882496271455,True,True,True
ASIANPAINT,2023-10-10T10:47:00+05:30,3143.6,STOP_LOSS,3,-2.0,-2.18,0.6374177092788216,2.662156315223394,True,True,False
ASIANPAINT,2023-10-13T09:16:00+05:30,3144.0,VWAP_Z_TARGET,1,6.100515874412168,5.920515874412168,3.050257937206084,0.22634422855596628,True,True,True
ASIANPAINT,2023-10-13T10:22:00+05:30,3148.1,STOP_LOSS,5,-2.0,-2.18,0.47103549414586254,1.2659078905169974,True,False,False
ASIANPAINT,2023-10-16T09:16:00+05:30,3100.0,TIME_HORIZON,40,4.333275800197247,4.153275800197247,2.1666379000986233,0.4681378288301796,True,True,True
ASIANPAINT,2023-10-16T15:28:00+05:30,3105.05,VWAP_Z_TARGET,4,16.359865334365253,16.179865334365253,16.91578308844573,0.026472274003923886,True,True,True
ASIANPAINT,2023-10-17T11:56:00+05:30,3093.75,STOP_LOSS,2,-2.0,-2.18,0.26724032825132066,1.009574573394178,True,False,False
ASIANPAINT,2023-10-18T12:32:00+05:30,3101.0,STOP_LOSS,3,-2.0,-2.18,0.18616071336524606,1.3962053502393454,False,False,False
ASIANPAINT,2023-10-18T15:05:00+05:30,3100.0,STOP_LOSS,5,-2.0,-2.18,0.4757321128432007,1.2276957750790836,True,False,False
ASIANPAINT,2023-10-20T09:16:00+05:30,3076.0,STOP_LOSS,1,-2.0,-2.18,0.0,2.568825156486955,False,False,False
ASIANPAINT,2023-10-23T12:32:00+05:30,3092.65,STOP_LOSS,35,-2.0,-2.18,1.169815491991495,1.0877231767640936,True,True,True
ASIANPAINT,2023-10-23T14:59:00+05:30,3082.65,STOP_LOSS,3,-2.0,-2.18,1.0387237272384724,1.3470948337625,True,True,True
ASIANPAINT,2023-10-23T15:19:00+05:30,3068.65,STOP_LOSS,8,-2.0,-2.18,0.7789727669738132,1.2055530917452393,True,True,False
ASIANPAINT,2023-10-25T15:01:00+05:30,3061.2,STOP_LOSS,20,-2.0,-2.18,3.3007475767183276,2.1327907418794423,True,True,True
ASIANPAINT,2023-10-26T15:01:00+05:30,2957.25,STOP_LOSS,18,-2.0,-2.18,3.1370505644820215,1.2462255667120359,True,True,True
ASIANPAINT,2023-11-01T09:51:00+05:30,2965.0,STOP_LOSS,10,-2.0,-2.18,1.1575688871410263,1.3482272920818517,True,True,True
ASIANPAINT,2024-01-25T12:52:00+05:30,2955.0,STOP_LOSS,7,-2.0,-2.18,1.087193812417734,1.058583448932954,True,True,True
ASIANPAINT,2024-01-30T14:58:00+05:30,2957.3,STOP_LOSS,4,-2.0,-2.18,1.1027837074498335,1.1027837074499902,True,True,True
ASIANPAINT,2024-02-01T10:23:00+05:30,2940.0,VWAP_Z_TARGET,23,11.12174622980929,10.94174622980929,5.958078337397834,0.5958078337397834,True,True,True
ASIANPAINT,2024-02-01T13:13:00+05:30,2938.35,STOP_LOSS,3,-2.0,-2.18,0.752701405822305,2.4028544878173634,True,True,False
ASIANPAINT,2024-02-01T13:57:00+05:30,2927.75,STOP_LOSS,20,-2.0,-2.18,1.0772377765234469,1.559429924110114,True,True,True
ASIANPAINT,2024-02-05T14:59:00+05:30,2921.25,STOP_LOSS,4,-2.0,-2.18,0.9547886933028427,1.158476947874162,True,True,False
ASIANPAINT,2024-02-08T13:54:00+05:30,2922.4,TIME_HORIZON,40,0.8844292119081048,0.7044292119081048,1.642511393543623,0.6570045574174262,True,True,True
ASIANPAINT,2024-02-27T15:27:00+05:30,2852.6,VWAP_Z_TARGET,3,6.324527439110579,6.144527439110579,4.698220383339328,0.36140156794905265,True,True,True
ASIANPAINT,2024-02-28T09:30:00+05:30,2828.8,STOP_LOSS,4,-2.0,-2.18,0.04383121441591347,1.1020419624575621,False,False,False
ASIANPAINT,2024-02-29T10:25:00+05:30,2780.5,VWAP_Z_TARGET,20,6.600247970939848,6.420247970939848,3.3686725549010323,0.2937795832762559,True,True,True
ASIANPAINT,2024-03-06T09:20:00+05:30,2809.0,TIME_HORIZON,40,-0.3422934688821822,-0.5222934688821822,2.541529006450187,0.5134402033232733,True,True,True
ASIANPAINT,2024-03-06T13:10:00+05:30,2800.45,STOP_LOSS,14,-2.0,-2.18,1.2098019212048394,2.06966113792886,True,True,True
ASIANPAINT,2024-03-11T12:14:00+05:30,2855.4,STOP_LOSS,3,-2.0,-2.18,0.0,1.3011475449659837,False,False,False
ASIANPAINT,2024-03-13T13:42:00+05:30,2842.25,STOP_LOSS,6,-2.0,-2.18,0.3967087482215231,1.4050101499514405,True,False,False
ASIANPAINT,2024-03-19T10:21:00+05:30,2810.2,STOP_LOSS,2,-2.0,-2.18,0.2388336402214746,1.019023531611567,False,False,False
ASIANPAINT,2024-03-21T15:28:00+05:30,2818.2,STOP_LOSS,14,-2.0,-2.18,2.6858232631237193,1.0307218426747355,True,True,True
ASIANPAINT,2024-03-26T11:34:00+05:30,2818.7,STOP_LOSS,6,-2.0,-2.18,0.6924058498750634,1.0944479562539227,True,True,False
ASIANPAINT,2024-03-26T15:16:00+05:30,2813.2,STOP_LOSS,2,-2.0,-2.18,0.027271393185547103,1.1181271206032146,False,False,False
ASIANPAINT,2024-11-11T09:16:00+05:30,2563.0,TIME_HORIZON,40,-0.5661702342667905,-0.7461702342667904,0.3179030727166502,0.8628797688023362,True,False,False
ASIANPAINT,2024-11-12T09:16:00+05:30,2497.15,TIME_HORIZON,40,2.8597352560455755,2.6797352560455754,3.4754433805679206,0.5597346586566182,True,True,True
ASIANPAINT,2024-11-12T13:17:00+05:30,2490.0,STOP_LOSS,1,-2.0,-2.18,0.01510445059302177,1.706802917005278,False,False,False
ASIANPAINT,2024-11-13T11:45:00+05:30,2456.3,TIME_HORIZON,40,2.6205671094814775,2.4405671094814774,2.104394800038185,0.2647037484324822,True,True,True
ASIANPAINT,2024-11-18T14:35:00+05:30,2475.85,STOP_LOSS,6,-2.0,-2.18,0.8255548761903893,1.8280143687074055,True,True,False
ASIANPAINT,2024-11-25T15:02:00+05:30,2451.0,VWAP_Z_TARGET,25,7.13618852804779,6.95618852804779,3.568094264023895,0.2118555969263782,True,True,True
ASIANPAINT,2024-11-28T10:38:00+05:30,2478.75,STOP_LOSS,1,-2.0,-2.18,0.3542113693144435,1.5585300249835516,True,False,False
ASIANPAINT,2024-11-28T11:17:00+05:30,2467.7,STOP_LOSS,1,-2.0,-2.18,0.0,1.30529964012138,False,False,False
ASIANPAINT,2024-11-28T12:37:00+05:30,2456.9,STOP_LOSS,1,-2.0,-2.18,0.0,1.7145207142522332,False,False,False
ASIANPAINT,2024-12-02T09:16:00+05:30,2466.85,TIME_HORIZON,40,4.381027266206993,4.201027266206993,2.744902885926042,0.432694050983387,True,True,True
ASIANPAINT,2024-12-02T10:13:00+05:30,2465.2,TIME_HORIZON,40,1.7276768618708958,1.5476768618708958,3.887272939208954,0.2879461436450246,True,True,True
ASIANPAINT,2024-12-04T11:57:00+05:30,2461.5,STOP_LOSS,1,-2.0,-2.18,0.3244037296227424,2.378960683900111,True,False,False
ASIANPAINT,2024-12-04T14:31:00+05:30,2457.05,TIME_HORIZON,40,2.213200123300247,2.033200123300247,1.6980587152908504,0.7822517677183584,True,True,True
ASIANPAINT,2024-12-05T09:39:00+05:30,2445.15,STOP_LOSS,7,-2.0,-2.18,0.20552320681377162,1.027616034068858,False,False,False
ASIANPAINT,2024-12-05T10:21:00+05:30,2429.75,STOP_LOSS,26,-2.0,-2.18,1.2096954054494753,1.3383864060292119,True,True,True
ASIANPAINT,2024-12-06T13:42:00+05:30,2430.5,STOP_LOSS,13,-2.0,-2.18,1.991637764069449,1.7703446791725639,True,True,True
ASIANPAINT,2024-12-09T09:31:00+05:30,2413.95,STOP_LOSS,3,-2.0,-2.18,0.16141416922538587,1.372020438415576,False,False,False
ASIANPAINT,2024-12-09T10:14:00+05:30,2387.25,TIME_HORIZON,40,3.782926936001243,3.602926936001243,2.2977778426081112,0.07005420251854154,True,True,True
ASIANPAINT,2024-12-12T10:12:00+05:30,2397.5,STOP_LOSS,4,-2.0,-2.18,0.44208467495487075,1.105211687387177,True,False,False
ASIANPAINT,2024-12-13T09:46:00+05:30,2381.2,STOP_LOSS,1,-2.0,-2.18,0.34667135016597794,1.7129643184663776,True,False,False
ASIANPAINT,2024-12-13T10:08:00+05:30,2375.05,STOP_LOSS,2,-2.0,-2.18,0.46442934269134334,1.8319157406166886,True,False,False
ASIANPAINT,2024-12-13T10:26:00+05:30,2361.55,STOP_LOSS,5,-2.0,-2.18,0.4487880326900231,1.2027519276093925,True,False,False
ASIANPAINT,2024-12-17T10:26:00+05:30,2382.0,STOP_LOSS,6,-2.0,-2.18,0.6487508458025065,1.3422431292467336,True,True,False
ASIANPAINT,2024-12-17T12:48:00+05:30,2373.0,STOP_LOSS,29,-2.0,-2.18,2.402520699474528,1.372868971128199,True,True,True
ASIANPAINT,2024-12-17T13:33:00+05:30,2362.75,STOP_LOSS,12,-2.0,-2.18,1.4766559945251505,1.145681375062581,True,True,True
ASIANPAINT,2024-12-17T14:07:00+05:30,2356.1,TIME_HORIZON,40,1.6840341153383491,1.5040341153383492,1.6359188549001544,0.4811526043823855,True,True,True
ASIANPAINT,2024-12-18T14:37:00+05:30,2347.85,STOP_LOSS,18,-2.0,-2.18,1.8582559094678703,1.1389310412867006,True,True,True
ASIANPAINT,2024-12-19T09:16:00+05:30,2287.65,STOP_LOSS,36,-2.0,-2.18,1.66385426489967,1.079372125691332,True,True,True
ASIANPAINT,2024-12-20T15:03:00+05:30,2282.0,STOP_LOSS,2,-2.0,-2.18,0.0,1.3632301875210577,False,False,False
ASIANPAINT,2024-12-26T09:18:00+05:30,2276.4,STOP_LOSS,4,-2.0,-2.18,1.226961982800525,1.6870727263508576,True,True,True
ASIANPAINT,2024-12-26T15:19:00+05:30,2257.0,VWAP_Z_TARGET,12,8.783120928394966,8.603120928394967,5.974305606116468,0.2229218509744936,True,True,True
ASIANPAINT,2025-01-06T09:37:00+05:30,2312.5,STOP_LOSS,4,-2.0,-2.18,0.054850524360643645,1.0750702774686354,False,False,False
ASIANPAINT,2025-01-06T11:13:00+05:30,2288.45,STOP_LOSS,4,-2.0,-2.18,0.8630825143952402,1.4981809683841096,True,True,False
ASIANPAINT,2025-01-06T11:48:00+05:30,2273.5,STOP_LOSS,2,-2.0,-2.18,0.0,1.2615084029924333,False,False,False
ASIANPAINT,2025-01-08T09:22:00+05:30,2280.65,STOP_LOSS,8,-2.0,-2.18,0.0,1.3754040568444053,False,False,False
ASIANPAINT,2025-01-10T10:05:00+05:30,2316.35,TIME_HORIZON,40,8.303420657767353,8.123420657767353,4.566881361772016,0.09226022953066446,True,True,True
ASIANPAINT,2025-01-13T09:16:00+05:30,2301.3,STOP_LOSS,1,-2.0,-2.18,0.0,1.8345614896312579,False,False,False
ASIANPAINT,2025-01-13T11:27:00+05:30,2271.45,TIME_HORIZON,40,1.6123154441380383,1.4323154441380384,3.3345614867397533,0.7145488900155662,True,True,True
ASIANPAINT,2025-01-16T12:02:00+05:30,2217.15,STOP_LOSS,1,-2.0,-2.18,1.4072422114386374,1.708794113890035,True,True,True
ASIANPAINT,2025-01-16T12:18:00+05:30,2216.05,STOP_LOSS,2,-2.0,-2.18,0.11642498216155334,1.1642498216165922,False,False,False
ASIANPAINT,2025-01-16T12:44:00+05:30,2211.35,STOP_LOSS,27,-2.0,-2.18,1.5593821550667808,1.9582938691534169,True,True,True
ASIANPAINT,2025-01-24T14:43:00+05:30,2259.4,STOP_LOSS,1,-2.0,-2.18,0.019982857488595768,1.0990571618787646,False,False,False
ASIANPAINT,2025-01-27T14:38:00+05:30,2246.75,TIME_HORIZON,40,3.0068522162792344,2.826852216279234,3.3522338897709325,0.2234822593181361,True,True,True
ASIANPAINT,2025-01-28T14:55:00+05:30,2238.5,STOP_LOSS,40,-2.0,-2.18,2.0703018853927646,1.3219999991062394,True,True,True
ASIANPAINT,2025-02-03T12:08:00+05:30,2302.5,STOP_LOSS,13,-2.0,-2.18,0.5503472540173713,1.0620736481037327,True,True,False
ASIANPAINT,2025-02-05T09:16:00+05:30,2253.35,TIME_HORIZON,40,-0.027579554915431768,-0.20757955491543176,0.6308823186910818,0.5757232088601555,True,True,False
ASIANPAINT,2025-02-06T13:53:00+05:30,2263.4,STOP_LOSS,23,-2.0,-2.18,2.583895791733064,1.1386659421195982,True,True,True
ASIANPAINT,2025-02-07T09:23:00+05:30,2248.7,TIME_HORIZON,40,3.3730769675822,3.1930769675821997,2.285259645536971,0.7926730873817863,True,True,True
ASIANPAINT,2025-02-10T13:25:00+05:30,2255.8,VWAP_Z_TARGET,21,12.737809643932009,12.557809643932009,6.85225920577588,0.0,True,True,True
ASIANPAINT,2025-02-11T10:03:00+05:30,2253.2,STOP_LOSS,29,-2.0,-2.18,1.4012066857137535,1.3339487647994526,True,True,True
ASIANPAINT,2025-02-11T11:06:00+05:30,2235.05,STOP_LOSS,1,-2.0,-2.18,1.4775329481019484,1.4256896867650835,True,True,True
ASIANPAINT,2025-02-12T09:25:00+05:30,2218.6,STOP_LOSS,5,-2.0,-2.18,0.024589032096364594,1.0573283801422237,False,False,False
ASIANPAINT,2025-02-14T10:53:00+05:30,2219.25,STOP_LOSS,15,-2.0,-2.18,5.070961255538032,1.0278975517982583,True,True,True
ASIANPAINT,2025-02-14T11:30:00+05:30,2205.35,TIME_HORIZON,40,4.510719099060786,4.3307190990607864,4.635030255334247,0.8346606206923299,True,True,True
ASIANPAINT,2025-02-18T09:28:00+05:30,2232.9,TIME_HORIZON,40,-0.3528868327516378,-0.5328868327516378,1.4619597356850726,0.7309798678425363,True,True,True
ASIANPAINT,2025-02-21T09:53:00+05:30,2241.15,STOP_LOSS,20,-2.0,-2.18,1.623803710364451,1.1964869444792328,True,True,True
ASIANPAINT,2025-02-25T13:56:00+05:30,2238.15,STOP_LOSS,5,-2.0,-2.18,1.2072748316694883,1.1362586651007518,True,True,True
ASIANPAINT,2025-02-25T15:12:00+05:30,2226.0,STOP_LOSS,7,-2.0,-2.18,0.42410243036150486,1.0814611974219146,True,False,False
ASIANPAINT,2025-02-27T09:20:00+05:30,2216.15,STOP_LOSS,35,-2.0,-2.18,2.1048818270979415,1.2041882080607007,True,True,True
ASIANPAINT,2025-02-28T09:18:00+05:30,2198.3,TIME_HORIZON,40,-0.19691295172672954,-0.37691295172672956,1.8975248075478408,0.4833317906018615,True,True,True
ASIANPAINT,2025-02-28T11:14:00+05:30,2183.2,STOP_LOSS,1,-2.0,-2.18,0.0,1.3644867690417903,False,False,False
ASIANPAINT,2025-03-03T09:53:00+05:30,2170.65,STOP_LOSS,2,-2.0,-2.18,0.0,1.0052768660041387,False,False,False
ASIANPAINT,2025-03-04T13:05:00+05:30,2133.95,STOP_LOSS,5,-2.0,-2.18,1.4732000939264862,1.0446327938750473,True,True,True
ASIANPAINT,2025-03-11T09:17:00+05:30,2259.55,VWAP_Z_TARGET,25,7.408825935034594,7.228825935034594,3.8692463314114787,0.0,True,True,True
ASIANPAINT,2025-03-12T09:56:00+05:30,2270.05,STOP_LOSS,4,-2.0,-2.18,0.7405483419628848,1.1725348747748014,True,True,False
ASIANPAINT,2025-03-12T10:35:00+05:30,2261.85,STOP_LOSS,5,-2.0,-2.18,0.7906067637615587,1.138473739816472,True,True,False
ASIANPAINT,2025-03-12T11:03:00+05:30,2259.8,TIME_HORIZON,40,4.469086542104197,4.289086542104197,7.59171752344694,0.45836785047237233,True,True,True
ASIANPAINT,2025-03-13T10:53:00+05:30,2233.6,TIME_HORIZON,40,13.012190846894502,12.832190846894502,6.807702496057303,0.47395397124425515,True,True,True
ASIANPAINT,2025-03-17T09:56:00+05:30,2219.95,STOP_LOSS,19,-2.0,-2.18,0.020998794000537686,1.1759324640257178,False,False,False
ASIANPAINT,2025-03-17T10:38:00+05:30,2205.45,TIME_HORIZON,40,0.5074301947258163,0.3274301947258163,3.8310979701800054,0.6596592531434228,True,True,True
ASIANPAINT,2025-04-02T13:48:00+05:30,2296.6,STOP_LOSS,3,-2.0,-2.18,0.41470030932992236,1.7772870399846887,True,False,False
ASIANPAINT,2025-05-08T14:35:00+05:30,2312.0,VWAP_Z_TARGET,4,5.140636550362772,4.960636550362772,3.8238751388969026,0.7373863904208866,True,True,True
ASIANPAINT,2025-05-14T09:16:00+05:30,2296.3,STOP_LOSS,3,-2.0,-2.18,1.299686017697474,1.1722658198840519,True,True,True
ASIANPAINT,2025-05-15T09:36:00+05:30,2273.0,STOP_LOSS,11,-2.0,-2.18,0.8438905499357012,1.4549837067856461,True,True,False
ASIANPAINT,2025-05-20T11:54:00+05:30,2321.3,STOP_LOSS,22,-2.0,-2.18,1.3734788567700849,1.2017939996742146,True,True,True
ASIANPAINT,2025-05-20T12:50:00+05:30,2315.6,STOP_LOSS,3,-2.0,-2.18,0.7410245551767841,1.5283631450520776,True,True,False
ASIANPAINT,2025-05-29T10:30:00+05:30,2292.7,STOP_LOSS,26,-2.0,-2.18,4.75086843879139,2.8073313501947563,True,True,True
ASIANPAINT,2025-05-30T09:51:00+05:30,2286.0,STOP_LOSS,4,-2.0,-2.18,0.7553709565350893,1.416320543503373,True,True,False
ASIANPAINT,2025-05-30T11:10:00+05:30,2269.3,TIME_HORIZON,40,4.079103179155079,3.899103179155079,3.1078881364990663,0.3399252649297372,True,True,True
ASIANPAINT,2025-05-30T12:05:00+05:30,2268.4,TIME_HORIZON,40,1.96071939937951,1.78071939937951,2.639429960703741,0.07541228459146686,True,True,True
ASIANPAINT,2025-06-03T12:52:00+05:30,2249.5,STOP_LOSS,1,-2.0,-2.18,0.0,1.349714970772967,False,False,False
ASIANPAINT,2025-06-04T09:58:00+05:30,2244.5,TIME_HORIZON,40,0.47063302831396414,0.29063302831396415,1.6001522962675208,0.7059495424709462,True,True,True
ASIANPAINT,2025-06-05T09:20:00+05:30,2239.6,VWAP_Z_TARGET,8,5.724703044496362,5.544703044496362,2.920766859436865,0.7593993834535584,True,True,True
ASIANPAINT,2025-06-05T13:32:00+05:30,2237.0,STOP_LOSS,31,-2.0,-2.18,2.0051944766405785,2.0051944766405785,True,True,True
ASIANPAINT,2025-06-10T09:16:00+05:30,2230.6,STOP_LOSS,2,-2.0,-2.18,0.23919476106823903,1.578685423050356,False,False,False
ASIANPAINT,2025-06-11T09:16:00+05:30,2210.0,TIME_HORIZON,40,1.3779074673665428,1.1979074673665429,3.2807320651585776,0.26245856521274585,True,True,True
ASIANPAINT,2025-06-13T09:16:00+05:30,2191.2,STOP_LOSS,15,-2.0,-2.18,1.776809232601646,1.328995523571917,True,True,True
ASIANPAINT,2025-06-19T15:02:00+05:30,2270.1,STOP_LOSS,2,-2.0,-2.18,0.08759101896669326,1.4014563034682872,False,False,False
ASIANPAINT,2025-06-23T12:21:00+05:30,2263.4,STOP_LOSS,9,-2.0,-2.18,1.9570763334934023,1.0578790991856748,True,True,True
ASIANPAINT,2025-06-23T13:48:00+05:30,2262.5,TIME_HORIZON,40,2.0837528748334413,1.9037528748334414,3.370776709289751,0.18386054777955246,True,True,True
ASIANPAINT,2025-07-02T09:16:00+05:30,2331.0,TIME_HORIZON,40,5.75309531996411,5.573095319964111,4.308254029562171,0.013134920821823867,True,True,True
ASIANPAINT,2025-07-15T10:35:00+05:30,2389.0,STOP_LOSS,3,-2.0,-2.18,0.6543194568301735,1.1777750222944312,True,True,False
ASIANPAINT,2025-07-16T09:39:00+05:30,2381.0,STOP_LOSS,12,-2.0,-2.18,1.6665578358018949,1.3157035545803804,True,True,True
ASIANPAINT,2025-07-17T13:08:00+05:30,2395.7,TIME_HORIZON,40,3.4234965700657063,3.243496570065706,2.346751681093324,0.46935033621861466,True,True,True
ASIANPAINT,2025-07-18T11:36:00+05:30,2375.9,STOP_LOSS,9,-2.0,-2.18,0.798852392701051,2.8403640629370255,True,True,False
ASIANPAINT,2025-07-21T09:24:00+05:30,2371.1,STOP_LOSS,5,-2.0,-2.18,0.12991640702616936,1.3208168047662356,False,False,False
ASIANPAINT,2025-07-21T11:44:00+05:30,2364.2,TIME_HORIZON,40,11.685477304027057,11.505477304027057,8.764107978020293,0.07490690579497536,True,True,True
ASIANPAINT,2025-07-21T13:59:00+05:30,2361.2,TIME_HORIZON,40,14.424457158067408,14.244457158067409,8.402596402757565,0.0,True,True,True
ASIANPAINT,2025-07-24T11:56:00+05:30,2351.5,STOP_LOSS,2,-2.0,-2.18,0.0,2.369294722428816,False,False,False
ASIANPAINT,2025-07-28T09:17:00+05:30,2324.4,VWAP_Z_TARGET,22,3.868028597480501,3.6880285974805007,2.1036646758227273,0.7464616591629132,True,True,True
ASIANPAINT,2025-07-29T13:25:00+05:30,2332.2,STOP_LOSS,1,-2.0,-2.18,0.4800804870491415,1.4120014324972483,True,False,False
ASIANPAINT,2025-07-31T11:54:00+05:30,2386.0,STOP_LOSS,10,-2.0,-2.18,1.3946402547081858,1.0728001959293485,True,True,True
ASIANPAINT,2025-08-05T09:31:00+05:30,2440.0,STOP_LOSS,8,-2.0,-2.18,0.2352489674510903,1.8096074419312107,False,False,False
ASIANPAINT,2025-08-05T11:11:00+05:30,2425.8,STOP_LOSS,18,-2.0,-2.18,1.0816664091372368,2.2148407425192937,True,True,True
ASIANPAINT,2025-08-05T12:02:00+05:30,2409.5,TIME_HORIZON,40,7.677765128904711,7.497765128904711,5.272682076476656,0.0,True,True,True
ASIANPAINT,2025-08-08T14:33:00+05:30,2482.1,STOP_LOSS,1,-2.0,-2.18,0.42467169938538046,1.3720162595525163,True,False,False
ASIANPAINT,2025-08-12T14:16:00+05:30,2478.8,STOP_LOSS,37,-2.0,-2.18,2.141297802332859,1.048798923591722,True,True,True
ASIANPAINT,2025-08-19T10:16:00+05:30,2569.6,STOP_LOSS,5,-2.0,-2.18,0.877988029087162,1.8757016985040864,True,True,False
ASIANPAINT,2025-08-21T09:17:00+05:30,2565.8,STOP_LOSS,1,-2.0,-2.18,0.537887815614924,2.2004501547885074,True,True,False
ASIANPAINT,2025-08-22T09:21:00+05:30,2550.0,STOP_LOSS,4,-2.0,-2.18,0.11141158991593468,1.5756782002400715,False,False,False
ASIANPAINT,2025-08-22T10:48:00+05:30,2524.1,STOP_LOSS,1,-2.0,-2.18,0.2144130704377119,1.1256686197976828,False,False,False
ASIANPAINT,2025-08-22T15:05:00+05:30,2503.7,STOP_LOSS,22,-2.0,-2.18,1.6190437003784974,1.3076891426131623,True,True,True
ASIANPAINT,2025-08-25T11:18:00+05:30,2501.6,STOP_LOSS,11,-2.0,-2.18,1.3686757551602504,1.3002419674021446,True,True,True
ASIANPAINT,2025-09-02T12:29:00+05:30,2549.2,TIME_HORIZON,40,13.36327487641829,13.18327487641829,10.976975791343621,0.5568031198506114,True,True,True
ASIANPAINT,2025-09-02T13:57:00+05:30,2545.0,STOP_LOSS,1,-2.0,-2.18,0.0,1.1699458746085432,False,False,False
ASIANPAINT,2025-09-08T13:31:00+05:30,2543.7,STOP_LOSS,9,-2.0,-2.18,1.7687086355132369,2.037859949612811,True,True,True
ASIANPAINT,2025-09-08T14:50:00+05:30,2536.2,STOP_LOSS,2,-2.0,-2.18,1.1966374606503385,1.3163012067152635,True,True,True
ASIANPAINT,2025-09-12T12:29:00+05:30,2548.0,STOP_LOSS,6,-2.0,-2.18,0.43066701463647195,1.2920010439094158,True,False,False
ASIANPAINT,2025-09-15T09:18:00+05:30,2531.2,STOP_LOSS,17,-2.0,-2.18,1.1009096086821362,1.2476975565063988,True,True,True
ASIANPAINT,2025-09-15T09:56:00+05:30,2514.9,STOP_LOSS,5,-2.0,-2.18,0.49152098832319896,1.187842388447948,True,False,False
ASIANPAINT,2025-09-18T14:16:00+05:30,2477.2,STOP_LOSS,7,-2.0,-2.18,0.6177400085637039,3.3357960462437766,True,True,False
ASIANPAINT,2025-09-23T09:24:00+05:30,2462.8,STOP_LOSS,2,-2.0,-2.18,0.09783379854496077,1.0598661509039022,False,False,False
ASIANPAINT,2025-09-26T09:16:00+05:30,2378.2,STOP_LOSS,4,-2.0,-2.18,1.0009102791777325,1.781031526183845,True,True,True
ASIANPAINT,2025-10-01T10:05:00+05:30,2326.0,STOP_LOSS,1,-2.0,-2.18,0.12073509723053767,1.3683311019453004,False,False,False
ASIANPAINT,2025-10-06T11:38:00+05:30,2341.7,STOP_LOSS,5,-2.0,-2.18,0.5545425129444264,1.3309020310664215,True,True,False
ASIANPAINT,2025-10-08T10:58:00+05:30,2340.8,STOP_LOSS,1,-2.0,-2.18,0.45885636701913557,2.982566385625555,True,False,False
ASIANPAINT,2025-10-08T11:52:00+05:30,2333.5,STOP_LOSS,32,-2.0,-2.18,3.2604046785342593,2.470003544344,True,True,True
ASIANPAINT,2025-10-14T11:04:00+05:30,2328.0,STOP_LOSS,2,-2.0,-2.18,0.6034140500931385,1.0971164547148882,True,True,False
ASIANPAINT,2025-10-14T12:41:00+05:30,2316.7,TIME_HORIZON,40,3.751246748172459,3.571246748172459,2.7164200590215275,0.0,True,True,True
ASIANPAINT,2025-10-21T13:46:00+05:30,2505.5,TIME_HORIZON,40,0.9395162438533436,0.7595162438533436,1.1009955982656996,0.8661165373023637,True,True,True
ASIANPAINT,2025-10-31T15:01:00+05:30,2508.9,STOP_LOSS,30,-2.0,-2.18,2.202385610909943,4.994695939028095,True,True,True
ASIANPAINT,2025-11-04T13:30:00+05:30,2494.1,STOP_LOSS,1,-2.0,-2.18,0.0,2.274924209614346,False,False,False
ASIANPAINT,2025-11-07T13:04:00+05:30,2590.7,VWAP_Z_TARGET,24,9.432726734036546,9.252726734036546,4.716363367018273,0.7784289052359287,True,True,True
ASIANPAINT,2025-11-11T09:16:00+05:30,2644.3,STOP_LOSS,1,-2.0,-2.18,0.19513033727896895,2.1464337100692923,False,False,False
ASIANPAINT,2025-12-01T14:53:00+05:30,2851.1,VWAP_Z_TARGET,10,15.615845063029008,15.435845063029008,8.279542013283882,0.5240216464103662,True,True,True
ASIANPAINT,2025-12-09T09:16:00+05:30,2868.4,STOP_LOSS,2,-2.0,-2.18,1.2102007283052179,1.1997679634060443,True,True,True
ASIANPAINT,2025-12-11T09:35:00+05:30,2773.0,STOP_LOSS,31,-2.0,-2.18,1.960126986145114,1.2005777790139045,True,True,True
ASIANPAINT,2025-12-12T10:59:00+05:30,2763.1,STOP_LOSS,1,-2.0,-2.18,0.5972305839855266,1.1571342564719895,True,True,False
ASIANPAINT,2025-12-17T12:25:00+05:30,2773.6,STOP_LOSS,5,-2.0,-2.18,0.2535643008685459,1.0142572034738953,True,False,False
ASIANPAINT,2025-12-18T11:11:00+05:30,2765.3,TIME_HORIZON,40,4.7927480379248815,4.612748037924882,3.2201275879809286,0.7114235368795491,True,True,True
ASIANPAINT,2025-12-18T13:25:00+05:30,2761.6,STOP_LOSS,10,-2.0,-2.18,1.3447816358921425,1.3447816358921425,True,True,True
ASIANPAINT,2025-12-18T14:54:00+05:30,2755.7,VWAP_Z_TARGET,38,14.474684793710848,14.294684793710848,8.022790408917299,0.0,True,True,True
ASIANPAINT,2025-12-26T10:03:00+05:30,2766.0,STOP_LOSS,8,-2.0,-2.18,0.6819195444639355,1.1365325741064445,True,True,False
ASIANPAINT,2025-12-29T11:04:00+05:30,2740.0,STOP_LOSS,3,-2.0,-2.18,0.9912879157030237,1.1771543998974638,True,True,False
ASIANPAINT,2025-12-30T14:04:00+05:30,2760.0,TIME_HORIZON,40,-1.4954890250346633,-1.6754890250346632,0.6729700612655531,0.8972934150207753,True,True,False
ASIANPAINT,2026-01-01T09:47:00+05:30,2762.0,VWAP_Z_TARGET,22,15.273896083144963,15.093896083144964,7.636948041572482,0.0,True,True,True
ASIANPAINT,2026-01-01T14:38:00+05:30,2759.5,STOP_LOSS,13,-2.0,-2.18,1.1281578128747942,1.2059617999695342,True,True,True
ASIANPAINT,2026-01-07T13:51:00+05:30,2808.4,STOP_LOSS,2,-2.0,-2.18,0.05605240318446139,1.177100466874709,False,False,False
ASIANPAINT,2026-01-08T09:17:00+05:30,2787.1,STOP_LOSS,2,-2.0,-2.18,0.34063645309561075,1.405125369019455,True,False,False
ASIANPAINT,2026-01-19T15:14:00+05:30,2753.1,STOP_LOSS,5,-2.0,-2.18,0.833828820203891,1.4514797981324965,True,True,False
ASIANPAINT,2026-01-20T09:34:00+05:30,2702.8,TIME_HORIZON,40,3.520665003907961,3.340665003907961,2.3286288214824262,0.055443543368642705,True,True,True
ASIANPAINT,2026-01-20T15:12:00+05:30,2673.3,STOP_LOSS,7,-2.0,-2.18,1.2015510163182903,1.1328909582430218,True,True,True
ASIANPAINT,2026-01-27T13:59:00+05:30,2644.9,STOP_LOSS,1,-2.0,-2.18,1.9828719163386188,2.0308446239920013,True,True,True
ASIANPAINT,2026-01-29T09:53:00+05:30,2448.0,STOP_LOSS,29,-2.0,-2.18,2.1662409129772775,1.883687750415061,True,True,True
ASIANPAINT,2026-02-01T11:41:00+05:30,2416.1,STOP_LOSS,25,-2.0,-2.18,2.143578714113507,1.7090695153067206,True,True,True
ASIANPAINT,2026-02-01T13:31:00+05:30,2369.5,TIME_HORIZON,40,2.244432826266449,2.0644328262664486,4.165515160613109,0.8559277727287173,True,True,True
ASIANPAINT,2026-02-05T09:45:00+05:30,2419.7,STOP_LOSS,4,-2.0,-2.18,0.5567957347594631,1.1754576622698212,True,True,False
ASIANPAINT,2026-02-05T10:38:00+05:30,2407.2,STOP_LOSS,18,-2.0,-2.18,1.4741497879637562,1.3103553670786876,True,True,True
ASIANPAINT,2026-02-06T09:32:00+05:30,2403.8,STOP_LOSS,3,-2.0,-2.18,0.15496261015973528,1.0330840677317252,False,False,False
ASIANPAINT,2026-02-10T11:14:00+05:30,2396.5,STOP_LOSS,10,-2.0,-2.18,1.3496488492382293,1.237178111801561,True,True,True
ASIANPAINT,2026-02-11T11:19:00+05:30,2381.2,STOP_LOSS,1,-2.0,-2.18,0.15131347206139323,1.4122590725720094,False,False,False
ASIANPAINT,2026-02-13T14:50:00+05:30,2368.0,STOP_LOSS,20,-2.0,-2.18,1.8413335409898537,1.487230936953331,True,True,True
ASIANPAINT,2026-02-18T11:40:00+05:30,2422.5,STOP_LOSS,1,-2.0,-2.18,0.05035216375388363,1.208451930094352,False,False,False
ASIANPAINT,2026-02-18T12:01:00+05:30,2418.5,STOP_LOSS,3,-2.0,-2.18,0.5564870490287103,1.2366378867303425,True,True,False
ASIANPAINT,2026-02-19T11:14:00+05:30,2399.1,TIME_HORIZON,40,5.033436524521302,4.853436524521302,3.1159368961322174,0.0798958178494695,True,True,True
ASIANPAINT,2026-02-24T12:53:00+05:30,2405.6,STOP_LOSS,8,-2.0,-2.18,1.8806263352897248,1.253750890193031,True,True,True
ASIANPAINT,2026-02-25T13:28:00+05:30,2400.7,TIME_HORIZON,40,3.585559005677459,3.4055590056774587,3.3968453737996644,0.09435681593879017,True,True,True
ASIANPAINT,2026-02-26T12:14:00+05:30,2393.4,STOP_LOSS,11,-2.0,-2.18,3.2319988984199655,2.6831688968016745,True,True,True
ASIANPAINT,2026-03-04T09:16:00+05:30,2265.8,STOP_LOSS,5,-2.0,-2.18,0.11706437307144575,1.0535793576430117,False,False,False
ASIANPAINT,2026-03-09T09:16:00+05:30,2179.0,TIME_HORIZON,40,-0.48688778888199863,-0.6668877888819986,0.2935646962376613,0.5119481897803296,True,False,False
ASIANPAINT,2026-03-11T13:11:00+05:30,2245.6,STOP_LOSS,4,-2.0,-2.18,0.2814466780699089,1.1609675470380143,True,False,False
ASIANPAINT,2026-03-11T14:49:00+05:30,2236.7,STOP_LOSS,4,-2.0,-2.18,0.7689140083316958,1.2212163661735915,True,True,False
ASIANPAINT,2026-03-13T13:10:00+05:30,2199.1,STOP_LOSS,1,-2.0,-2.18,0.054387565410134904,1.3053015698444743,False,False,False
ASIANPAINT,2026-03-16T09:16:00+05:30,2183.3,STOP_LOSS,11,-2.0,-2.18,1.1384902537877006,1.2461852777947624,True,True,True
ASIANPAINT,2026-03-19T09:16:00+05:30,2229.1,STOP_LOSS,3,-2.0,-2.18,0.0,1.407173157180895,False,False,False
ASIANPAINT,2026-03-27T13:40:00+05:30,2217.4,STOP_LOSS,14,-2.0,-2.18,2.3324215175699643,1.773954393644814,True,True,True
ASIANPAINT,2026-03-30T09:16:00+05:30,2178.8,TIME_HORIZON,40,1.2449145750703907,1.0649145750703908,3.19174907012739,0.0,True,True,True
ASIANPAINT,2026-03-30T15:00:00+05:30,2157.4,STOP_LOSS,1,-2.0,-2.18,0.8717738913562801,1.072952481669397,True,True,False
ASIANPAINT,2026-04-02T09:16:00+05:30,2146.1,TIME_HORIZON,40,2.052166364872699,1.872166364872699,1.3355368406314276,0.19544441570215593,True,True,True
ASIANPAINT,2026-04-06T11:12:00+05:30,2146.8,TIME_HORIZON,40,11.470323427449351,11.290323427449351,5.8340438122370815,0.4449694433062733,True,True,True
ASIANPAINT,2026-04-07T09:17:00+05:30,2150.0,TIME_HORIZON,40,3.47223198697753,3.29223198697753,2.8735712995676113,0.5986606874099191,True,True,True
ASIANPAINT,2026-04-13T09:16:00+05:30,2275.5,TIME_HORIZON,40,5.314888230029148,5.134888230029148,2.8906384797690614,0.655859150871972,True,True,True
ASIANPAINT,2026-04-17T09:17:00+05:30,2420.1,VWAP_Z_TARGET,4,5.455860366741836,5.275860366741837,2.790641222069114,0.15677759674545425,True,True,True
ASIANPAINT,2026-04-24T10:52:00+05:30,2496.9,STOP_LOSS,1,-2.0,-2.18,0.0,1.0635838653398881,False,False,False
ASIANPAINT,2026-04-28T09:16:00+05:30,2472.2,TIME_HORIZON,40,2.4703557312252817,2.2903557312252816,3.277338603425555,0.04940711462446069,True,True,True
ASIANPAINT,2026-04-28T12:05:00+05:30,2474.5,STOP_LOSS,2,-2.0,-2.18,0.0,1.7808142633869541,False,False,False
ASIANPAINT,2026-04-28T15:02:00+05:30,2464.7,STOP_LOSS,1,-2.0,-2.18,0.0,1.1877050698070017,False,False,False
ASIANPAINT,2026-04-29T10:05:00+05:30,2440.0,TIME_HORIZON,40,14.723689095468753,14.543689095468753,7.361844547734377,0.6871054911219198,True,True,True
ASIANPAINT,2026-05-05T09:16:00+05:30,2422.5,TIME_HORIZON,40,5.254426670358286,5.074426670358286,3.9226595419265062,0.20581855621217063,True,True,True
ASIANPAINT,2026-05-11T10:39:00+05:30,2575.9,STOP_LOSS,19,-2.0,-2.18,3.602866960111489,1.271600103568761,True,True,True
ASIANPAINT,2026-05-11T11:47:00+05:30,2566.6,STOP_LOSS,2,-2.0,-2.18,0.5302690611535492,1.2533632354539035,True,True,False
ASIANPAINT,2026-05-11T15:04:00+05:30,2562.4,STOP_LOSS,26,-2.0,-2.18,1.688152017460906,1.1356659026555325,True,True,True
ASIANPAINT,2026-05-12T11:12:00+05:30,2518.5,STOP_LOSS,2,-2.0,-2.18,0.0,1.7938787591902563,False,False,False
ASIANPAINT,2026-05-18T09:16:00+05:30,2586.6,STOP_LOSS,1,-2.0,-2.18,0.06095542474456514,1.0514810768435234,False,False,False
ASIANPAINT,2026-05-19T14:46:00+05:30,2602.8,STOP_LOSS,16,-2.0,-2.18,1.540870183151606,1.5087687210027876,True,True,True
ASIANPAINT,2026-05-26T09:17:00+05:30,2653.0,STOP_LOSS,40,-2.0,-2.18,0.7630348094467113,1.0450259346770685,True,True,False
ASIANPAINT,2026-05-26T14:40:00+05:30,2635.9,TIME_HORIZON,40,9.015805643994254,8.835805643994254,6.12612434784238,0.0,True,True,True
ASIANPAINT,2026-06-22T11:16:00+05:30,2707.4,TIME_HORIZON,40,-0.44565730017782584,-0.6256573001778258,2.7296509635886133,0.22282865008891292,True,True,True
ASIANPAINT,2026-06-22T13:13:00+05:30,2695.2,STOP_LOSS,2,-2.0,-2.18,1.2794612794619113,3.6251402918061633,True,True,True
ASIANPAINT,2026-06-30T15:03:00+05:30,2636.1,STOP_LOSS,4,-2.0,-2.18,1.0968022257747456,1.4136562021096057,True,True,True
ASIANPAINT,2026-07-08T09:16:00+05:30,2687.6,STOP_LOSS,6,-2.0,-2.18,0.3075067185530551,1.0310519386778714,True,False,False
ASIANPAINT,2026-07-14T09:16:00+05:30,2625.3,TIME_HORIZON,40,2.285264650205121,2.105264650205121,1.2412351145784064,0.13340377399675743,True,True,True
ASIANPAINT,2026-08-19T12:31:00+05:30,2602.1,TIME_HORIZON,40,1.1054958419037406,0.9254958419037407,2.063592238220282,0.0,True,True,True
AXISBANK,2023-07-04T09:24:00+05:30,977.6,STOP_LOSS,26,-2.0,-2.18,0.8638446663115429,1.3317605272303243,True,True,False
AXISBANK,2023-07-07T15:18:00+05:30,973.9,STOP_LOSS,1,-2.0,-2.18,0.04253943576154599,1.2761830728446388,False,False,False
AXISBANK,2023-07-11T14:18:00+05:30,957.05,STOP_LOSS,6,-2.0,-2.18,0.5663333433615998,1.3214444678436612,True,True,False
AXISBANK,2023-07-14T10:24:00+05:30,953.05,STOP_LOSS,17,-2.0,-2.18,2.55511944719673,1.244801781967519,True,True,True
AXISBANK,2023-07-20T09:41:00+05:30,960.35,TIME_HORIZON,40,3.0881292228280066,2.9081292228280065,1.8361849433030595,0.6677036157466447,True,True,True
AXISBANK,2023-07-25T10:07:00+05:30,961.55,TIME_HORIZON,40,2.297154182175257,2.117154182175257,1.655302278332157,0.8445419787408808,True,True,True
AXISBANK,2023-07-25T11:53:00+05:30,958.75,STOP_LOSS,2,-2.0,-2.18,0.08924177917762813,1.0709013501313345,False,False,False
AXISBANK,2023-07-28T09:17:00+05:30,950.65,STOP_LOSS,4,-2.0,-2.18,0.6673835280816753,1.0010752921224948,True,True,False
AXISBANK,2023-08-02T10:24:00+05:30,950.4,STOP_LOSS,2,-2.0,-2.18,0.264331755496075,1.6520734718500931,True,False,False
AXISBANK,2023-08-02T11:04:00+05:30,945.0,STOP_LOSS,3,-2.0,-2.18,0.69323227001113,1.2478180860200025,True,True,False
AXISBANK,2023-08-03T12:25:00+05:30,937.85,STOP_LOSS,4,-2.0,-2.18,0.39354423868309224,1.1806327160493582,True,False,False
AXISBANK,2023-08-03T12:46:00+05:30,934.0,STOP_LOSS,4,-2.0,-2.18,0.32391505765360157,1.6600646704747655,True,False,False
AXISBANK,2023-08-09T10:20:00+05:30,946.6,STOP_LOSS,3,-2.0,-2.18,0.3270951164435172,2.0934087452385395,True,False,False
AXISBANK,2023-08-10T14:00:00+05:30,940.0,TIME_HORIZON,40,-0.5781594136699145,-0.7581594136699146,0.8993590879308726,0.8672391205047988,True,True,False
AXISBANK,2023-08-11T09:29:00+05:30,935.7,STOP_LOSS,10,-2.0,-2.18,0.31094558904630254,1.2916201391154776,True,False,False
AXISBANK,2023-08-16T14:48:00+05:30,932.5,STOP_LOSS,8,-2.0,-2.18,0.2088949188044504,1.253369512826465,False,False,False
AXISBANK,2024-12-31T14:26:00+05:30,1061.75,TIME_HORIZON,40,6.464551646480554,6.284551646480554,3.4442283362396906,0.26494064124920697,True,True,True
AXISBANK,2025-01-01T09:49:00+05:30,1055.35,VWAP_Z_TARGET,26,10.573011754647956,10.393011754647956,5.897662626147553,0.8250616109117704,True,True,True
AXISBANK,2025-01-10T14:26:00+05:30,1038.4,TIME_HORIZON,40,0.20272610754801512,0.02272610754801513,1.7907472833423368,0.9460551685583257,True,True,True
AXISBANK,2025-01-17T09:16:00+05:30,1002.9,STOP_LOSS,20,-2.0,-2.18,0.42298881644224984,1.039472517001685,True,False,False
AXISBANK,2025-01-21T11:40:00+05:30,978.05,TIME_HORIZON,40,2.516292225835989,2.336292225835989,10.174572913162182,0.3282120294567924,True,True,True
AXISBANK,2025-01-21T14:41:00+05:30,965.65,STOP_LOSS,4,-2.0,-2.18,0.8984418048936393,1.190435391484062,True,True,False
AXISBANK,2025-01-27T09:16:00+05:30,938.4,STOP_LOSS,1,-2.0,-2.18,0.0,1.4897987622972626,False,False,False
AXISBANK,2025-01-30T09:16:00+05:30,979.35,STOP_LOSS,13,-2.0,-2.18,1.8023805182792403,1.0138390415321328,True,True,True
AXISBANK,2025-02-05T15:16:00+05:30,1011.6,STOP_LOSS,23,-2.0,-2.18,5.613206729753594,1.7271405322318645,True,True,True
AXISBANK,2025-02-10T10:35:00+05:30,1009.5,STOP_LOSS,1,-2.0,-2.18,0.0700363720884945,1.1906183255055212,False,False,False
AXISBANK,2025-02-11T10:45:00+05:30,1007.6,VWAP_Z_TARGET,27,9.301227190996528,9.121227190996528,4.814752898868766,0.10942620224704286,True,True,True
AXISBANK,2025-02-11T13:07:00+05:30,1009.5,STOP_LOSS,4,-2.0,-2.18,0.44486690802031637,2.3577946125076563,True,False,False
AXISBANK,2025-02-11T14:04:00+05:30,1004.3,STOP_LOSS,4,-2.0,-2.18,0.9928878982240037,1.4893318473359543,True,True,False
AXISBANK,2025-02-12T09:16:00+05:30,996.6,STOP_LOSS,1,-2.0,-2.18,0.5335943400001283,1.1312200008002624,True,True,False
AXISBANK,2025-02-14T10:38:00+05:30,1000.1,STOP_LOSS,2,-2.0,-2.18,0.1784217537862142,1.1062148734745767,False,False,False
AXISBANK,2025-02-14T13:04:00+05:30,989.25,STOP_LOSS,12,-2.0,-2.18,0.8732686079070978,1.1643581438761028,True,True,False
AXISBANK,2025-02-17T11:06:00+05:30,980.55,STOP_LOSS,7,-2.0,-2.18,1.8037158265204454,1.3262616371473508,True,True,True
AXISBANK,2025-02-21T13:03:00+05:30,1006.7,STOP_LOSS,6,-2.0,-2.18,0.7451665964301025,1.8967877000041773,True,True,False
AXISBANK,2025-02-21T13:38:00+05:30,1002.85,STOP_LOSS,2,-2.0,-2.18,0.6949805535149446,1.332046060903567,True,True,False
AXISBANK,2025-02-21T14:34:00+05:30,1001.9,TIME_HORIZON,40,17.409176118707492,17.229176118707493,9.65316496325757,0.27899320703056635,True,True,True
AXISBANK,2025-02-25T10:22:00+05:30,999.25,STOP_LOSS,4,-2.0,-2.18,0.0,1.4261629678153318,False,False,False
AXISBANK,2025-07-28T12:50:00+05:30,1073.7,TIME_HORIZON,40,0.0,-0.18,3.739120961103483,0.5665334789550809,True,True,True
AXISBANK,2025-07-29T10:14:00+05:30,1066.0,STOP_LOSS,3,-2.0,-2.18,1.2394746008821287,1.7116554012183056,True,True,True
AXISBANK,2025-07-31T10:21:00+05:30,1066.9,STOP_LOSS,14,-2.0,-2.18,2.167448180681445,1.1308425290512538,True,True,True
AXISBANK,2025-08-01T15:03:00+05:30,1064.3,STOP_LOSS,2,-2.0,-2.18,0.11484887718217278,1.493035403366157,False,False,False
AXISBANK,2025-08-08T10:41:00+05:30,1061.8,STOP_LOSS,19,-2.0,-2.18,1.7058629730999766,1.1372419820665434,True,True,True
AXISBANK,2025-08-13T11:28:00+05:30,1063.4,TIME_HORIZON,40,4.905334296896966,4.725334296896967,3.1884672929829168,0.24526671484490412,True,True,True
AXISBANK,2025-08-25T15:23:00+05:30,1069.6,STOP_LOSS,4,-2.0,-2.18,0.4246440844380464,1.9108983799704848,True,False,False
AXISBANK,2025-08-29T15:12:00+05:30,1043.0,VWAP_Z_TARGET,19,22.52607255216092,22.34607255216092,12.771478634484085,0.5028141194678756,True,True,True
AXISBANK,2025-09-02T13:57:00+05:30,1054.2,STOP_LOSS,4,-2.0,-2.18,0.6932426723672708,1.1554044539456265,True,True,False
AXISBANK,2025-09-03T12:48:00+05:30,1049.8,STOP_LOSS,1,-2.0,-2.18,0.0,1.595544732347898,False,False,False
AXISBANK,2026-07-23T12:34:00+05:30,1224.2,STOP_LOSS,12,-2.0,-2.18,0.7519255412423475,1.7544929295653824,True,True,False
AXISBANK,2026-07-29T09:37:00+05:30,1217.7,TIME_HORIZON,40,4.714041425761505,4.534041425761505,2.41904757374598,0.8683760521140284,True,True,True
AXISBANK,2026-08-12T11:04:00+05:30,1225.6,STOP_LOSS,25,-2.0,-2.18,1.5732073659522794,1.573207365952091,True,True,True
AXISBANK,2026-08-12T12:49:00+05:30,1219.4,STOP_LOSS,6,-2.0,-2.18,0.3605095541400734,1.0815286624204934,True,False,False
AXISBANK,2026-08-14T09:28:00+05:30,1211.7,TIME_HORIZON,40,1.0239377192818213,0.8439377192818214,0.8270266194199257,0.8270266194200153,True,True,False
AXISBANK,2026-08-19T11:19:00+05:30,1230.9,TIME_HORIZON,40,-0.5268930167050866,-0.7068930167050866,2.8979115918770777,0.3951697625289647,True,True,True
AXISBANK,2026-08-19T12:39:00+05:30,1224.2,TIME_HORIZON,40,4.540823819775331,4.360823819775331,5.297627789737968,0.0,True,True,True
BAJAJ-AUTO,2023-07-19T13:27:00+05:30,4714.5,STOP_LOSS,3,-2.0,-2.18,0.0,2.217370487407833,False,False,False
BAJAJ-AUTO,2023-07-20T09:51:00+05:30,4673.5,VWAP_Z_TARGET,31,6.530989646039008,6.350989646039008,3.265494823019504,0.9694437755839153,True,True,True
BAJAJ-AUTO,2023-08-09T10:22:00+05:30,4502.5,VWAP_Z_TARGET,38,13.188231205600745,13.008231205600746,6.594115602800373,0.11176467123390461,True,True,True
BAJAJ-AUTO,2023-08-11T09:21:00+05:30,4494.0,TIME_HORIZON,40,1.8472659523863455,1.6672659523863456,1.0946761199326493,0.5131294312184294,True,True,True
BAJAJ-AUTO,2023-08-11T15:12:00+05:30,4488.0,STOP_LOSS,4,-2.0,-2.18,0.2940577920731116,1.3232600643290025,True,False,False
BAJAJ-AUTO,2023-08-14T09:21:00+05:30,4448.5,STOP_LOSS,4,-2.0,-2.18,0.027407127610045767,1.0688779767917849,False,False,False
BAJAJFINSV,2023-07-07T10:56:00+05:30,1608.4,STOP_LOSS,1,-2.0,-2.18,0.1366181346287143,1.6394176155445719,False,False,False
BAJAJFINSV,2023-07-10T09:34:00+05:30,1598.0,STOP_LOSS,19,-2.0,-2.18,0.9128304681278973,1.0611654191987014,True,True,False
BAJAJFINSV,2023-07-10T10:39:00+05:30,1586.0,STOP_LOSS,37,-2.0,-2.18,3.366869257253155,1.1510664127361392,True,True,True
BAJAJFINSV,2023-07-18T12:13:00+05:30,1604.95,STOP_LOSS,1,-2.0,-2.18,0.4606709012061397,1.4305043774295452,True,False,False
BAJAJFINSV,2023-08-03T09:17:00+05:30,1510.0,STOP_LOSS,27,-2.0,-2.18,2.610993772153305,1.1700207941253118,True,True,True
BAJAJFINSV,2023-08-03T13:50:00+05:30,1485.6,STOP_LOSS,5,-2.0,-2.18,0.6316953926749188,1.1581082199038781,True,True,False
BAJAJFINSV,2023-08-11T15:03:00+05:30,1510.25,STOP_LOSS,1,-2.0,-2.18,0.0,1.7097442984737865,False,False,False
BAJAJFINSV,2023-08-16T09:17:00+05:30,1468.35,TIME_HORIZON,40,1.0050895243332048,0.8250895243332048,1.3206408866238275,0.7830348619804656,True,True,True
BAJAJFINSV,2023-08-18T10:16:00+05:30,1462.8,STOP_LOSS,12,-2.0,-2.18,0.5500953828562107,1.8336512761874486,True,True,False
BAJAJFINSV,2023-08-21T09:56:00+05:30,1451.7,VWAP_Z_TARGET,4,13.608897567649601,13.428897567649601,7.815010484392849,0.30316851017044527,True,True,True
BAJAJFINSV,2023-08-22T14:19:00+05:30,1469.65,STOP_LOSS,7,-2.0,-2.18,0.719061219076294,1.4104662374190342,True,True,False
BAJAJFINSV,2023-08-28T10:55:00+05:30,1491.45,STOP_LOSS,6,-2.0,-2.18,1.2427477563894231,1.981678854783262,True,True,True
BAJAJFINSV,2023-08-30T15:11:00+05:30,1500.0,STOP_LOSS,20,-2.0,-2.18,2.4903981692187944,1.058419221918016,True,True,True
BAJAJFINSV,2023-08-31T09:32:00+05:30,1494.55,TIME_HORIZON,40,6.066970897682105,5.886970897682105,5.359157626285859,0.262902072232836,True,True,True
BAJAJFINSV,2023-09-28T12:08:00+05:30,1553.5,STOP_LOSS,34,-2.0,-2.18,3.121330581393624,1.9863012790687535,True,True,True
BAJAJFINSV,2023-09-28T13:33:00+05:30,1546.65,STOP_LOSS,23,-2.0,-2.18,3.7426697506266913,2.098693318108461,True,True,True
BAJAJFINSV,2023-09-28T14:14:00+05:30,1539.0,STOP_LOSS,17,-2.0,-2.18,1.9328283563129385,1.710664177426389,True,True,True
BAJAJFINSV,2023-10-26T09:16:00+05:30,1592.45,STOP_LOSS,7,-2.0,-2.18,0.5589050079316237,1.2383581548289337,True,True,False
BAJAJFINSV,2023-10-27T10:21:00+05:30,1554.8,STOP_LOSS,1,-2.0,-2.18,0.09464815717553758,1.0884538075184131,False,False,False
BAJAJFINSV,2023-10-30T09:17:00+05:30,1550.0,STOP_LOSS,5,-2.0,-2.18,1.1582007845277142,1.0329898889031146,True,True,True
BAJAJFINSV,2023-10-30T09:43:00+05:30,1530.5,TIME_HORIZON,40,10.028131257406635,9.848131257406635,5.670988665619004,0.6703296295057896,True,True,True
BAJAJFINSV,2023-11-03T14:53:00+05:30,1544.0,STOP_LOSS,4,-2.0,-2.18,0.40300876655885554,1.2090262996765666,True,False,False
BAJAJFINSV,2024-05-13T10:46:00+05:30,1560.4,VWAP_Z_TARGET,31,9.406278755981836,9.226278755981836,4.781091964366388,0.20787356366815518,True,True,True
BAJAJFINSV,2024-05-16T10:48:00+05:30,1564.5,STOP_LOSS,1,-2.0,-2.18,0.0,1.208727179849435,False,False,False
BAJAJFINSV,2024-05-30T09:34:00+05:30,1556.3,STOP_LOSS,5,-2.0,-2.18,0.06814337777794578,1.4212761650823063,False,False,False
BAJAJFINSV,2024-06-04T09:16:00+05:30,1547.3,STOP_LOSS,7,-2.0,-2.18,1.780893961682674,2.3237332975966254,True,True,True
BAJAJFINSV,2024-06-04T10:57:00+05:30,1507.1,STOP_LOSS,11,-2.0,-2.18,2.1485100837914604,2.166414334489706,True,True,True
BAJAJFINSV,2024-06-04T12:03:00+05:30,1470.0,STOP_LOSS,2,-2.0,-2.18,1.51965301470489,1.8877677201303087,True,True,True
BAJAJFINSV,2025-06-04T13:09:00+05:30,1971.3,STOP_LOSS,3,-2.0,-2.18,1.2788971449648112,3.2218370382766857,True,True,True
BAJAJFINSV,2025-06-23T09:46:00+05:30,1955.1,TIME_HORIZON,40,1.5044164816738999,1.3244164816739,1.084064817676772,0.9734459587301143,True,True,True
BAJAJFINSV,2025-07-02T09:31:00+05:30,2032.3,STOP_LOSS,28,-2.0,-2.18,0.7253967081528959,1.4311880998692006,True,True,False
BAJAJFINSV,2025-07-18T10:31:00+05:30,2015.1,TIME_HORIZON,40,0.7996071865600652,0.6196071865600652,1.6719059355345243,0.5815324993163059,True,True,True
BAJAJFINSV,2025-07-24T12:06:00+05:30,2041.0,STOP_LOSS,1,-2.0,-2.18,0.17178269136299507,2.1759140905982415,False,False,False
BAJAJFINSV,2025-07-25T09:16:00+05:30,1985.5,STOP_LOSS,2,-2.0,-2.18,0.030957907101706695,1.2073583769665612,False,False,False
BAJAJFINSV,2025-07-30T10:46:00+05:30,1948.0,STOP_LOSS,17,-2.0,-2.18,1.8770136197461758,1.1041256586741914,True,True,True
BAJAJFINSV,2025-07-31T10:03:00+05:30,1944.2,STOP_LOSS,18,-2.0,-2.18,2.288454112377066,1.3461494778688865,True,True,True
BAJAJFINSV,2025-08-01T15:16:00+05:30,1913.2,TIME_HORIZON,40,15.880023366520579,15.700023366520579,10.377734568471787,0.6964922529175707,True,True,True
BAJAJFINSV,2025-08-05T09:16:00+05:30,1925.0,STOP_LOSS,13,-2.0,-2.18,3.286507683484987,1.1502776892197268,True,True,True
BAJAJFINSV,2025-08-07T10:33:00+05:30,1909.6,STOP_LOSS,17,-2.0,-2.18,2.081136414356635,2.0327378930923534,True,True,True
BAJAJFINSV,2025-08-13T10:19:00+05:30,1895.7,STOP_LOSS,1,-2.0,-2.18,0.33781279819718235,1.5201575918875767,True,False,False
BAJAJFINSV,2025-08-20T09:21:00+05:30,1962.6,STOP_LOSS,1,-2.0,-2.18,0.09104406438270346,1.3049649228179445,False,False,False
BAJAJFINSV,2025-08-22T09:16:00+05:30,1971.0,STOP_LOSS,17,-2.0,-2.18,2.632531220300957,1.2535862953814172,True,True,True
BAJAJFINSV,2025-08-22T10:31:00+05:30,1968.1,STOP_LOSS,8,-2.0,-2.18,0.13530886263652536,1.0148164697737094,False,False,False
BAJAJFINSV,2025-08-26T09:18:00+05:30,1951.8,STOP_LOSS,12,-2.0,-2.18,1.6155734154675507,1.1368849960697252,True,True,True
BAJAJFINSV,2025-08-26T10:18:00+05:30,1939.3,STOP_LOSS,6,-2.0,-2.18,1.7246930842277775,1.180053162892592,True,True,True
BAJAJFINSV,2025-08-26T11:20:00+05:30,1933.2,TIME_HORIZON,40,2.11460732717981,1.9346073271798099,2.2289104259462453,0.05715154938325039,True,True,True
BAJAJFINSV,2025-08-28T15:10:00+05:30,1917.2,STOP_LOSS,1,-2.0,-2.18,0.09636306419933403,1.3490828987908956,False,False,False
BAJAJFINSV,2025-09-08T14:49:00+05:30,2010.3,STOP_LOSS,1,-2.0,-2.18,0.0,1.8307434669158746,False,False,False
BAJAJFINSV,2025-09-26T10:10:00+05:30,2015.4,STOP_LOSS,8,-2.0,-2.18,2.393077867866529,1.1201641083631226,True,True,True
BAJAJFINSV,2025-09-30T14:20:00+05:30,2005.3,STOP_LOSS,13,-2.0,-2.18,2.853086046762851,1.2320144292838446,True,True,True
BAJAJFINSV,2025-10-07T15:12:00+05:30,2031.4,STOP_LOSS,1,-2.0,-2.18,0.4153086389154014,1.0798024611801946,True,False,False
BAJAJFINSV,2025-10-08T11:15:00+05:30,2012.8,STOP_LOSS,7,-2.0,-2.18,1.1821599417456186,1.4185919300947063,True,True,True
BAJAJFINSV,2025-10-14T12:41:00+05:30,2007.0,TIME_HORIZON,40,6.861493123771895,6.6814931237718955,4.522347740667926,0.20792403405374393,True,True,True
BAJAJFINSV,2025-10-30T11:47:00+05:30,2121.7,STOP_LOSS,2,-2.0,-2.18,0.6886293028421091,1.483201575351883,True,True,False
BAJAJFINSV,2025-11-04T10:17:00+05:30,2070.5,STOP_LOSS,1,-2.0,-2.18,0.0,1.6090172287911506,False,False,False
BAJAJFINSV,2025-11-04T14:20:00+05:30,2064.8,STOP_LOSS,3,-2.0,-2.18,0.4141418269545108,1.0512830991924982,True,False,False
BAJAJFINSV,2025-11-07T09:35:00+05:30,2048.0,STOP_LOSS,9,-2.0,-2.18,1.1576870537811115,1.0214885768656592,True,True,True
BAJAJFINSV,2025-11-11T09:16:00+05:30,2047.8,STOP_LOSS,1,-2.0,-2.18,0.18024067187671206,1.013853779306491,False,False,False
BAJAJFINSV,2025-11-14T09:55:00+05:30,2045.6,TIME_HORIZON,40,3.3922706667512,3.2122706667511998,2.703215687567084,0.7420592083516894,True,True,True
BAJAJFINSV,2025-11-18T12:21:00+05:30,2055.0,STOP_LOSS,1,-2.0,-2.18,0.29936517092633924,1.496825854631356,True,False,False
BAJAJFINSV,2025-11-18T15:02:00+05:30,2049.1,STOP_LOSS,5,-2.0,-2.18,0.291709182788251,1.9447278852538274,True,False,False
BAJAJFINSV,2025-11-19T09:52:00+05:30,2037.5,TIME_HORIZON,40,7.237427104147747,7.057427104147747,4.052959178322782,0.4824951402765164,True,True,True
BAJAJFINSV,2025-11-21T14:57:00+05:30,2059.5,STOP_LOSS,3,-2.0,-2.18,0.8038635796510842,1.5727765688824318,True,True,False
BAJAJFINSV,2025-12-01T12:11:00+05:30,2079.8,STOP_LOSS,10,-2.0,-2.18,1.4358920123243697,1.1748207373565183,True,True,True
BAJAJFINSV,2025-12-02T09:16:00+05:30,2068.4,TIME_HORIZON,40,1.870162758766403,1.690162758766403,4.0831886899732845,0.4987100690043457,True,True,True
BAJAJFINSV,2025-12-02T10:12:00+05:30,2064.8,TIME_HORIZON,40,13.229566802763639,13.04956680276364,6.6690029374586715,0.975951649384316,True,True,True
BAJAJFINSV,2025-12-02T14:44:00+05:30,2061.4,STOP_LOSS,3,-2.0,-2.18,0.21926135396058957,1.38865524175173,False,False,False
BAJAJFINSV,2025-12-03T09:16:00+05:30,2056.8,STOP_LOSS,2,-2.0,-2.18,0.8678212468254585,1.735642493651156,True,True,False
BAJAJFINSV,2025-12-08T13:34:00+05:30,2053.2,TIME_HORIZON,40,-0.47982137466553765,-0.6598213746655377,1.9192854986625143,0.47982137466553765,True,True,True
BAJAJFINSV,2025-12-11T13:09:00+05:30,2053.3,STOP_LOSS,1,-2.0,-2.18,0.5730095734883901,1.562753382241193,True,True,False
BAJAJFINSV,2025-12-16T09:16:00+05:30,2061.5,STOP_LOSS,1,-2.0,-2.18,0.0,1.4236450476992608,False,False,False
BAJAJFINSV,2025-12-17T12:05:00+05:30,2023.0,STOP_LOSS,10,-2.0,-2.18,0.8094405091557519,1.304098598084341,True,True,False
BAJAJFINSV,2025-12-23T15:29:00+05:30,2042.4,STOP_LOSS,4,-2.0,-2.18,13.097525614967003,2.841915935323278,True,True,True
BAJAJFINSV,2025-12-24T12:13:00+05:30,2040.5,STOP_LOSS,5,-2.0,-2.18,0.2716860927359113,2.4063625356607905,True,False,False
BAJAJFINSV,2025-12-24T13:01:00+05:30,2034.8,STOP_LOSS,1,-2.0,-2.18,0.361286285841427,1.1561161146925008,True,False,False
BAJAJFINSV,2025-12-26T14:24:00+05:30,2006.3,TIME_HORIZON,40,4.583318007894575,4.403318007894575,2.418973393055498,0.25462877821634916,True,True,True
BAJAJFINSV,2025-12-29T11:28:00+05:30,1998.1,TIME_HORIZON,40,5.1806309731134395,5.00063097311344,2.8493470352124084,0.333040562557242,True,True,True
BAJAJFINSV,2025-12-30T09:45:00+05:30,1999.1,STOP_LOSS,2,-2.0,-2.18,0.32834878234546716,1.3681199264391355,True,False,False
BAJAJFINSV,2025-12-30T10:47:00+05:30,1982.7,STOP_LOSS,2,-2.0,-2.18,0.0,1.323990975158311,False,False,False
BAJAJFINSV,2026-01-02T14:33:00+05:30,2028.9,STOP_LOSS,1,-2.0,-2.18,0.2085055955520275,1.5985428992325796,False,False,False
BAJAJFINSV,2026-01-08T09:16:00+05:30,2023.3,STOP_LOSS,1,-2.0,-2.18,0.0,2.082035739995975,False,False,False
BAJAJFINSV,2026-01-08T10:04:00+05:30,2017.7,STOP_LOSS,8,-2.0,-2.18,0.8215040474572313,1.0082095127884163,True,True,False
BAJAJFINSV,2026-01-08T11:02:00+05:30,2008.2,STOP_LOSS,6,-2.0,-2.18,0.24797274251958334,1.1335896800894663,False,False,False
BAJAJFINSV,2026-01-08T11:59:00+05:30,1993.8,STOP_LOSS,5,-2.0,-2.18,1.1567300840389698,1.6194221176545578,True,True,True
BAJAJFINSV,2026-01-09T11:41:00+05:30,1992.6,STOP_LOSS,4,-2.0,-2.18,0.8698140283052337,1.6153689097095583,True,True,False
BAJAJFINSV,2026-01-20T09:28:00+05:30,1997.8,STOP_LOSS,13,-2.0,-2.18,0.0,1.0942160070801137,False,False,False
BAJAJFINSV,2026-01-23T11:41:00+05:30,1970.1,STOP_LOSS,1,-2.0,-2.18,0.0,2.044657336895044,False,False,False
BAJAJFINSV,2026-01-23T13:53:00+05:30,1955.3,STOP_LOSS,9,-2.0,-2.18,0.7887042538611692,1.2782448252232466,True,True,False
BAJAJFINSV,2026-01-23T14:50:00+05:30,1943.8,VWAP_Z_TARGET,41,32.62418708664992,32.44418708664992,16.31209354332496,0.4513227462580329,True,True,True
BAJAJFINSV,2026-01-27T13:34:00+05:30,1916.2,STOP_LOSS,6,-2.0,-2.18,0.38681547830616253,1.1252813914362183,True,False,False
BAJAJFINSV,2026-02-01T12:24:00+05:30,1931.5,STOP_LOSS,6,-2.0,-2.18,0.7256056831889937,1.6585272758605232,True,True,False
BAJAJFINSV,2026-02-01T15:00:00+05:30,1918.9,STOP_LOSS,10,-2.0,-2.18,0.7234983518244487,1.473792938901754,True,True,False
BAJAJFINSV,2026-02-04T09:17:00+05:30,1998.3,VWAP_Z_TARGET,11,4.5694821901779115,4.389482190177912,2.350019412091497,0.0,True,True,True
BAJAJFINSV,2026-02-04T11:37:00+05:30,2004.5,VWAP_Z_TARGET,19,9.254642631204902,9.074642631204902,4.627321315602451,0.09163012506145635,True,True,True
BAJAJFINSV,2026-02-05T11:00:00+05:30,1993.5,TIME_HORIZON,40,8.323464786661953,8.143464786661953,4.875172232187742,0.6539865189519565,True,True,True
BAJAJFINSV,2026-02-06T10:48:00+05:30,1991.4,STOP_LOSS,1,-2.0,-2.18,0.0,2.158542025596927,False,False,False
BAJAJFINSV,2026-02-13T11:12:00+05:30,2022.4,STOP_LOSS,7,-2.0,-2.18,1.2453239355737056,1.1495297866835044,True,True,True
BAJAJFINSV,2026-02-13T11:43:00+05:30,2014.9,TIME_HORIZON,40,3.8746105046075137,3.6946105046075135,3.8746105046076327,0.6283152169634353,True,True,True
BAJAJFINSV,2026-02-19T14:03:00+05:30,2042.9,STOP_LOSS,3,-2.0,-2.18,0.0,1.157726284755108,False,False,False
BAJAJFINSV,2026-02-19T14:28:00+05:30,2031.3,STOP_LOSS,19,-2.0,-2.18,1.2982097091604956,1.573587526255168,True,True,True
BAJAJFINSV,2026-02-26T14:08:00+05:30,2029.3,VWAP_Z_TARGET,39,14.604050542985608,14.424050542985608,7.604476022383056,0.17282900050864555,True,True,True
BAJAJFINSV,2026-02-27T09:16:00+05:30,2024.6,STOP_LOSS,27,-2.0,-2.18,0.6779832554567227,1.4021926419672697,True,True,False
BAJAJFINSV,2026-02-27T15:03:00+05:30,1994.0,STOP_LOSS,2,-2.0,-2.18,0.15927982650413866,1.4653744038380467,False,False,False
BAJAJFINSV,2026-03-02T10:50:00+05:30,1953.1,TIME_HORIZON,40,6.935576600173536,6.755576600173536,5.694022764339984,0.47093421359198334,True,True,True
BAJAJFINSV,2026-03-04T09:16:00+05:30,1900.3,STOP_LOSS,1,-2.0,-2.18,0.0,1.0283120132364907,False,False,False
BAJAJFINSV,2026-03-04T10:01:00+05:30,1869.6,STOP_LOSS,2,-2.0,-2.18,0.076114240766279,1.0909707843159926,False,False,False
BAJAJFINSV,2026-03-05T14:00:00+05:30,1883.1,STOP_LOSS,10,-2.0,-2.18,1.2279937168353856,2.7449271317495794,True,True,True
BAJAJFINSV,2026-03-09T09:16:00+05:30,1826.3,STOP_LOSS,2,-2.0,-2.18,0.0,1.0424565328091244,False,False,False
BAJAJFINSV,2026-03-09T10:35:00+05:30,1808.5,STOP_LOSS,1,-2.0,-2.18,0.0,2.881147086216995,False,False,False
BAJAJFINSV,2026-03-11T10:06:00+05:30,1845.9,STOP_LOSS,11,-2.0,-2.18,0.3115848606352201,1.8175783537057262,True,False,False
BAJAJFINSV,2026-03-11T11:21:00+05:30,1828.1,STOP_LOSS,4,-2.0,-2.18,0.6685578358917305,1.1460991472428268,True,True,False
BAJAJFINSV,2026-03-11T11:52:00+05:30,1819.0,STOP_LOSS,1,-2.0,-2.18,0.0,1.6330210134521803,False,False,False
BAJAJFINSV,2026-03-13T12:27:00+05:30,1747.3,STOP_LOSS,7,-2.0,-2.18,0.6791278825293238,1.1795379012350686,True,True,False
BAJAJFINSV,2026-03-13T13:52:00+05:30,1728.7,STOP_LOSS,8,-2.0,-2.18,1.3974945425583063,1.2976735038042309,True,True,True
BAJAJFINSV,2026-03-19T09:16:00+05:30,1766.2,STOP_LOSS,1,-2.0,-2.18,0.0,1.5885610688114045,False,False,False
BAJAJFINSV,2026-03-20T14:45:00+05:30,1709.7,STOP_LOSS,6,-2.0,-2.18,0.7241266652007877,1.6745429132769374,True,True,False
BAJAJFINSV,2026-03-24T09:15:00+05:30,1710.0,STOP_LOSS,1,-2.0,-2.18,1.1511695261681893,6.331432393925041,True,True,True
BAJAJFINSV,2026-03-27T09:16:00+05:30,1724.4,STOP_LOSS,1,-2.0,-2.18,0.0,1.9408797412096097,False,False,False
BAJAJFINSV,2026-04-09T09:50:00+05:30,1771.5,STOP_LOSS,7,-2.0,-2.18,1.3312017251154407,1.3741437162482568,True,True,True
BAJAJFINSV,2026-04-09T14:24:00+05:30,1762.5,STOP_LOSS,8,-2.0,-2.18,0.6159938605469488,2.3613097987631675,True,True,False
BAJAJFINSV,2026-04-13T09:16:00+05:30,1760.9,STOP_LOSS,2,-2.0,-2.18,0.0,1.2354610061429159,False,False,False
BAJAJFINSV,2026-04-17T09:17:00+05:30,1813.1,VWAP_Z_TARGET,37,8.423699234881644,8.243699234881644,4.232495939094925,0.289048503157674,True,True,True
BAJAJFINSV,2026-04-20T15:23:00+05:30,1827.9,STOP_LOSS,2,-2.0,-2.18,0.3349023217355827,2.2187278814984377,True,False,False
BAJAJFINSV,2026-04-23T09:16:00+05:30,1815.6,TIME_HORIZON,40,2.4600019612428414,2.2800019612428413,1.9045176474137873,0.6612908497964498,True,True,True
BAJAJFINSV,2026-04-23T10:39:00+05:30,1806.9,STOP_LOSS,2,-2.0,-2.18,0.5905975982690062,1.1221354367111653,True,True,False
BAJAJFINSV,2026-04-23T10:56:00+05:30,1794.5,TIME_HORIZON,40,0.6790484839264811,0.4990484839264811,2.2917886332520427,0.7639295444173154,True,True,True
BAJAJFINSV,2026-04-24T10:50:00+05:30,1779.6,STOP_LOSS,8,-2.0,-2.18,0.25251427730729403,1.5150856638433337,True,False,False
BAJAJFINSV,2026-04-24T12:25:00+05:30,1764.9,STOP_LOSS,41,-2.0,-2.18,3.4075393007794568,1.1874758169384059,True,True,True
BAJAJFINSV,2026-04-28T09:16:00+05:30,1758.9,VWAP_Z_TARGET,31,9.069265801814444,8.889265801814444,4.8031309016188635,0.3281642230920146,True,True,True
BAJAJFINSV,2026-04-30T11:05:00+05:30,1752.5,STOP_LOSS,8,-2.0,-2.18,1.463935589440576,1.219946324533844,True,True,True
BAJAJFINSV,2026-04-30T14:26:00+05:30,1727.3,TIME_HORIZON,40,3.101085239162716,2.921085239162716,1.9438509913776085,0.6504715379707092,True,True,True
BAJAJFINSV,2026-05-05T09:19:00+05:30,1750.8,STOP_LOSS,27,-2.0,-2.18,0.7127556668754235,1.051012593528156,True,True,False
BAJAJFINSV,2026-05-08T09:37:00+05:30,1811.9,STOP_LOSS,6,-2.0,-2.18,0.43220336450378544,1.1885592523856556,True,False,False
BAJAJFINSV,2026-05-11T09:16:00+05:30,1800.2,STOP_LOSS,2,-2.0,-2.18,0.03842864540632354,1.5755744616589156,False,False,False
BAJAJFINSV,2026-05-13T15:05:00+05:30,1729.9,STOP_LOSS,1,-2.0,-2.18,0.0,1.2114625155683052,False,False,False
BAJAJFINSV,2026-05-14T09:45:00+05:30,1725.0,STOP_LOSS,4,-2.0,-2.18,1.0748004083635267,2.559048591341841,True,True,True
BAJAJFINSV,2026-05-15T14:51:00+05:30,1725.9,STOP_LOSS,1,-2.0,-2.18,0.66187041176624,1.8437818613490338,True,True,False
BAJAJFINSV,2026-05-20T09:16:00+05:30,1733.1,TIME_HORIZON,40,2.4337616156052255,2.2537616156052254,2.3468415579050212,0.2824901875255898,True,True,True
BAJAJFINSV,2026-05-21T12:30:00+05:30,1750.7,STOP_LOSS,9,-2.0,-2.18,1.388509566455075,1.6409658512651408,True,True,True
BAJAJFINSV,2026-05-26T14:50:00+05:30,1799.8,STOP_LOSS,2,-2.0,-2.18,0.2939651632706899,1.690299688806049,True,False,False
BAJAJFINSV,2026-05-29T12:10:00+05:30,1803.0,STOP_LOSS,1,-2.0,-2.18,0.8258846872530933,1.351447670050594,True,True,False
BAJAJFINSV,2026-05-29T13:12:00+05:30,1796.6,STOP_LOSS,2,-2.0,-2.18,0.4474660704569446,1.5661312465989246,True,False,False
BAJAJFINSV,2026-05-29T15:01:00+05:30,1792.0,STOP_LOSS,1,-2.0,-2.18,0.0,2.6261796217524087,False,False,False
BAJAJFINSV,2026-06-01T15:01:00+05:30,1759.5,STOP_LOSS,25,-2.0,-2.18,0.8062857018043279,1.20942855270645,True,True,False
BAJAJFINSV,2026-06-04T13:13:00+05:30,1716.7,STOP_LOSS,2,-2.0,-2.18,0.49095773323850267,2.0620224796017337,True,False,False
BAJAJFINSV,2026-06-04T13:52:00+05:30,1708.5,TIME_HORIZON,40,6.330177873263957,6.150177873263957,3.5343493125724,0.26375741138599823,True,True,True
BAJAJFINSV,2026-06-08T09:16:00+05:30,1681.1,TIME_HORIZON,40,2.7746791340172114,2.5946791340172113,1.3873395670086057,0.5762795124496897,True,True,True
BAJAJFINSV,2026-06-08T15:24:00+05:30,1668.4,STOP_LOSS,5,-2.0,-2.18,0.8791372491724023,3.2967646843966962,True,True,False
BAJAJFINSV,2026-06-10T09:16:00+05:30,1681.1,VWAP_Z_TARGET,9,6.777626247073392,6.597626247073392,3.614733998439157,0.0,True,True,True
BAJAJFINSV,2026-06-10T14:19:00+05:30,1680.3,STOP_LOSS,9,-2.0,-2.18,0.6864048902988166,2.121615115468721,True,True,False
BAJAJFINSV,2026-06-10T14:50:00+05:30,1668.2,STOP_LOSS,10,-2.0,-2.18,0.6928042488447965,1.2371504443658285,True,True,False
BAJAJFINSV,2026-06-11T09:17:00+05:30,1649.0,TIME_HORIZON,40,2.780384088071989,2.600384088071989,2.154797668255781,0.46339734801199817,True,True,True
BAJAJFINSV,2026-06-11T14:46:00+05:30,1642.9,STOP_LOSS,2,-2.0,-2.18,1.076127879306287,1.2298604334929992,True,True,True
BAJAJFINSV,2026-06-17T11:33:00+05:30,1767.2,STOP_LOSS,5,-2.0,-2.18,0.4837452517244807,1.4072589141077165,True,False,False
BAJAJFINSV,2026-06-22T11:36:00+05:30,1762.2,VWAP_Z_TARGET,12,10.029769519072241,9.849769519072241,5.246340979206983,0.0,True,True,True
BAJAJFINSV,2026-06-25T14:16:00+05:30,1766.3,STOP_LOSS,27,-2.0,-2.18,3.4444371819465,2.4917205145994714,True,True,True
BAJAJFINSV,2026-07-01T09:28:00+05:30,1747.3,TIME_HORIZON,40,1.0211519255503572,0.8411519255503572,0.6382199534689775,0.4354912623670636,True,True,False
BAJAJFINSV,2026-07-08T09:16:00+05:30,1865.7,TIME_HORIZON,40,5.728268452256595,5.548268452256595,3.9381845609264476,0.2753975217431091,True,True,True
BAJAJFINSV,2026-07-13T09:16:00+05:30,1894.3,STOP_LOSS,5,-2.0,-2.18,0.3104018996906931,1.095536116555358,True,False,False
BAJAJFINSV,2026-07-13T10:10:00+05:30,1889.1,TIME_HORIZON,40,-0.06679107179308777,-0.24679107179308776,1.9369410820013675,0.701306253828029,True,True,True
BAJAJFINSV,2026-07-14T09:43:00+05:30,1882.0,STOP_LOSS,2,-2.0,-2.18,0.7836603110918965,1.054927341854513,True,True,False
BAJAJFINSV,2026-07-15T12:58:00+05:30,1844.4,TIME_HORIZON,40,2.654775270517964,2.4747752705179638,2.0858948554069805,0.2708954357671467,True,True,True
BAJAJFINSV,2026-07-22T13:13:00+05:30,1874.5,STOP_LOSS,13,-2.0,-2.18,1.69809839479734,1.9811147939302303,True,True,True
BAJAJFINSV,2026-07-23T09:16:00+05:30,1862.9,VWAP_Z_TARGET,12,5.493389184376257,5.313389184376257,2.8496956393951676,0.0,True,True,True
BAJAJFINSV,2026-07-24T09:16:00+05:30,1873.7,STOP_LOSS,33,-2.0,-2.18,1.420258366158628,1.1497329630808333,True,True,True
BAJAJFINSV,2026-07-24T10:05:00+05:30,1869.4,STOP_LOSS,10,-2.0,-2.18,0.6277541113708458,1.0339479481403946,True,True,False
BAJFINANCE,2023-07-07T09:16:00+05:30,771.0,STOP_LOSS,32,-2.0,-2.18,2.0381348060326627,1.0190674030163314,True,True,True
BAJFINANCE,2023-07-07T10:50:00+05:30,766.0,STOP_LOSS,10,-2.0,-2.18,1.2123552123552124,1.2123552123552124,True,True,True
BAJFINANCE,2023-07-10T09:18:00+05:30,758.0,STOP_LOSS,1,-2.0,-2.18,0.8671809515691372,1.7343619031382744,True,True,False
BAJFINANCE,2023-07-14T10:48:00+05:30,741.0,STOP_LOSS,1,-2.0,-2.18,0.0,2.036219860910086,False,False,False
BAJFINANCE,2023-07-18T11:38:00+05:30,744.0,STOP_LOSS,2,-2.0,-2.18,0.0,1.5863389722310883,False,False,False
BAJFINANCE,2023-07-18T12:08:00+05:30,737.5,TIME_HORIZON,40,13.09364855760397,12.91364855760397,6.910536738735428,0.3637124599334436,True,True,True
BAJFINANCE,2023-10-16T11:13:00+05:30,799.0,TIME_HORIZON,40,4.197813638729828,4.017813638729828,3.3582509109838625,0.0,True,True,True
BAJFINANCE,2023-10-19T09:16:00+05:30,777.0,STOP_LOSS,4,-2.0,-2.18,0.4699848256887237,1.409954477066171,True,False,False
BAJFINANCE,2023-11-15T14:13:00+05:30,729.5,STOP_LOSS,1,-2.0,-2.18,0.0,3.7614919884423434,False,False,False
BAJFINANCE,2023-12-13T10:02:00+05:30,723.0,STOP_LOSS,29,-2.0,-2.18,1.6600040410550736,1.2450030307913051,True,True,True
BAJFINANCE,2023-12-19T10:10:00+05:30,754.0,TIME_HORIZON,40,1.9840641867544264,1.8040641867544265,2.480080233443033,0.0,True,True,True
BAJFINANCE,2023-12-20T13:36:00+05:30,755.0,STOP_LOSS,29,-2.0,-2.18,2.562552589519936,1.281276294759968,True,True,True
BAJFINANCE,2023-12-26T12:36:00+05:30,720.5,STOP_LOSS,6,-2.0,-2.18,0.8847690776475481,1.1059613470594352,True,True,False
BAJFINANCE,2023-12-28T15:28:00+05:30,723.0,STOP_LOSS,2,-2.0,-2.18,0.0,1.7312760895271473,False,False,False
BAJFINANCE,2024-02-14T09:16:00+05:30,656.0,TIME_HORIZON,40,5.121951219512195,4.9419512195121955,2.926829268292683,0.7317073170731707,True,True,True
BAJFINANCE,2024-02-29T14:33:00+05:30,641.0,STOP_LOSS,1,-2.0,-2.18,1.3776944704779759,2.4798500468603564,True,True,True
BAJFINANCE,2024-03-05T12:40:00+05:30,649.0,STOP_LOSS,6,-2.0,-2.18,0.9323361823361824,2.175451092117759,True,True,False
BAJFINANCE,2024-03-12T10:47:00+05:30,635.0,TIME_HORIZON,40,6.687401965384565,6.507401965384565,4.5378799050823835,0.47767156895604035,True,True,True
BAJFINANCE,2024-04-16T09:16:00+05:30,698.5,STOP_LOSS,1,-2.0,-2.18,0.34965710422099866,1.048971312662996,True,False,False
BAJFINANCE,2024-04-19T09:16:00+05:30,683.0,STOP_LOSS,17,-2.0,-2.18,2.4346456147640314,1.0820647176729028,True,True,True
BAJFINANCE,2024-04-26T09:16:00+05:30,690.0,STOP_LOSS,18,-2.0,-2.18,0.4107642091895913,1.0953712245055767,True,False,False
BAJFINANCE,2024-05-30T09:18:00+05:30,677.0,STOP_LOSS,7,-2.0,-2.18,1.428280836814846,1.0712106276111346,True,True,True
BAJFINANCE,2024-06-04T09:16:00+05:30,674.0,STOP_LOSS,8,-2.0,-2.18,1.1505807293635926,1.1505807293635926,True,True,True
BAJFINANCE,2024-08-05T09:16:00+05:30,663.0,STOP_LOSS,1,-2.0,-2.18,0.0,2.1071870128473904,False,False,False
BAJFINANCE,2024-08-13T14:27:00+05:30,649.0,STOP_LOSS,12,-2.0,-2.18,1.3690917172914507,1.3690917172914507,True,True,True
BAJFINANCE,2024-10-31T10:50:00+05:30,691.5,TIME_HORIZON,40,3.848410493919742,3.6684104939197417,3.207008744933118,0.6414017489866236,True,True,True
BAJFINANCE,2024-10-31T14:11:00+05:30,689.0,TIME_HORIZON,40,1.5245048970539166,1.3445048970539166,3.049009794107833,0.7622524485269583,True,True,True
BAJFINANCE,2024-11-04T10:59:00+05:30,679.0,STOP_LOSS,1,-2.0,-2.18,0.0,1.4170660202882759,False,False,False
BAJFINANCE,2024-11-05T11:25:00+05:30,678.0,STOP_LOSS,6,-2.0,-2.18,1.0840150228944796,1.0840150228944796,True,True,True
BAJFINANCE,2024-11-05T11:46:00+05:30,674.5,STOP_LOSS,2,-2.0,-2.18,0.6028193304090278,1.8084579912270835,True,True,False
BAJFINANCE,2024-11-07T11:21:00+05:30,688.0,STOP_LOSS,4,-2.0,-2.18,1.168986083499006,1.168986083499006,True,True,True
BAJFINANCE,2024-11-11T09:16:00+05:30,684.0,STOP_LOSS,2,-2.0,-2.18,1.0758159856078127,1.0758159856078127,True,True,True
BAJFINANCE,2024-11-11T12:07:00+05:30,683.0,STOP_LOSS,4,-2.0,-2.18,0.951920052266073,1.903840104532146,True,True,False
BAJFINANCE,2024-11-12T12:45:00+05:30,666.0,STOP_LOSS,4,-2.0,-2.18,0.44408733802673206,1.3322620140801962,True,False,False
BAJFINANCE,2024-11-13T12:14:00+05:30,658.0,TIME_HORIZON,40,2.8110283414675923,2.631028341467592,2.8110283414675923,0.0,True,True,True
BAJFINANCE,2024-11-13T13:29:00+05:30,656.5,STOP_LOSS,3,-2.0,-2.18,0.8361322255612516,1.672264451122503,True,True,False
BAJFINANCE,2024-11-21T09:16:00+05:30,656.0,STOP_LOSS,2,-2.0,-2.18,0.0,1.3875152006485612,False,False,False
BAJFINANCE,2024-11-21T10:40:00+05:30,649.5,STOP_LOSS,3,-2.0,-2.18,0.5742648028996531,2.2970592115986124,True,True,False
BAJFINANCE,2024-11-28T10:38:00+05:30,667.0,STOP_LOSS,3,-2.0,-2.18,0.0,1.5679947624392068,False,False,False
BAJFINANCE,2024-11-28T12:39:00+05:30,660.0,TIME_HORIZON,40,0.0,-0.18,3.163775070751815,0.7909437676879537,True,True,True
BAJFINANCE,2024-12-02T09:17:00+05:30,653.5,STOP_LOSS,5,-2.0,-2.18,0.41134336216303424,1.0283584054075856,True,False,False
BAJFINANCE,2024-12-19T09:16:00+05:30,699.5,STOP_LOSS,5,-2.0,-2.18,0.19226968433108493,1.5381574746486795,False,False,False
BAJFINANCE,2024-12-19T09:59:00+05:30,694.0,STOP_LOSS,2,-2.0,-2.18,0.40360131548956396,1.210803946468692,True,False,False
BAJFINANCE,2024-12-20T12:50:00+05:30,683.5,TIME_HORIZON,40,4.899659540273636,4.7196595402736365,3.429761678191545,0.0,True,True,True
BAJFINANCE,2024-12-24T13:45:00+05:30,680.5,STOP_LOSS,1,-2.0,-2.18,0.0,1.141476110801264,False,False,False
BAJFINANCE,2024-12-31T10:03:00+05:30,680.5,STOP_LOSS,3,-2.0,-2.18,0.5996947147490936,1.799084144247281,True,True,False
BAJFINANCE,2025-01-13T09:16:00+05:30,721.0,STOP_LOSS,17,-2.0,-2.18,0.6728251172695617,1.1213751954492694,True,True,False
BAJFINANCE,2025-01-17T09:16:00+05:30,718.0,STOP_LOSS,1,-2.0,-2.18,0.2563893386213503,1.0255573544854013,True,False,False
BAJFINANCE,2025-01-21T14:45:00+05:30,729.0,TIME_HORIZON,40,0.0,-0.18,1.2338866734674951,0.8225911156449968,True,True,True
BAJFINANCE,2025-01-24T10:03:00+05:30,738.5,STOP_LOSS,1,-2.0,-2.18,0.41629243985731174,1.2488773195719352,True,False,False
BAJFINANCE,2025-01-27T09:16:00+05:30,736.0,VWAP_Z_TARGET,12,7.094801223241591,6.914801223241591,3.5474006116207955,0.44342507645259943,True,True,True
BAJFINANCE,2025-01-27T12:52:00+05:30,733.0,TIME_HORIZON,40,0.7523161496174989,0.5723161496174989,1.8807903740437473,0.7523161496174989,True,True,True
BAJFINANCE,2025-02-01T11:52:00+05:30,782.0,STOP_LOSS,4,-2.0,-2.18,1.5715001734973204,1.833416869080207,True,True,True
BAJFINANCE,2025-02-12T09:30:00+05:30,811.0,STOP_LOSS,11,-2.0,-2.18,0.493351485106128,1.1511534652476318,True,False,False
BAJFINANCE,2025-02-12T09:58:00+05:30,805.0,STOP_LOSS,3,-2.0,-2.18,0.0,1.1900584795321638,False,False,False
BAJFINANCE,2025-03-05T09:16:00+05:30,838.0,STOP_LOSS,5,-2.0,-2.18,0.1787554662698196,1.6981769295632863,False,False,False
BAJFINANCE,2025-06-05T10:13:00+05:30,891.0,STOP_LOSS,4,-2.0,-2.18,0.8775091355058317,1.7550182710116633,True,True,False
BAJFINANCE,2025-06-10T12:32:00+05:30,952.5,STOP_LOSS,1,-2.0,-2.18,0.0,1.4705539287007876,False,False,False
BAJFINANCE,2025-06-11T14:10:00+05:30,941.0,TIME_HORIZON,40,3.6650091083649254,3.4850091083649253,2.4433394055766167,0.6108348513941542,True,True,True
BAJFINANCE,2025-06-13T09:16:00+05:30,925.0,TIME_HORIZON,40,0.502802813034233,0.322802813034233,1.508408439102699,0.2514014065171165,True,True,True
BAJFINANCE,2025-06-17T10:10:00+05:30,925.0,TIME_HORIZON,40,0.0,-0.18,2.57992710501138,0.3685610150016257,True,True,True
BAJFINANCE,2025-06-18T14:02:00+05:30,916.0,TIME_HORIZON,40,2.9252271139063595,2.7452271139063593,2.9252271139063595,0.7313067784765899,True,True,True
BAJFINANCE,2025-06-19T11:39:00+05:30,910.5,STOP_LOSS,1,-2.0,-2.18,0.0,1.5377235671094265,False,False,False
BAJFINANCE,2025-06-19T12:19:00+05:30,907.0,STOP_LOSS,2,-2.0,-2.18,0.0,1.2865520892726234,False,False,False
BAJFINANCE,2025-06-27T09:30:00+05:30,938.5,TIME_HORIZON,40,0.0,-0.18,0.8071351547325291,0.6726126289437742,True,True,False
BAJFINANCE,2025-06-30T13:45:00+05:30,938.5,STOP_LOSS,6,-2.0,-2.18,0.5794662587115417,1.1589325174230833,True,True,False
BAJFINANCE,2025-06-30T15:06:00+05:30,936.5,STOP_LOSS,3,-2.0,-2.18,0.4684190256114,1.4052570768342,True,False,False
BAJFINANCE,2025-07-01T10:21:00+05:30,929.2,TIME_HORIZON,40,6.776067406286085,6.596067406286085,4.93918166361816,0.979672396089597,True,True,True
BAJFINANCE,2025-07-02T09:29:00+05:30,930.85,STOP_LOSS,31,-2.0,-2.18,0.27826474036223464,1.3495839907568445,True,False,False
BAJFINANCE,2025-07-02T11:39:00+05:30,924.05,STOP_LOSS,1,-2.0,-2.18,0.0,1.5641383850295043,False,False,False
BAJFINANCE,2025-07-03T09:21:00+05:30,911.95,STOP_LOSS,2,-2.0,-2.18,0.7200733645263396,1.3233780753458058,True,True,False
BAJFINANCE,2025-07-11T10:11:00+05:30,941.6,STOP_LOSS,19,-2.0,-2.18,1.308513785744649,1.9032927792649317,True,True,True
BAJFINANCE,2025-07-11T11:02:00+05:30,934.7,TIME_HORIZON,40,3.7912880687771344,3.6112880687771343,3.4035426981067927,0.17233127585355065,True,True,True
BAJFINANCE,2025-07-14T09:17:00+05:30,923.85,STOP_LOSS,4,-2.0,-2.18,0.6887195842674922,1.2663553646209202,True,True,False
BAJFINANCE,2025-07-22T09:32:00+05:30,942.1,TIME_HORIZON,40,1.6456201710692755,1.4656201710692756,0.9747134859410382,0.5316619014223871,True,True,False
BAJFINANCE,2025-07-22T10:44:00+05:30,941.05,TIME_HORIZON,40,-0.1134593009769179,-0.2934593009769179,3.6874272817531857,0.5672965048851054,True,True,True
BAJFINANCE,2025-07-24T12:05:00+05:30,956.15,STOP_LOSS,1,-2.0,-2.18,0.5279434794970908,1.385851633679882,True,True,False
BAJFINANCE,2025-07-25T09:16:00+05:30,909.4,VWAP_Z_TARGET,39,1.4593479459305754,1.2793479459305754,0.7331321434532717,0.7884628712610625,True,True,False
BAJFINANCE,2025-07-28T09:19:00+05:30,905.1,TIME_HORIZON,40,5.5532115303987295,5.37321153039873,3.5919582518055435,0.4627676275332609,True,True,True
BAJFINANCE,2025-07-30T10:43:00+05:30,878.3,STOP_LOSS,3,-2.0,-2.18,1.1188109911061492,2.303434393453775,True,True,True
BAJFINANCE,2025-07-31T09:16:00+05:30,876.0,STOP_LOSS,1,-2.0,-2.18,0.11286704739771959,1.185103997676136,False,False,False
BAJFINANCE,2025-08-01T15:12:00+05:30,873.35,VWAP_Z_TARGET,23,11.982054875789327,11.802054875789327,6.394269669291447,0.20162111569839164,True,True,True
BAJFINANCE,2025-08-06T10:09:00+05:30,881.3,STOP_LOSS,31,-2.0,-2.18,1.8484021188272164,1.036908505683534,True,True,True
BAJFINANCE,2025-08-07T09:16:00+05:30,870.6,TIME_HORIZON,40,2.1620889947287396,1.9820889947287397,3.159976223065154,0.33262907611213804,True,True,True
BAJFINANCE,2025-08-11T11:43:00+05:30,876.5,STOP_LOSS,9,-2.0,-2.18,0.8034234135308624,1.3390390225514373,True,True,False
BAJFINANCE,2025-08-12T09:31:00+05:30,870.75,TIME_HORIZON,40,0.3342036176490029,0.15420361764900292,0.9874197794175902,0.8355090441225763,True,True,False
BAJFINANCE,2025-08-12T10:28:00+05:30,867.05,STOP_LOSS,3,-2.0,-2.18,0.11040485462835088,2.2080970925665153,False,False,False
BAJFINANCE,2025-08-14T13:28:00+05:30,857.0,STOP_LOSS,6,-2.0,-2.18,0.3276610523063987,1.4744747353790424,True,False,False
BAJFINANCE,2025-08-20T09:22:00+05:30,889.3,TIME_HORIZON,40,1.6202008131243475,1.4402008131243476,1.9216335225427579,0.5275072414823148,True,True,True
BAJFINANCE,2025-08-22T14:27:00+05:30,893.1,STOP_LOSS,9,-2.0,-2.18,1.977411295821019,1.0785879795387563,True,True,True
BAJFINANCE,2025-08-26T09:17:00+05:30,896.95,STOP_LOSS,1,-2.0,-2.18,0.0,1.1837224755456968,False,False,False
BAJFINANCE,2025-08-26T10:54:00+05:30,893.45,STOP_LOSS,5,-2.0,-2.18,1.0462817994775457,1.3078522493471303,True,True,True
BAJFINANCE,2025-08-26T11:16:00+05:30,889.4,STOP_LOSS,2,-2.0,-2.18,0.2829772921016331,1.0187182515658533,True,False,False
BAJFINANCE,2025-09-03T09:16:00+05:30,885.1,STOP_LOSS,2,-2.0,-2.18,0.48617605057032653,2.17158635921414,True,False,False
BAJFINANCE,2025-12-30T12:15:00+05:30,990.3,STOP_LOSS,41,-2.0,-2.18,3.655752924429002,1.0445008355509737,True,True,True
BAJFINANCE,2025-12-30T14:29:00+05:30,987.6,TIME_HORIZON,40,2.3168043021003375,2.1368043021003373,3.4752064531505065,0.5792010755250844,True,True,True
BAJFINANCE,2025-12-31T10:29:00+05:30,983.3,STOP_LOSS,31,-2.0,-2.18,2.1714536121197536,1.0218605233503868,True,True,True
BAJFINANCE,2025-12-31T11:44:00+05:30,979.7,STOP_LOSS,3,-2.0,-2.18,0.8404370007420395,2.311201752040788,True,True,False
BAJFINANCE,2026-01-01T12:06:00+05:30,979.3,STOP_LOSS,10,-2.0,-2.18,1.1222199338763224,1.0520811880089627,True,True,True
BAJFINANCE,2026-01-01T12:38:00+05:30,976.7,STOP_LOSS,1,-2.0,-2.18,0.2143743415770324,1.2326524640684542,False,False,False
BAJFINANCE,2026-01-01T14:27:00+05:30,970.95,STOP_LOSS,4,-2.0,-2.18,0.12532001766777087,1.0652201501770495,False,False,False
BAJFINANCE,2026-01-06T14:05:00+05:30,974.0,TIME_HORIZON,40,3.063610918215452,2.8836109182154517,2.2977081886615096,0.974785292159505,True,True,True
BAJFINANCE,2026-01-07T09:16:00+05:30,969.55,STOP_LOSS,14,-2.0,-2.18,1.5175586667991094,1.046592183999353,True,True,True
BAJFINANCE,2026-01-12T10:47:00+05:30,941.4,STOP_LOSS,8,-2.0,-2.18,1.8684267325956323,1.0025704418805705,True,True,True
BAJFINANCE,2026-01-13T12:11:00+05:30,944.5,STOP_LOSS,31,-2.0,-2.18,1.2636887327112003,1.0530739439260002,True,True,True
BAJFINANCE,2026-01-13T12:59:00+05:30,940.25,STOP_LOSS,1,-2.0,-2.18,0.3542473494395883,1.1639555767299772,True,False,False
BAJFINANCE,2026-01-20T09:19:00+05:30,957.35,STOP_LOSS,7,-2.0,-2.18,0.16423416608210836,1.0983159856741669,False,False,False
BAJFINANCE,2026-01-20T15:11:00+05:30,933.85,STOP_LOSS,6,-2.0,-2.18,1.0004287272243335,1.370957885455562,True,True,True
BAJFINANCE,2026-01-27T11:16:00+05:30,916.0,STOP_LOSS,40,-2.0,-2.18,4.722642775914765,1.2379743199000133,True,True,True
BAJFINANCE,2026-02-01T12:13:00+05:30,923.1,STOP_LOSS,5,-2.0,-2.18,1.1718966477056447,1.146962676477888,True,True,True
BAJFINANCE,2026-02-02T13:19:00+05:30,896.65,STOP_LOSS,1,-2.0,-2.18,0.0,2.529113443583913,False,False,False
BAJFINANCE,2026-02-05T10:05:00+05:30,954.3,STOP_LOSS,5,-2.0,-2.18,0.6750497269362877,1.032428994137788,True,True,False
BAJFINANCE,2026-02-10T09:55:00+05:30,968.05,STOP_LOSS,8,-2.0,-2.18,1.7190218930840262,1.1628677512038461,True,True,True
BAJFINANCE,2026-02-27T12:33:00+05:30,1005.05,STOP_LOSS,1,-2.0,-2.18,0.0455624537374185,1.09349888969649,False,False,False
BAJFINANCE,2026-02-27T15:03:00+05:30,999.7,STOP_LOSS,1,-2.0,-2.18,0.03778015554727138,2.342369643932973,False,False,False
BAJFINANCE,2026-03-04T09:16:00+05:30,950.5,STOP_LOSS,18,-2.0,-2.18,0.4137944444935259,1.0388881797922425,True,False,False
BAJFINANCE,2026-03-04T10:00:00+05:30,942.6,TIME_HORIZON,40,3.7485135046096474,3.5685135046096472,3.7485135046095883,0.46856418807619116,True,True,True
BAJFINANCE,2026-03-09T09:16:00+05:30,919.2,TIME_HORIZON,40,0.3107803183382309,0.1307803183382309,0.3470380221443484,0.8287475155686157,True,False,False
BAJFINANCE,2026-03-11T10:41:00+05:30,924.15,STOP_LOSS,6,-2.0,-2.18,0.9532365137655958,1.954134853219428,True,True,False
BAJFINANCE,2026-03-11T11:18:00+05:30,916.2,STOP_LOSS,1,-2.0,-2.18,0.3909330230884123,1.172799069265348,True,False,False
BAJFINANCE,2026-03-11T11:52:00+05:30,908.5,STOP_LOSS,1,-2.0,-2.18,0.04256925661937176,1.7879087780152596,False,False,False
BAJFINANCE,2026-03-12T14:53:00+05:30,865.4,STOP_LOSS,9,-2.0,-2.18,2.020725343115089,1.3351221017010249,True,True,True
BAJFINANCE,2026-03-19T09:20:00+05:30,856.65,STOP_LOSS,40,-2.0,-2.18,0.5712647262072746,1.53130683552782,True,True,False
BAJFINANCE,2026-03-23T09:58:00+05:30,798.75,STOP_LOSS,13,-2.0,-2.18,1.1963575163158453,1.5723555928722228,True,True,True
BAJFINANCE,2026-03-27T09:16:00+05:30,864.45,STOP_LOSS,4,-2.0,-2.18,0.35809347996651286,1.0280748295813193,True,False,False
BAJFINANCE,2026-03-30T09:16:00+05:30,827.35,TIME_HORIZON,40,-0.29660182982167055,-0.47660182982167054,0.7497435142714565,0.5025753227534102,True,True,False
BAJFINANCE,2026-04-09T09:16:00+05:30,895.75,TIME_HORIZON,40,3.918220409519934,3.738220409519934,3.8569982156211853,0.1469332653570031,True,True,True
BAJFINANCE,2026-04-09T13:21:00+05:30,900.55,STOP_LOSS,2,-2.0,-2.18,0.1940014967474583,1.8236140694260374,False,False,False
BAJFINANCE,2026-04-13T09:16:00+05:30,887.4,STOP_LOSS,1,-2.0,-2.18,0.024052111807625717,1.0101886959204258,False,False,False
BAJFINANCE,2026-04-20T09:16:00+05:30,901.8,STOP_LOSS,1,-2.0,-2.18,0.07719212733023789,1.466650419274169,False,False,False
BAJFINANCE,2026-04-23T09:16:00+05:30,920.0,STOP_LOSS,1,-2.0,-2.18,0.035649655500537426,1.319037253519601,False,False,False
BAJFINANCE,2026-04-24T13:13:00+05:30,911.55,STOP_LOSS,2,-2.0,-2.18,0.5827021611999398,1.1124313986542442,True,True,False
BAJFINANCE,2026-04-30T15:14:00+05:30,935.25,VWAP_Z_TARGET,36,15.882909709738618,15.702909709738618,11.21941707156006,0.4055210989720652,True,True,True
BAJFINANCE,2026-05-11T09:16:00+05:30,945.4,STOP_LOSS,4,-2.0,-2.18,0.7182220467518811,1.0870387734622755,True,True,False
BAJFINANCE,2026-05-15T14:50:00+05:30,909.25,STOP_LOSS,36,-2.0,-2.18,3.159393107232333,1.5591810139587858,True,True,True
BAJFINANCE,2026-05-26T14:38:00+05:30,931.7,STOP_LOSS,3,-2.0,-2.18,0.3798193283868945,1.2154218508380796,True,False,False
BAJFINANCE,2026-05-27T09:34:00+05:30,926.55,STOP_LOSS,12,-2.0,-2.18,1.2635046133324055,1.152018912155952,True,True,True
BAJFINANCE,2026-05-29T11:38:00+05:30,927.0,STOP_LOSS,23,-2.0,-2.18,2.76512483575789,1.6076307184639067,True,True,True
BAJFINANCE,2026-05-29T12:56:00+05:30,920.8,STOP_LOSS,2,-2.0,-2.18,0.0,1.0901755696674418,False,False,False
BAJFINANCE,2026-05-29T13:14:00+05:30,916.9,TIME_HORIZON,40,5.8777836429728145,5.697783642972815,4.996116096526914,0.5877783642973037,True,True,True
BAJFINANCE,2026-06-02T09:16:00+05:30,864.3,TIME_HORIZON,40,0.08604750765040516,-0.09395249234959484,0.6023325535528361,0.662565808908104,True,True,False
BAJFINANCE,2026-06-04T13:16:00+05:30,869.25,VWAP_Z_TARGET,21,8.339129949154724,8.159129949154725,4.381576752945752,0.17667648197361774,True,True,True
BAJFINANCE,2026-06-08T09:16:00+05:30,871.0,TIME_HORIZON,40,1.6419003182108485,1.4619003182108485,1.731458517385972,0.4776437289340718,True,True,True
BAJFINANCE,2026-06-11T10:32:00+05:30,877.95,STOP_LOSS,22,-2.0,-2.18,1.3119456872594424,1.73364251530717,True,True,True
BAJFINANCE,2026-06-17T09:16:00+05:30,954.8,STOP_LOSS,4,-2.0,-2.18,0.3841141925528284,1.9205709627638732,True,False,False
BAJFINANCE,2026-06-17T14:37:00+05:30,954.55,VWAP_Z_TARGET,22,9.362761775156853,9.182761775156854,4.753402132002808,0.07202124442421798,True,True,True
BAJFINANCE,2026-06-18T09:17:00+05:30,950.65,STOP_LOSS,1,-2.0,-2.18,0.24133031358591983,1.8272152314361159,False,False,False
BAJFINANCE,2026-06-18T11:51:00+05:30,951.45,TIME_HORIZON,40,7.795503311875612,7.615503311875612,5.140513053483243,0.3389349266033712,True,True,True
BEL,2023-07-04T13:13:00+05:30,122.3,TIME_HORIZON,40,2.1753375694996695,1.9953375694996696,3.263006354249401,0.0,True,True,True
BEL,2023-07-04T14:28:00+05:30,121.9,STOP_LOSS,3,-2.0,-2.18,0.3083648408529291,1.5418242042647332,True,False,False
BEL,2023-07-10T12:04:00+05:30,122.55,TIME_HORIZON,40,2.539718883619968,2.359718883619968,4.4445080463348985,0.0,True,True,True
BEL,2023-07-13T13:53:00+05:30,126.1,STOP_LOSS,2,-2.0,-2.18,0.0,1.53171797856393,False,False,False
BEL,2023-07-20T09:17:00+05:30,126.15,VWAP_Z_TARGET,11,6.281817642034568,6.101817642034568,3.140908821017284,0.9815340065679047,True,True,True
BEL,2023-10-13T09:16:00+05:30,136.65,TIME_HORIZON,40,0.6710557726376268,0.49105577263762684,2.1250099466857124,0.111842628772959,True,True,True
BEL,2023-10-19T09:16:00+05:30,135.4,TIME_HORIZON,40,3.960839906461865,3.780839906461865,2.376503943877134,0.9241959781744201,True,True,True
BEL,2023-10-20T10:23:00+05:30,135.85,STOP_LOSS,2,-2.0,-2.18,0.5784755182345149,1.1569510364690299,True,True,False
BEL,2023-11-22T12:27:00+05:30,140.2,TIME_HORIZON,40,7.765830346475762,7.585830346475762,4.400637196336383,0.2588610115491038,True,True,True
BEL,2023-11-24T10:22:00+05:30,137.9,STOP_LOSS,1,-2.0,-2.18,0.3448125775880124,1.2068440215580925,True,False,False
BEL,2025-01-13T09:17:00+05:30,264.15,TIME_HORIZON,40,5.162459226524166,4.982459226524166,2.8998999358870305,0.06373406452496778,True,True,True
BEL,2025-02-24T09:16:00+05:30,251.9,TIME_HORIZON,40,4.215496840005293,4.035496840005293,2.61177521609025,0.8247711208706121,True,True,True
BEL,2025-02-28T09:16:00+05:30,248.8,STOP_LOSS,3,-2.0,-2.18,0.6382851183525741,1.5957127958815258,True,True,False
BEL,2025-08-26T09:17:00+05:30,370.05,STOP_LOSS,2,-2.0,-2.18,0.0,1.8029385041360597,False,False,False
BEL,2025-11-21T09:16:00+05:30,419.95,TIME_HORIZON,40,0.4572264412058298,0.2772264412058298,3.8864247502498133,0.6858396618087447,True,True,True
BEL,2025-11-27T13:17:00+05:30,412.3,TIME_HORIZON,40,6.864290843127717,6.684290843127718,4.5761938954183545,0.9806129775897005,True,True,True
BEL,2025-12-08T09:16:00+05:30,403.15,STOP_LOSS,20,-2.0,-2.18,3.0783023735810437,1.3192724458203657,True,True,True
BEL,2025-12-16T09:16:00+05:30,388.5,STOP_LOSS,3,-2.0,-2.18,0.49086554990459075,1.1921020497682462,True,False,False
BEL,2025-12-16T09:37:00+05:30,386.35,STOP_LOSS,26,-2.0,-2.18,2.2378129376683993,1.4661533039897225,True,True,True
BEL,2025-12-18T09:44:00+05:30,381.75,STOP_LOSS,1,-2.0,-2.18,0.4474357893948007,1.4541663155331341,True,False,False
BEL,2026-01-06T14:17:00+05:30,410.6,TIME_HORIZON,40,8.139858508462794,7.959858508462794,4.069929254231397,0.9044287231626327,True,True,True
BEL,2026-01-12T09:16:00+05:30,413.5,STOP_LOSS,1,-2.0,-2.18,0.19187348602455245,1.2151987448221049,False,False,False
BEL,2026-02-01T12:25:00+05:30,425.55,STOP_LOSS,2,-2.0,-2.18,0.7094472031996574,1.8130317415102521,True,True,False
BEL,2026-02-05T09:21:00+05:30,434.1,STOP_LOSS,1,-2.0,-2.18,0.11927569466000291,1.1331190992701126,False,False,False
BEL,2026-02-05T09:56:00+05:30,428.25,TIME_HORIZON,40,9.289999714834208,9.109999714834208,6.454740061605575,0.0,True,True,True
BEL,2026-02-06T09:24:00+05:30,427.75,STOP_LOSS,16,-2.0,-2.18,0.4524616237602962,1.1311540594007246,True,False,False
BEL,2026-02-13T15:02:00+05:30,436.8,STOP_LOSS,5,-2.0,-2.18,1.0699603972885077,1.6364100193825035,True,True,True
BEL,2026-02-13T15:26:00+05:30,433.85,STOP_LOSS,1,-2.0,-2.18,0.0,1.0627609188582723,False,False,False
BEL,2026-02-19T09:35:00+05:30,443.85,STOP_LOSS,7,-2.0,-2.18,0.7638508397240082,1.0025542271378287,True,True,False
BEL,2026-03-09T09:19:00+05:30,457.5,STOP_LOSS,3,-2.0,-2.18,0.4154235171977621,1.2924287201707902,True,False,False
BEL,2026-03-11T13:04:00+05:30,455.3,TIME_HORIZON,40,1.6629067421098758,1.4829067421098758,1.3694526111493421,0.9781804365352602,True,True,True
BEL,2026-03-13T09:23:00+05:30,447.0,STOP_LOSS,22,-2.0,-2.18,0.5536727714901135,1.192525969363316,True,True,False
BEL,2026-03-16T09:26:00+05:30,426.45,TIME_HORIZON,40,4.6875422157696045,4.507542215769605,2.515266554803209,0.08574772345920345,True,True,True
BEL,2026-03-19T09:16:00+05:30,437.1,STOP_LOSS,4,-2.0,-2.18,0.5959254015028922,1.191850803005822,True,True,False
BEL,2026-03-27T09:16:00+05:30,408.1,STOP_LOSS,4,-2.0,-2.18,1.6493424164461403,1.7493025628974457,True,True,True
BEL,2026-04-02T09:16:00+05:30,409.1,TIME_HORIZON,40,2.801494729913075,2.6214947299130746,1.899318460958024,0.7597273843832204,True,True,True
BEL,2026-04-13T09:17:00+05:30,434.8,TIME_HORIZON,40,5.043202864126162,4.863202864126162,2.5972494750249617,0.2521601432063081,True,True,True
BEL,2026-05-29T09:18:00+05:30,414.9,STOP_LOSS,26,-2.0,-2.18,0.8148940657298417,1.14085169202176,True,True,False
BEL,2026-06-02T09:16:00+05:30,401.5,TIME_HORIZON,40,4.638222750352525,4.458222750352525,2.464055836124771,0.8696667656910932,True,True,True
BEL,2026-06-08T09:16:00+05:30,402.1,VWAP_Z_TARGET,24,6.195416821208869,6.015416821208869,3.255754758084253,0.4741390424394564,True,True,True
BEL,2026-06-10T14:46:00+05:30,410.0,STOP_LOSS,15,-2.0,-2.18,1.1417404933439002,1.2455350836479127,True,True,True
BEL,2026-06-10T15:17:00+05:30,407.75,STOP_LOSS,2,-2.0,-2.18,0.2148246727121248,1.1815356999164421,False,False,False
BEL,2026-07-07T09:21:00+05:30,422.05,STOP_LOSS,2,-2.0,-2.18,0.2864919568055807,1.038533343420281,True,False,False
BEL,2026-07-08T09:15:00+05:30,416.5,STOP_LOSS,1,-2.0,-2.18,2.2114501779646623,2.3815617301157306,True,True,True
BEL,2026-07-14T09:16:00+05:30,408.65,STOP_LOSS,5,-2.0,-2.18,5.390808339893336,2.8301743784438793,True,True,True
BEL,2026-07-28T09:16:00+05:30,399.05,STOP_LOSS,1,-2.0,-2.18,0.49333009022597835,1.5578844954504767,True,False,False
BEL,2026-08-12T10:05:00+05:30,401.3,TIME_HORIZON,40,2.9895799403957772,2.809579940395777,5.79231113451719,0.9342437313737335,True,True,True
BEL,2026-08-12T11:30:00+05:30,399.7,STOP_LOSS,3,-2.0,-2.18,0.4014090594145575,1.0704241584385157,True,False,False
BEL,2026-08-19T09:26:00+05:30,408.75,STOP_LOSS,11,-2.0,-2.18,0.694724124043512,1.0652436568666974,True,True,False
BEL,2026-08-24T09:59:00+05:30,410.15,STOP_LOSS,10,-2.0,-2.18,1.08717842146126,1.0871784214611229,True,True,True
BHARTIARTL,2023-07-04T09:16:00+05:30,865.4,TIME_HORIZON,40,-0.541548680627673,-0.721548680627673,0.05923188694365475,0.9900186817724546,False,False,False
BHARTIARTL,2023-07-05T10:00:00+05:30,863.5,VWAP_Z_TARGET,13,3.910222063463785,3.730222063463785,2.5301436881236103,0.5175293907525982,True,True,True
BHARTIARTL,2023-07-19T14:42:00+05:30,869.1,STOP_LOSS,2,-2.0,-2.18,0.5695293157686429,1.0251527683835313,True,True,False
BHARTIARTL,2023-08-02T13:05:00+05:30,876.0,STOP_LOSS,4,-2.0,-2.18,0.5117080598637519,1.0234161197275038,True,True,False
BHARTIARTL,2023-08-03T09:16:00+05:30,870.4,STOP_LOSS,1,-2.0,-2.18,0.22757768955863597,1.0114563980382798,False,False,False
BHARTIARTL,2023-08-03T14:53:00+05:30,865.9,VWAP_Z_TARGET,22,10.971616016448387,10.791616016448387,6.249654692913657,0.06944060769905641,True,True,True
BHARTIARTL,2023-08-25T09:16:00+05:30,862.0,TIME_HORIZON,40,3.2443488083098813,3.064348808309881,1.8888332103174084,0.08888626872083943,True,True,True
BHARTIARTL,2023-08-31T09:16:00+05:30,848.5,TIME_HORIZON,40,5.550196896505275,5.370196896505275,3.631245841862445,0.8561473936098748,True,True,True
CIPLA,2023-09-08T14:25:00+05:30,1239.55,TIME_HORIZON,40,7.591288733485156,7.411288733485156,4.3017302823083705,0.463912089268499,True,True,True
CIPLA,2023-09-13T10:59:00+05:30,1233.65,STOP_LOSS,17,-2.0,-2.18,2.349806841207651,1.2326855560434813,True,True,True
CIPLA,2023-09-21T09:45:00+05:30,1229.9,STOP_LOSS,1,-2.0,-2.18,0.3426087679449246,1.3704350717801437,True,False,False
CIPLA,2023-09-21T10:14:00+05:30,1218.5,STOP_LOSS,3,-2.0,-2.18,0.24335292495800384,1.3519606942109959,False,False,False
CIPLA,2023-09-22T09:29:00+05:30,1193.5,STOP_LOSS,5,-2.0,-2.18,0.25519806051757116,1.1947909196960211,True,False,False
CIPLA,2023-09-22T09:57:00+05:30,1173.4,STOP_LOSS,5,-2.0,-2.18,0.33369394871656627,1.4682533743529218,True,False,False
CIPLA,2023-09-25T11:11:00+05:30,1180.05,STOP_LOSS,1,-2.0,-2.18,0.0,1.010732427421284,False,False,False
CIPLA,2023-09-26T09:32:00+05:30,1175.45,VWAP_Z_TARGET,34,5.006186069909583,4.826186069909583,2.5223475967621183,0.6931642250643862,True,True,True
CIPLA,2023-09-26T12:59:00+05:30,1171.6,TIME_HORIZON,40,6.069216028178791,5.889216028178791,6.841661704492505,0.4965722204871549,True,True,True
CIPLA,2023-09-26T14:47:00+05:30,1166.7,STOP_LOSS,5,-2.0,-2.18,0.320973810000311,1.8054776812523652,True,False,False
CIPLA,2023-09-28T10:55:00+05:30,1169.75,TIME_HORIZON,40,0.9302904425768197,0.7502904425768198,2.3644882082164065,0.5814315266106005,True,True,True
CIPLA,2023-09-28T11:52:00+05:30,1167.65,STOP_LOSS,5,-2.0,-2.18,0.7489600758933717,1.9825413773650193,True,True,False
CIPLA,2023-09-28T12:31:00+05:30,1164.05,TIME_HORIZON,40,0.6341617312484762,0.4541617312484762,2.8084305240994234,0.36237813214172154,True,True,True
CIPLA,2023-10-04T11:07:00+05:30,1168.3,STOP_LOSS,19,-2.0,-2.18,2.1430054695947343,1.0715027347973671,True,True,True
CIPLA,2023-10-09T10:34:00+05:30,1159.35,STOP_LOSS,13,-2.0,-2.18,0.48488428491314917,1.5428136338140552,True,False,False
CIPLA,2023-10-09T12:53:00+05:30,1154.7,TIME_HORIZON,40,5.264957835963419,5.0849578359634195,4.826211349633097,0.4874960959225306,True,True,True
CIPLA,2023-10-10T09:30:00+05:30,1154.0,TIME_HORIZON,40,1.5898938627124588,1.4098938627124589,1.6108135188006654,0.355634153501416,True,True,True
CIPLA,2023-10-10T10:47:00+05:30,1153.3,STOP_LOSS,5,-2.0,-2.18,0.5126740423859313,1.0253480847718626,True,True,False
CIPLA,2023-10-10T13:55:00+05:30,1150.6,VWAP_Z_TARGET,31,20.241200486544358,20.061200486544358,10.120600243272179,0.18741852302338527,True,True,True
CIPLA,2023-11-10T09:21:00+05:30,1230.75,TIME_HORIZON,40,3.4319336290596025,3.2519336290596024,2.774413634707138,0.24055609549483603,True,True,True
CIPLA,2023-11-23T09:17:00+05:30,1256.45,STOP_LOSS,4,-2.0,-2.18,0.7602406749277919,1.6155114342215964,True,True,False
CIPLA,2023-11-28T10:25:00+05:30,1189.0,TIME_HORIZON,40,6.373249629917078,6.193249629917078,5.649016717426501,0.31866248149582754,True,True,True
CIPLA,2023-12-06T11:54:00+05:30,1213.25,STOP_LOSS,6,-2.0,-2.18,0.876652258281116,1.3548262173436914,True,True,False
CIPLA,2024-10-30T09:16:00+05:30,1416.0,STOP_LOSS,2,-2.0,-2.18,0.10672743051013252,1.3874565966317227,False,False,False
CIPLA,2024-11-18T09:29:00+05:30,1485.0,STOP_LOSS,15,-2.0,-2.18,0.8190073761326334,1.0892798102564174,True,True,False
CIPLA,2024-12-12T10:14:00+05:30,1446.35,TIME_HORIZON,40,-0.47917423677598514,-0.6591742367759852,3.833393894208971,0.8556682799573387,True,True,True
CIPLA,2025-01-06T09:16:00+05:30,1497.05,STOP_LOSS,21,-2.0,-2.18,2.8891494567957134,1.1959184226900137,True,True,True
CIPLA,2025-01-10T10:00:00+05:30,1476.55,STOP_LOSS,5,-2.0,-2.18,0.295136234076004,1.1477520214065662,True,False,False
CIPLA,2025-01-28T09:23:00+05:30,1379.1,STOP_LOSS,9,-2.0,-2.18,0.9412363024523437,1.432316112427437,True,True,False
CIPLA,2025-02-01T11:52:00+05:30,1458.85,STOP_LOSS,25,-2.0,-2.18,5.811998107792334,1.0194644058876021,True,True,True
CIPLA,2025-02-10T09:18:00+05:30,1448.6,STOP_LOSS,8,-2.0,-2.18,0.2822616741037336,1.0803808905349377,True,False,False
CIPLA,2025-02-14T09:33:00+05:30,1457.15,STOP_LOSS,16,-2.0,-2.18,1.6531806832195703,1.139081812218406,True,True,True
CIPLA,2025-02-19T09:16:00+05:30,1431.0,VWAP_Z_TARGET,37,5.845424023132543,5.665424023132544,2.9227120115662717,0.2857400011307811,True,True,True
CIPLA,2025-02-21T10:02:00+05:30,1471.05,TIME_HORIZON,40,5.141813701219237,4.961813701219238,3.0653120141883914,0.0,True,True,True
CIPLA,2025-02-21T12:04:00+05:30,1469.95,TIME_HORIZON,40,8.377775084181502,8.197775084181503,5.258390744326668,0.7724189793925987,True,True,True
CIPLA,2025-02-25T09:17:00+05:30,1467.3,TIME_HORIZON,40,2.8158728966202,2.6358728966202,2.6059174613458547,0.32110831277246515,True,True,True
CIPLA,2025-03-04T09:20:00+05:30,1389.5,VWAP_Z_TARGET,31,7.6133496260496205,7.433349626049621,3.8066748130248103,0.0,True,True,True
CIPLA,2025-03-11T09:20:00+05:30,1443.0,TIME_HORIZON,40,3.397262308358107,3.217262308358107,2.439700628306194,0.4995973982879547,True,True,True
CIPLA,2025-04-04T09:21:00+05:30,1466.45,STOP_LOSS,7,-2.0,-2.18,0.10188772317237459,1.0634531106117375,False,False,False
CIPLA,2025-04-25T10:30:00+05:30,1525.9,STOP_LOSS,1,-2.0,-2.18,0.0,1.2907035733536587,False,False,False
CIPLA,2025-04-29T09:31:00+05:30,1532.7,TIME_HORIZON,40,2.7369090169006944,2.5569090169006943,1.8660743297050446,0.3524807067220734,True,True,True
CIPLA,2025-05-06T09:16:00+05:30,1501.0,TIME_HORIZON,40,1.5215098988770672,1.3415098988770673,1.6717824814822242,0.09392036412821508,True,True,True
CIPLA,2025-05-07T09:20:00+05:30,1502.4,TIME_HORIZON,40,0.6374855746458975,0.4574855746458975,1.1049749960528503,0.6374855746458975,True,True,True
CIPLA,2025-05-14T09:16:00+05:30,1487.7,STOP_LOSS,1,-2.0,-2.18,0.0,1.8038462417185754,False,False,False
CIPLA,2025-05-15T09:45:00+05:30,1480.3,STOP_LOSS,1,-2.0,-2.18,0.14792739795878224,1.6272013775468288,False,False,False
CIPLA,2025-05-30T15:01:00+05:30,1457.8,VWAP_Z_TARGET,12,4.494932150246567,4.314932150246567,2.6715162779767274,0.1484175709987151,True,True,True
CIPLA,2025-07-10T10:02:00+05:30,1470.6,STOP_LOSS,2,-2.0,-2.18,0.0,1.2468591379438525,False,False,False
CIPLA,2025-07-22T09:36:00+05:30,1460.2,STOP_LOSS,15,-2.0,-2.18,1.0328481941538779,1.152022985787094,True,True,True
CIPLA,2026-03-19T09:16:00+05:30,1248.0,STOP_LOSS,4,-2.0,-2.18,0.9937969263787924,1.1594297474419664,True,True,False
CIPLA,2026-04-13T09:16:00+05:30,1211.1,STOP_LOSS,2,-2.0,-2.18,0.050148187403099745,1.8554829339142345,False,False,False
CIPLA,2026-04-22T09:20:00+05:30,1222.6,TIME_HORIZON,40,1.561589872156415,1.381589872156415,1.9219567657308987,0.0,True,True,True
CIPLA,2026-07-22T09:16:00+05:30,1403.8,STOP_LOSS,1,-2.0,-2.18,0.12814514758277953,1.7299594923671109,False,False,False
CIPLA,2026-07-23T09:17:00+05:30,1396.2,STOP_LOSS,1,-2.0,-2.18,0.0,1.6135667401422715,False,False,False
CIPLA,2026-07-23T11:58:00+05:30,1392.0,STOP_LOSS,1,-2.0,-2.18,3.2663955743343895,1.4725553818720554,True,True,True
CIPLA,2026-07-30T14:29:00+05:30,1466.3,STOP_LOSS,14,-2.0,-2.18,2.6743666885039463,1.1461571522157288,True,True,True
CIPLA,2026-08-14T09:17:00+05:30,1455.1,STOP_LOSS,3,-2.0,-2.18,0.10050890806049725,1.0720950193112597,False,False,False
CIPLA,2026-08-17T09:16:00+05:30,1443.1,STOP_LOSS,1,-2.0,-2.18,0.0,1.8756181438149309,False,False,False
CIPLA,2026-08-19T09:16:00+05:30,1421.8,TIME_HORIZON,40,5.399420671012185,5.219420671012185,3.1097929181146235,0.17086774275354819,True,True,True
CIPLA,2026-08-21T12:07:00+05:30,1412.9,STOP_LOSS,2,-2.0,-2.18,0.07768032005754744,1.6701268812388597,False,False,False
COALINDIA,2023-07-18T13:04:00+05:30,213.1,STOP_LOSS,13,-2.0,-2.18,0.6419844867325037,1.0699741445541324,True,True,False
COALINDIA,2023-07-28T14:13:00+05:30,211.2,TIME_HORIZON,40,2.9989250225048028,2.8189250225048026,1.8326764026417923,0.0,True,True,True
COALINDIA,2023-08-03T12:28:00+05:30,215.6,STOP_LOSS,23,-2.0,-2.18,0.5384079172614333,1.615223751784147,True,True,False
COALINDIA,2023-08-08T10:42:00+05:30,214.95,STOP_LOSS,6,-2.0,-2.18,0.8446803274736129,1.055850409341926,True,True,False
COALINDIA,2023-08-14T09:25:00+05:30,216.85,STOP_LOSS,1,-2.0,-2.18,0.0,1.1990489707291452,False,False,False
COALINDIA,2023-08-16T11:17:00+05:30,216.65,STOP_LOSS,11,-2.0,-2.18,0.7481568355262911,1.246928059210438,True,True,False
COALINDIA,2023-08-17T09:31:00+05:30,216.0,TIME_HORIZON,40,0.6981507791147695,0.5181507791147695,1.4835704056189596,0.26180654216806337,True,True,True
COALINDIA,2023-08-17T11:57:00+05:30,215.45,STOP_LOSS,1,-2.0,-2.18,0.0,1.4718458295693675,False,False,False
COALINDIA,2023-08-17T12:17:00+05:30,215.2,TIME_HORIZON,40,4.304414103145415,4.124414103145416,4.7348555134600545,0.8608828206290341,True,True,True
COALINDIA,2023-08-18T09:16:00+05:30,212.65,TIME_HORIZON,40,-0.6169671805436253,-0.7969671805436254,0.5141393171196683,0.822622907391481,True,True,False
COALINDIA,2023-08-18T10:13:00+05:30,211.5,TIME_HORIZON,40,7.022130221289828,6.842130221289828,3.717598352447604,0.41306648360526327,True,True,True
COALINDIA,2023-08-24T13:17:00+05:30,213.25,STOP_LOSS,10,-2.0,-2.18,0.48604035419689945,1.2151008854923178,True,False,False
COALINDIA,2023-08-25T10:39:00+05:30,212.45,STOP_LOSS,12,-2.0,-2.18,1.1720567352374656,1.172056735237299,True,True,True
COALINDIA,2023-08-25T12:09:00+05:30,212.15,TIME_HORIZON,40,0.0,-0.18,1.339905750491263,0.5359623001964747,True,True,True
DRREDDY,2023-07-21T12:29:00+05:30,1056.65,TIME_HORIZON,40,9.232307374921415,9.052307374921416,5.34154926691876,0.0,True,True,True
DRREDDY,2023-09-22T09:49:00+05:30,1116.05,STOP_LOSS,4,-2.0,-2.18,0.12307950761581038,1.1692553223503386,False,False,False
DRREDDY,2023-09-25T14:16:00+05:30,1090.4,STOP_LOSS,9,-2.0,-2.18,1.8893113446210665,1.1450371785583169,True,True,True
DRREDDY,2023-09-28T13:41:00+05:30,1089.0,STOP_LOSS,1,-2.0,-2.18,0.0,5.724623053152532,False,False,False
DRREDDY,2023-10-03T10:10:00+05:30,1102.45,STOP_LOSS,6,-2.0,-2.18,0.7650061284060791,1.0382226028369725,True,True,False
DRREDDY,2023-10-04T11:04:00+05:30,1087.0,STOP_LOSS,2,-2.0,-2.18,0.1635899601415916,1.1451297209909552,False,False,False
DRREDDY,2023-10-10T09:17:00+05:30,1090.85,STOP_LOSS,11,-2.0,-2.18,0.39401949666453095,1.3790682383256547,True,False,False
DRREDDY,2023-10-13T09:16:00+05:30,1092.75,TIME_HORIZON,40,6.026911632500232,5.846911632500232,3.338772069140771,0.582144873593791,True,True,True
DRREDDY,2023-10-13T15:07:00+05:30,1092.2,STOP_LOSS,20,-2.0,-2.18,0.3821029831342546,1.194071822294953,True,False,False
DRREDDY,2023-10-25T14:25:00+05:30,1105.6,STOP_LOSS,28,-2.0,-2.18,2.2195720878830394,1.7073631445253252,True,True,True
DRREDDY,2023-10-26T10:14:00+05:30,1085.25,STOP_LOSS,3,-2.0,-2.18,0.24696776941101392,1.5915700695375343,False,False,False
DRREDDY,2023-11-01T09:46:00+05:30,1068.8,STOP_LOSS,24,-2.0,-2.18,1.142733862533704,1.2224594808499332,True,True,True
DRREDDY,2023-11-01T10:45:00+05:30,1065.5,TIME_HORIZON,40,16.886495371641846,16.706495371641847,9.640424596497073,0.0630093110881581,True,True,True
DRREDDY,2023-11-01T13:12:00+05:30,1064.85,STOP_LOSS,1,-2.0,-2.18,0.1624649681258792,2.112044585634952,False,False,False
DRREDDY,2023-11-03T10:44:00+05:30,1061.2,STOP_LOSS,5,-2.0,-2.18,1.3377822017632435,1.5050049769838865,True,True,True
DRREDDY,2023-11-09T14:34:00+05:30,1088.8,TIME_HORIZON,40,2.662899054488359,2.482899054488359,1.7752660363256518,0.4177096556060008,True,True,True
DRREDDY,2023-11-10T09:17:00+05:30,1081.6,STOP_LOSS,4,-2.0,-2.18,0.5308416207443744,1.0882253225259433,True,True,False
DRREDDY,2023-11-13T12:21:00+05:30,1077.0,STOP_LOSS,3,-2.0,-2.18,0.8599520501366403,1.0319424601638119,True,True,False
DRREDDY,2023-12-11T09:16:00+05:30,1084.0,TIME_HORIZON,40,0.9953311614335247,0.8153311614335248,0.5886367083746681,0.5351242803406073,True,True,False
DRREDDY,2024-04-18T14:07:00+05:30,1193.75,STOP_LOSS,3,-2.0,-2.18,0.3059812482520183,1.0431178917683304,True,False,False
DRREDDY,2024-04-30T11:49:00+05:30,1245.8,STOP_LOSS,1,-2.0,-2.18,0.0,1.7066802498805602,False,False,False
DRREDDY,2024-05-08T09:16:00+05:30,1202.2,TIME_HORIZON,40,0.32427235302405455,0.14427235302405456,0.7879818178484437,0.755554582546053,True,True,False
DRREDDY,2024-05-14T09:47:00+05:30,1175.0,STOP_LOSS,7,-2.0,-2.18,0.6654690600919412,1.283404615891431,True,True,False
DRREDDY,2024-06-04T09:16:00+05:30,1149.3,STOP_LOSS,16,-2.0,-2.18,3.6291560636405205,1.5939822710891438,True,True,True
DRREDDY,2024-06-04T10:57:00+05:30,1143.95,STOP_LOSS,12,-2.0,-2.18,1.9055250476643733,1.856665431057638,True,True,True
DRREDDY,2024-06-04T12:12:00+05:30,1131.3,STOP_LOSS,12,-2.0,-2.18,2.662364038080995,1.0600153114581672,True,True,True
DRREDDY,2024-06-12T10:31:00+05:30,1203.4,STOP_LOSS,1,-2.0,-2.18,0.27035727638907725,1.5975657241174066,True,False,False
DRREDDY,2024-06-18T09:16:00+05:30,1199.3,TIME_HORIZON,40,0.8513063987043117,0.6713063987043117,2.314489271477162,0.13301662479753734,True,True,True
DRREDDY,2024-06-19T10:07:00+05:30,1187.2,STOP_LOSS,8,-2.0,-2.18,0.6262534478031792,1.6830561409712108,True,True,False
DRREDDY,2024-06-20T09:18:00+05:30,1179.2,TIME_HORIZON,40,1.9180294648490048,1.738029464849005,1.0604489829693924,0.2950814561306387,True,True,True
DRREDDY,2024-11-08T11:39:00+05:30,1262.8,STOP_LOSS,16,-2.0,-2.18,2.3710065010003,1.2225502270781612,True,True,True
DRREDDY,2024-11-12T12:40:00+05:30,1273.1,STOP_LOSS,1,-2.0,-2.18,1.0244005463068235,1.1861480009866936,True,True,True
DRREDDY,2024-11-12T15:01:00+05:30,1267.55,STOP_LOSS,6,-2.0,-2.18,1.3538058437396254,1.0217402594260974,True,True,True
DRREDDY,2024-11-14T12:37:00+05:30,1228.35,TIME_HORIZON,40,5.051498401389465,4.8714984013894655,5.140121180361126,0.3101797264010121,True,True,True
DRREDDY,2024-11-14T15:07:00+05:30,1222.4,STOP_LOSS,24,-2.0,-2.18,3.9491273369900695,13.130219553559561,True,True,True
DRREDDY,2024-11-18T09:46:00+05:30,1179.45,STOP_LOSS,4,-2.0,-2.18,0.5665886345705352,1.1165128975360703,True,True,False
DRREDDY,2024-11-25T13:47:00+05:30,1210.0,STOP_LOSS,6,-2.0,-2.18,0.5777360301977081,1.7028009311089254,True,True,False
DRREDDY,2024-11-27T10:44:00+05:30,1201.25,STOP_LOSS,6,-2.0,-2.18,0.5186231745924524,1.1315414718382146,True,True,False
DRREDDY,2024-11-28T10:37:00+05:30,1194.4,STOP_LOSS,2,-2.0,-2.18,0.1157918590341096,1.2737104493752056,False,False,False
DRREDDY,2025-01-20T12:01:00+05:30,1298.75,STOP_LOSS,3,-2.0,-2.18,0.0,1.4424315254755953,False,False,False
DRREDDY,2025-01-21T14:43:00+05:30,1292.85,STOP_LOSS,7,-2.0,-2.18,0.8589130720044608,1.1892642535444415,True,True,False
DRREDDY,2025-01-23T10:40:00+05:30,1278.3,STOP_LOSS,1,-2.0,-2.18,0.6365061277204656,1.209361642668846,True,True,False
DRREDDY,2025-01-24T09:16:00+05:30,1227.8,STOP_LOSS,5,-2.0,-2.18,0.0,1.059332049186197,False,False,False
DRREDDY,2025-01-27T10:16:00+05:30,1216.0,STOP_LOSS,6,-2.0,-2.18,0.46826365761447886,1.0535932296325774,True,False,False
DRREDDY,2025-01-27T14:39:00+05:30,1193.9,STOP_LOSS,20,-2.0,-2.18,0.7264997818554747,1.3266517755624148,True,True,False
DRREDDY,2025-01-28T09:16:00+05:30,1182.35,STOP_LOSS,1,-2.0,-2.18,0.36857455948345685,1.362123372003972,True,False,False
DRREDDY,2025-02-10T09:18:00+05:30,1221.0,STOP_LOSS,13,-2.0,-2.18,1.7342207121772228,1.072063712982264,True,True,True
DRREDDY,2025-02-11T09:18:00+05:30,1211.5,STOP_LOSS,7,-2.0,-2.18,0.3412043859232002,1.056108813571856,True,False,False
DRREDDY,2025-02-11T14:09:00+05:30,1201.85,TIME_HORIZON,40,9.552692427325892,9.372692427325893,5.952062204718541,0.0,True,True,True
DRREDDY,2025-02-14T10:55:00+05:30,1199.15,STOP_LOSS,7,-2.0,-2.18,1.1776000959739472,1.3854118776164333,True,True,True
DRREDDY,2025-02-18T10:30:00+05:30,1185.0,STOP_LOSS,11,-2.0,-2.18,0.9046662324975704,1.1598285032019864,True,True,False
DRREDDY,2025-02-19T09:16:00+05:30,1146.55,TIME_HORIZON,40,2.9632798903516893,2.783279890351689,1.5867448383118847,0.09154297144106376,True,True,True
DRREDDY,2025-02-21T09:19:00+05:30,1160.6,STOP_LOSS,4,-2.0,-2.18,0.15020763283660324,1.106074387250973,False,False,False
DRREDDY,2025-02-25T09:26:00+05:30,1156.0,TIME_HORIZON,40,-0.22075009982897634,-0.40075009982897636,1.6280319862389305,0.3587189122221493,True,True,True
DRREDDY,2025-02-25T10:46:00+05:30,1140.55,STOP_LOSS,8,-2.0,-2.18,1.1096650068843812,1.5383992140896556,True,True,True
DRREDDY,2025-02-28T09:16:00+05:30,1115.7,STOP_LOSS,15,-2.0,-2.18,1.2142670302932361,1.3975526197715038,True,True,True
DRREDDY,2025-03-07T12:21:00+05:30,1134.0,STOP_LOSS,1,-2.0,-2.18,0.6470488926474288,1.0352782282359254,True,True,False
DRREDDY,2025-03-07T15:16:00+05:30,1131.3,STOP_LOSS,12,-2.0,-2.18,1.1059797711762123,1.2021519251914399,True,True,True
DRREDDY,2025-03-10T14:24:00+05:30,1119.7,STOP_LOSS,7,-2.0,-2.18,2.2191900537480613,1.1095950268740307,True,True,True
DRREDDY,2025-03-12T09:19:00+05:30,1110.15,STOP_LOSS,8,-2.0,-2.18,0.3607741308646034,1.1725159253101662,True,False,False
DRREDDY,2025-03-12T09:42:00+05:30,1097.7,STOP_LOSS,2,-2.0,-2.18,0.020978211105673765,1.4055401440814776,False,False,False
DRREDDY,2025-03-27T09:57:00+05:30,1145.0,TIME_HORIZON,40,7.008536163011136,6.828536163011136,4.574273602575977,0.5350027605352049,True,True,True
DRREDDY,2025-03-28T10:04:00+05:30,1143.05,STOP_LOSS,7,-2.0,-2.18,1.3321257077253712,1.4431361833692224,True,True,True
DRREDDY,2025-04-02T09:16:00+05:30,1144.3,STOP_LOSS,1,-2.0,-2.18,0.3140437829898522,1.8493689442733712,True,False,False
DRREDDY,2025-04-02T09:46:00+05:30,1140.95,STOP_LOSS,38,-2.0,-2.18,2.158467562186846,1.6959387988612007,True,True,True
DRREDDY,2025-04-04T09:18:00+05:30,1142.3,STOP_LOSS,2,-2.0,-2.18,0.2414798616842382,1.322389718747076,False,False,False
DRREDDY,2025-04-04T09:43:00+05:30,1116.9,STOP_LOSS,2,-2.0,-2.18,0.24336683464874112,1.9690589348854521,False,False,False
DRREDDY,2025-04-07T09:16:00+05:30,1069.25,TIME_HORIZON,40,0.7043708448672348,0.5243708448672348,0.8577419159270435,0.16094495111213775,True,True,False
DRREDDY,2025-04-09T09:16:00+05:30,1062.35,TIME_HORIZON,40,5.080083128475161,4.900083128475162,2.9717925586002476,0.0785001807931937,True,True,True
DRREDDY,2025-08-06T09:20:00+05:30,1196.6,TIME_HORIZON,40,0.5391652914175515,0.35916529141755155,1.2400801702603848,0.9884697009321778,True,True,True
DRREDDY,2025-08-06T11:10:00+05:30,1192.6,STOP_LOSS,8,-2.0,-2.18,1.5315720957274581,1.5315720957272094,True,True,True
DRREDDY,2025-08-07T10:33:00+05:30,1188.0,STOP_LOSS,6,-2.0,-2.18,1.3852573689034153,1.6623088426840564,True,True,True
DRREDDY,2025-10-14T11:10:00+05:30,1240.6,STOP_LOSS,9,-2.0,-2.18,0.22030407094232896,1.0464443369757495,False,False,False
DRREDDY,2025-10-15T14:42:00+05:30,1235.2,STOP_LOSS,5,-2.0,-2.18,0.31246431687982473,1.1717411882997424,True,False,False
DRREDDY,2025-10-16T10:16:00+05:30,1233.5,STOP_LOSS,2,-2.0,-2.18,0.0,1.5144954241139372,False,False,False
DRREDDY,2026-05-26T15:16:00+05:30,1325.8,STOP_LOSS,4,-2.0,-2.18,0.7675349272675784,1.8141734644503513,True,True,False
DRREDDY,2026-05-29T15:03:00+05:30,1305.5,STOP_LOSS,1,-2.0,-2.18,0.6606061687134023,1.4228440556904316,True,True,False
DRREDDY,2026-06-01T14:57:00+05:30,1285.3,STOP_LOSS,34,-2.0,-2.18,8.568606321839454,7.43868021346478,True,True,True
DRREDDY,2026-06-03T09:17:00+05:30,1259.6,VWAP_Z_TARGET,32,4.759668677359324,4.579668677359324,2.6463757846118012,0.5140442171547723,True,True,True
DRREDDY,2026-06-03T10:38:00+05:30,1264.0,STOP_LOSS,5,-2.0,-2.18,0.10015009701854351,1.301951261240724,False,False,False
DRREDDY,2026-06-04T09:16:00+05:30,1252.7,STOP_LOSS,1,-2.0,-2.18,0.0,1.1298785652664587,False,False,False
DRREDDY,2026-06-08T15:24:00+05:30,1273.7,STOP_LOSS,2,-2.0,-2.18,1.3018356963699909,1.0720999852459157,True,True,True
DRREDDY,2026-06-12T09:50:00+05:30,1268.3,TIME_HORIZON,40,3.075935435357265,2.895935435357265,2.776886156919648,0.9825904862946252,True,True,True
DRREDDY,2026-06-12T14:37:00+05:30,1267.4,VWAP_Z_TARGET,17,17.978705066495273,17.798705066495273,8.989352533247637,0.5136772876142675,True,True,True
DRREDDY,2026-06-16T12:54:00+05:30,1271.6,STOP_LOSS,7,-2.0,-2.18,0.831090052895478,1.0157767313165087,True,True,False
DRREDDY,2026-06-17T11:14:00+05:30,1267.1,STOP_LOSS,2,-2.0,-2.18,1.1890418102873985,2.378083620574121,True,True,True
DRREDDY,2026-06-17T11:50:00+05:30,1264.6,STOP_LOSS,9,-2.0,-2.18,0.5188822051562983,1.260142498236508,True,True,False
DRREDDY,2026-06-19T10:04:00+05:30,1262.2,STOP_LOSS,17,-2.0,-2.18,2.2792195840235103,1.139609792011873,True,True,True
DRREDDY,2026-06-19T11:21:00+05:30,1261.9,TIME_HORIZON,40,6.721990347672528,6.541990347672528,3.781119570565757,0.8402487934593048,True,True,True
DRREDDY,2026-07-01T11:59:00+05:30,1338.7,STOP_LOSS,2,-2.0,-2.18,0.6664104309569775,2.6656417238280268,True,True,False
DRREDDY,2026-07-02T09:16:00+05:30,1333.5,STOP_LOSS,1,-2.0,-2.18,0.3351778855872004,1.5083004851424495,True,False,False
DRREDDY,2026-07-06T09:54:00+05:30,1367.1,TIME_HORIZON,40,3.475286549459699,3.295286549459699,2.149190366113153,0.13718236379443444,True,True,True
DRREDDY,2026-07-06T11:12:00+05:30,1359.1,TIME_HORIZON,40,0.38624555682093165,0.20624555682093165,1.1587366704622095,0.5793683352309583,True,True,True
DRREDDY,2026-07-07T14:50:00+05:30,1358.5,STOP_LOSS,3,-2.0,-2.18,0.0,1.0785201873099812,False,False,False
DRREDDY,2026-07-08T13:18:00+05:30,1350.0,STOP_LOSS,30,-2.0,-2.18,1.489931712190545,1.438554756597699,True,True,True
DRREDDY,2026-07-08T14:11:00+05:30,1343.8,STOP_LOSS,6,-2.0,-2.18,0.5953537662023669,1.1410947185544709,True,True,False
DRREDDY,2026-07-09T09:16:00+05:30,1337.3,STOP_LOSS,1,-2.0,-2.18,0.0,1.6845623406304113,False,False,False
DRREDDY,2026-07-09T10:40:00+05:30,1299.2,STOP_LOSS,11,-2.0,-2.18,1.2332234823302335,1.1020294948482952,True,True,True
DRREDDY,2026-07-09T11:11:00+05:30,1274.4,STOP_LOSS,4,-2.0,-2.18,0.5786356061596836,1.350149747705977,True,True,False
DRREDDY,2026-07-10T09:16:00+05:30,1232.8,STOP_LOSS,1,-2.0,-2.18,0.43063845767492304,1.2919153730247148,True,False,False
DRREDDY,2026-07-13T10:18:00+05:30,1237.4,STOP_LOSS,2,-2.0,-2.18,0.9343063421919623,1.635036098836288,True,True,False
DRREDDY,2026-07-13T10:48:00+05:30,1230.9,STOP_LOSS,4,-2.0,-2.18,0.1078879738005993,1.9419835284127498,False,False,False
DRREDDY,2026-07-13T13:02:00+05:30,1227.0,TIME_HORIZON,40,4.7074371984341274,4.527437198434128,2.480946631607203,0.38168409717027213,True,True,True
DRREDDY,2026-07-15T09:19:00+05:30,1240.4,STOP_LOSS,2,-2.0,-2.18,0.0,1.1326686812702715,False,False,False
DRREDDY,2026-07-15T11:16:00+05:30,1229.0,STOP_LOSS,8,-2.0,-2.18,0.5868187696002932,1.525728800960709,True,True,False
DRREDDY,2026-07-16T13:42:00+05:30,1226.2,STOP_LOSS,1,-2.0,-2.18,0.896664680466324,1.024759634818531,True,True,False
DRREDDY,2026-07-17T09:17:00+05:30,1217.0,STOP_LOSS,4,-2.0,-2.18,0.6863445136909936,1.1543066821166612,True,True,False
DRREDDY,2026-07-17T10:21:00+05:30,1211.8,STOP_LOSS,8,-2.0,-2.18,1.583957578279063,2.956720812787536,True,True,True
DRREDDY,2026-07-17T10:55:00+05:30,1206.8,TIME_HORIZON,40,1.907637287714758,1.727637287714758,3.3383652535006716,0.20438970939796552,True,True,True
DRREDDY,2026-07-21T11:24:00+05:30,1209.2,STOP_LOSS,2,-2.0,-2.18,0.23523809284385708,1.293809510641682,False,False,False
DRREDDY,2026-07-22T09:16:00+05:30,1189.0,TIME_HORIZON,40,1.283887272837129,1.103887272837129,2.9440863325402105,0.7526235737321065,True,True,True
DRREDDY,2026-07-22T13:56:00+05:30,1177.6,STOP_LOSS,3,-2.0,-2.18,1.7637273950673011,2.407627872631459,True,True,True
DRREDDY,2026-07-23T09:16:00+05:30,1135.3,TIME_HORIZON,40,2.1272490019160633,1.9472490019160633,1.3219333083335605,0.6153827469828542,True,True,True
DRREDDY,2026-07-24T10:13:00+05:30,1139.3,STOP_LOSS,7,-2.0,-2.18,2.1152811872763158,1.0576405936380828,True,True,True
DRREDDY,2026-07-28T09:16:00+05:30,1145.1,STOP_LOSS,3,-2.0,-2.18,2.4723199535932627,2.1814587825822325,True,True,True
DRREDDY,2026-07-28T10:00:00+05:30,1145.5,STOP_LOSS,10,-2.0,-2.18,0.6078894677410365,1.6716960362873319,True,True,False
DRREDDY,2026-07-28T11:16:00+05:30,1141.0,STOP_LOSS,1,-2.0,-2.18,0.0,1.1567383846418235,False,False,False
DRREDDY,2026-07-28T12:00:00+05:30,1131.0,TIME_HORIZON,40,1.9563268733154566,1.7763268733154567,1.9563268733154566,0.7825307493261382,True,True,True
DRREDDY,2026-07-30T12:50:00+05:30,1139.7,VWAP_Z_TARGET,8,9.125699285513287,8.945699285513287,5.23385694316206,0.939410220567643,True,True,True
DRREDDY,2026-08-04T09:32:00+05:30,1159.3,STOP_LOSS,2,-2.0,-2.18,0.37182967842290376,1.1154890352687112,True,False,False
DRREDDY,2026-08-06T10:54:00+05:30,1165.4,STOP_LOSS,6,-2.0,-2.18,0.4024697771787167,1.8111139973060553,True,False,False
DRREDDY,2026-08-07T10:19:00+05:30,1163.2,STOP_LOSS,20,-2.0,-2.18,1.0922063753333082,1.092206375333534,True,True,True
DRREDDY,2026-08-10T13:47:00+05:30,1164.2,STOP_LOSS,40,-2.0,-2.18,3.139871087674582,2.8034563282809226,True,True,True
DRREDDY,2026-08-10T14:46:00+05:30,1161.0,STOP_LOSS,13,-2.0,-2.18,1.3276655030199385,1.2170267111014637,True,True,True
DRREDDY,2026-08-11T10:21:00+05:30,1156.5,STOP_LOSS,21,-2.0,-2.18,3.4901297236322733,1.5705583756346817,True,True,True
DRREDDY,2026-08-13T09:17:00+05:30,1192.7,STOP_LOSS,3,-2.0,-2.18,0.29090403442290474,1.919966627191211,True,False,False
DRREDDY,2026-08-17T09:16:00+05:30,1191.6,STOP_LOSS,1,-2.0,-2.18,0.0,1.4090689151392293,False,False,False
DRREDDY,2026-08-18T14:59:00+05:30,1181.9,STOP_LOSS,2,-2.0,-2.18,0.0,2.030749150655457,False,False,False
DRREDDY,2026-08-19T14:07:00+05:30,1170.3,STOP_LOSS,5,-2.0,-2.18,0.0,1.3419432572841443,False,False,False
DRREDDY,2026-08-21T12:59:00+05:30,1175.1,STOP_LOSS,6,-2.0,-2.18,0.7429785072337854,1.114467760850256,True,True,False
DRREDDY,2026-08-24T09:16:00+05:30,1172.9,STOP_LOSS,1,-2.0,-2.18,0.0,1.5543911888457649,False,False,False
EICHERMOT,2023-07-04T09:16:00+05:30,3487.15,TIME_HORIZON,40,-0.6434643538773104,-0.8234643538773103,0.4205318218253175,0.5357980741931055,True,False,False
EICHERMOT,2023-07-05T09:17:00+05:30,3363.65,STOP_LOSS,4,-2.0,-2.18,0.13229849765863824,1.4864125325178053,False,False,False
EICHERMOT,2023-07-05T14:55:00+05:30,3324.45,STOP_LOSS,2,-2.0,-2.18,0.6921332461956936,1.7597040835011954,True,True,False
EICHERMOT,2023-07-06T09:17:00+05:30,3257.75,STOP_LOSS,5,-2.0,-2.18,0.20691512602493092,1.0946477634867695,False,False,False
EICHERMOT,2023-07-06T09:43:00+05:30,3222.6,TIME_HORIZON,40,0.5477232987216665,0.3677232987216665,1.4459895086252295,0.7065630553509299,True,True,True
EICHERMOT,2023-07-07T10:45:00+05:30,3212.6,STOP_LOSS,36,-2.0,-2.18,3.216422197004993,1.7645649553012022,True,True,True
EICHERMOT,2023-07-07T12:35:00+05:30,3192.4,STOP_LOSS,3,-2.0,-2.18,0.3030306518633638,1.2121226074536848,True,False,False
EICHERMOT,2023-07-10T14:47:00+05:30,3167.45,TIME_HORIZON,40,2.3931482977130765,2.2131482977130763,2.510295417181517,0.9120740015759208,True,True,True
EICHERMOT,2023-07-13T10:58:00+05:30,3276.2,STOP_LOSS,6,-2.0,-2.18,2.178409131071774,4.823620218801331,True,True,True
EICHERMOT,2023-07-20T09:20:00+05:30,3318.15,STOP_LOSS,23,-2.0,-2.18,0.6013807958796682,1.2585598099337734,True,True,False
EICHERMOT,2023-07-24T09:16:00+05:30,3302.65,STOP_LOSS,7,-2.0,-2.18,1.1355557761491923,1.1208082985368784,True,True,True
EICHERMOT,2023-07-27T14:37:00+05:30,3326.3,STOP_LOSS,1,-2.0,-2.18,0.0,1.0114623950384203,False,False,False
EICHERMOT,2023-07-31T09:18:00+05:30,3326.15,TIME_HORIZON,40,2.612469988584348,2.432469988584348,1.6751254324950877,0.5624067336536002,True,True,True
EICHERMOT,2023-08-04T14:34:00+05:30,3352.65,TIME_HORIZON,40,5.307704773839124,5.127704773839124,3.6221498794441893,0.9503660574779721,True,True,True
EICHERMOT,2023-08-08T09:16:00+05:30,3305.75,STOP_LOSS,1,-2.0,-2.18,0.9394148052888932,1.4015867950566863,True,True,False
EICHERMOT,2023-08-18T09:17:00+05:30,3279.5,VWAP_Z_TARGET,17,6.84964482472299,6.66964482472299,4.112914586534592,0.7193690911809361,True,True,True
EICHERMOT,2023-09-08T11:55:00+05:30,3378.0,STOP_LOSS,2,-2.0,-2.18,0.4590865236601131,1.1018076567842714,True,False,False
EICHERMOT,2023-09-08T12:18:00+05:30,3376.75,STOP_LOSS,16,-2.0,-2.18,0.7374164059840426,1.0753989253935583,True,True,False
EICHERMOT,2023-09-12T12:24:00+05:30,3356.05,STOP_LOSS,1,-2.0,-2.18,0.2915264590588305,1.0786478985177084,True,False,False
EICHERMOT,2023-09-12T12:40:00+05:30,3332.9,STOP_LOSS,18,-2.0,-2.18,1.380992131155768,1.5600096296389976,True,True,True
EICHERMOT,2023-09-13T11:57:00+05:30,3318.9,TIME_HORIZON,40,5.033150070657631,4.853150070657631,3.8545010034783607,0.8282398850449522,True,True,True
EICHERMOT,2023-09-25T10:11:00+05:30,3399.6,STOP_LOSS,6,-2.0,-2.18,1.0726315329452398,1.2211497451991362,True,True,True
EICHERMOT,2023-09-25T13:51:00+05:30,3386.7,TIME_HORIZON,40,3.423925669178464,3.2439256691784637,4.537532561581118,0.4986299518220976,True,True,True
EICHERMOT,2023-09-27T09:21:00+05:30,3444.65,STOP_LOSS,41,-2.0,-2.18,1.609724200663442,1.178066314452002,True,True,True
EICHERMOT,2023-09-28T10:46:00+05:30,3448.0,STOP_LOSS,16,-2.0,-2.18,2.6062993801495646,1.3113456000752828,True,True,True
EICHERMOT,2023-10-03T09:17:00+05:30,3368.3,STOP_LOSS,4,-2.0,-2.18,0.0,1.079498994568161,False,False,False
EICHERMOT,2023-10-31T11:10:00+05:30,3339.05,STOP_LOSS,1,-2.0,-2.18,0.09455701737233248,1.9384188561346076,False,False,False
EICHERMOT,2023-10-31T13:12:00+05:30,3310.3,STOP_LOSS,11,-2.0,-2.18,0.5810277519961599,1.1405359576222076,True,True,False
EICHERMOT,2023-11-01T15:09:00+05:30,3281.3,STOP_LOSS,20,-2.0,-2.18,0.9899665820103426,1.4174521515149667,True,True,False
EICHERMOT,2023-12-21T09:29:00+05:30,3851.5,TIME_HORIZON,40,12.146726058096528,11.966726058096528,6.073363029048264,0.0,True,True,True
EICHERMOT,2024-01-09T09:40:00+05:30,3862.45,STOP_LOSS,11,-2.0,-2.18,0.5671099582095661,1.0418996906640345,True,True,False
EICHERMOT,2024-01-10T09:23:00+05:30,3813.15,TIME_HORIZON,40,-1.1863770950989143,-1.3663770950989143,0.5299151024775006,0.8436459342925613,True,True,False
EICHERMOT,2024-01-15T09:16:00+05:30,3836.65,STOP_LOSS,26,-2.0,-2.18,1.0402691968225994,1.3399352205986546,True,True,True
EICHERMOT,2024-01-16T09:16:00+05:30,3754.05,VWAP_Z_TARGET,24,6.120214221846926,5.940214221846927,3.1712283188620147,0.7151646972456266,True,True,True
EICHERMOT,2024-01-17T09:16:00+05:30,3746.65,TIME_HORIZON,40,1.6732029955588639,1.493202995558864,1.4775461936588308,0.7860006007363215,True,True,True
EICHERMOT,2024-01-18T09:17:00+05:30,3740.25,STOP_LOSS,1,-2.0,-2.18,0.0,3.206175442758477,False,False,False
EICHERMOT,2024-01-23T10:49:00+05:30,3696.05,STOP_LOSS,29,-2.0,-2.18,4.295115195102771,1.8141468289817941,True,True,True
EICHERMOT,2024-01-23T11:39:00+05:30,3680.0,STOP_LOSS,2,-2.0,-2.18,0.04892376794858577,1.3046338119614962,False,False,False
EICHERMOT,2024-01-23T13:19:00+05:30,3640.5,STOP_LOSS,4,-2.0,-2.18,0.31052735792080116,1.0574715431898378,True,False,False
EICHERMOT,2024-01-24T09:43:00+05:30,3564.3,TIME_HORIZON,40,4.973536095459064,4.793536095459064,2.6502711456689436,0.0,True,True,True
EICHERMOT,2025-01-13T09:16:00+05:30,5005.0,STOP_LOSS,35,-2.0,-2.18,0.935111838369243,1.0109317171559604,True,True,False
EICHERMOT,2025-01-13T11:00:00+05:30,4978.75,STOP_LOSS,1,-2.0,-2.18,0.0,1.515848045759798,False,False,False
EICHERMOT,2025-01-20T09:26:00+05:30,4965.45,STOP_LOSS,13,-2.0,-2.18,0.28019633690464274,1.0167730710402685,True,False,False
EICHERMOT,2025-01-21T14:42:00+05:30,4966.0,TIME_HORIZON,40,-0.482240502473143,-0.662240502473143,2.274350477879622,0.7820116256319699,True,True,True
EICHERMOT,2025-02-12T14:37:00+05:30,4863.05,STOP_LOSS,5,-2.0,-2.18,1.9966136705571846,1.1926674580761751,True,True,True
EICHERMOT,2025-02-13T09:17:00+05:30,4810.75,STOP_LOSS,13,-2.0,-2.18,0.856037128202138,1.5044397189254328,True,True,False
EICHERMOT,2025-02-14T10:47:00+05:30,4758.85,STOP_LOSS,10,-2.0,-2.18,1.4047894192139867,1.0516729531821534,True,True,True
EICHERMOT,2025-02-14T11:56:00+05:30,4720.55,STOP_LOSS,9,-2.0,-2.18,2.320729191518562,1.4726221780068054,True,True,True
EICHERMOT,2025-02-18T12:51:00+05:30,4697.85,STOP_LOSS,2,-2.0,-2.18,0.0,1.8824689051722336,False,False,False
EICHERMOT,2025-02-19T09:16:00+05:30,4681.75,VWAP_Z_TARGET,6,7.308767106406891,7.128767106406891,3.8723055082109714,0.5252477889925268,True,True,True
EICHERMOT,2025-03-04T09:21:00+05:30,4826.2,STOP_LOSS,10,-2.0,-2.18,0.7965162263492349,1.1757028242450598,True,True,False
ETERNAL,2023-07-05T12:58:00+05:30,74.0,STOP_LOSS,2,-2.0,-2.18,0.9443211193982759,2.8329633581949616,True,True,False
ETERNAL,2023-07-07T09:18:00+05:30,74.25,TIME_HORIZON,40,0.845694289874751,0.6656942898747511,1.057117862343499,0.21142357246868776,True,True,True
ETERNAL,2023-07-07T10:33:00+05:30,73.9,STOP_LOSS,1,-2.0,-2.18,0.0,1.5563124773440056,False,False,False
ETERNAL,2023-07-07T11:36:00+05:30,73.15,TIME_HORIZON,40,4.157981935759742,3.977981935759742,3.7421837421836734,0.0,True,True,True
ETERNAL,2023-07-17T14:40:00+05:30,80.45,STOP_LOSS,37,-2.0,-2.18,5.404631919493433,3.0883610968534216,True,True,True
ETERNAL,2023-07-18T10:46:00+05:30,78.45,STOP_LOSS,1,-2.0,-2.18,0.0,1.2330946223329007,False,False,False
ETERNAL,2023-07-20T11:23:00+05:30,77.4,VWAP_Z_TARGET,37,27.521698586903035,27.341698586903036,13.760849293451518,0.5733687205606157,True,True,True
ETERNAL,2023-08-14T09:17:00+05:30,92.45,STOP_LOSS,1,-2.0,-2.18,0.1386164743731789,1.2475482693586888,False,False,False
ETERNAL,2023-08-17T15:21:00+05:30,90.9,STOP_LOSS,7,-2.0,-2.18,1.1427359940635917,1.4284199925795709,True,True,True
ETERNAL,2023-08-25T09:16:00+05:30,92.6,STOP_LOSS,20,-2.0,-2.18,0.60474017422659,1.3822632553750243,True,True,False
ETERNAL,2023-08-31T14:56:00+05:30,97.55,STOP_LOSS,1,-2.0,-2.18,0.3589767170950674,2.1538603025705063,True,False,False
ETERNAL,2023-09-05T09:17:00+05:30,97.6,STOP_LOSS,4,-2.0,-2.18,1.3288677025420792,1.5503456529656752,True,True,True
ETERNAL,2023-09-08T15:21:00+05:30,99.25,STOP_LOSS,7,-2.0,-2.18,0.7144889670693438,1.1908149451155279,True,True,False
ETERNAL,2023-09-12T09:46:00+05:30,98.15,STOP_LOSS,5,-2.0,-2.18,0.9049558120822009,1.2530157398061486,True,True,False
ETERNAL,2023-10-09T09:16:00+05:30,101.75,TIME_HORIZON,40,4.2290335814335585,4.049033581433559,2.3708218562581913,0.9611439957803509,True,True,True
ETERNAL,2023-10-26T09:41:00+05:30,104.1,STOP_LOSS,5,-2.0,-2.18,0.21507577114301232,1.7922980928583683,False,False,False
ETERNAL,2023-10-31T11:11:00+05:30,106.15,STOP_LOSS,31,-2.0,-2.18,1.183510299696914,2.0711430244697677,True,True,True
ETERNAL,2023-11-20T09:36:00+05:30,120.2,STOP_LOSS,1,-2.0,-2.18,0.0,2.7074542897327896,False,False,False
ETERNAL,2023-12-11T15:17:00+05:30,118.15,STOP_LOSS,4,-2.0,-2.18,0.0,1.386377635572496,False,False,False
ETERNAL,2023-12-12T14:42:00+05:30,116.05,STOP_LOSS,5,-2.0,-2.18,0.42434031287138796,1.6973612514853709,True,False,False
ETERNAL,2023-12-20T13:33:00+05:30,125.1,STOP_LOSS,3,-2.0,-2.18,0.7622537854321317,1.0163383805761597,True,True,False
ETERNAL,2023-12-28T09:16:00+05:30,124.45,STOP_LOSS,39,-2.0,-2.18,1.3266434127247475,1.073949429348619,True,True,True
ETERNAL,2024-10-22T14:28:00+05:30,259.4,STOP_LOSS,8,-2.0,-2.18,1.3295549006272733,1.3995314743444314,True,True,True
ETERNAL,2024-10-23T09:17:00+05:30,245.55,VWAP_Z_TARGET,21,5.182240481679249,5.002240481679249,2.9118034389633327,0.5900570845476404,True,True,True
ETERNAL,2024-10-25T09:51:00+05:30,248.7,STOP_LOSS,1,-2.0,-2.18,1.7518741122433017,1.6757056725805324,True,True,True
ETERNAL,2024-10-29T10:38:00+05:30,251.35,STOP_LOSS,3,-2.0,-2.18,0.7341836749831527,1.1537172035449372,True,True,False
ETERNAL,2024-10-30T09:16:00+05:30,246.75,TIME_HORIZON,40,1.6733715523929953,1.4933715523929953,2.4135166621052604,0.4827033324210521,True,True,True
ETERNAL,2024-10-31T09:28:00+05:30,244.85,TIME_HORIZON,40,-0.15304933045849473,-0.3330493304584947,0.3571151044031495,0.357115104403135,True,False,False
ETERNAL,2024-10-31T15:02:00+05:30,243.2,STOP_LOSS,7,-2.0,-2.18,0.8635157656767963,2.5905472970301435,True,True,False
ETERNAL,2024-11-07T15:04:00+05:30,255.75,STOP_LOSS,9,-2.0,-2.18,1.1030569262461387,1.7997244586121557,True,True,True
ETERNAL,2024-11-08T15:01:00+05:30,250.59,STOP_LOSS,1,-2.0,-2.18,0.1761398290761294,1.7496556354896455,False,False,False
ETERNAL,2024-11-11T09:16:00+05:30,244.63,TIME_HORIZON,40,2.1451003469661436,1.9651003469661437,1.871997293532962,0.06455163081147902,True,True,True
ETERNAL,2024-11-22T12:29:00+05:30,264.28,STOP_LOSS,1,-2.0,-2.18,0.3999922467098768,1.2922826432158794,True,False,False
ETERNAL,2024-12-12T11:42:00+05:30,287.9,STOP_LOSS,2,-2.0,-2.18,0.0,1.399792800527376,False,False,False
ETERNAL,2024-12-20T12:50:00+05:30,285.65,STOP_LOSS,13,-2.0,-2.18,1.3913728828778826,1.2754251426379053,True,True,True
ETERNAL,2024-12-20T14:10:00+05:30,283.5,TIME_HORIZON,40,10.06706903101833,9.88706903101833,5.279072784558307,0.0,True,True,True
ETERNAL,2024-12-24T09:20:00+05:30,269.6,TIME_HORIZON,40,5.077041326115568,4.897041326115568,2.538520663057784,0.18132290450413477,True,True,True
ETERNAL,2024-12-26T10:10:00+05:30,272.7,STOP_LOSS,7,-2.0,-2.18,0.5297468782946152,1.1654431322481775,True,True,False
ETERNAL,2024-12-27T11:44:00+05:30,270.55,STOP_LOSS,15,-2.0,-2.18,0.48471512066799377,1.1310019482255635,True,False,False
ETERNAL,2024-12-31T15:14:00+05:30,277.9,VWAP_Z_TARGET,19,3.6794531332099525,3.4994531332099523,2.3808226156064256,0.8657536784022695,True,True,True
ETERNAL,2025-01-03T13:58:00+05:30,277.1,STOP_LOSS,7,-2.0,-2.18,0.8327425953847087,2.331679267077336,True,True,False
ETERNAL,2025-01-03T14:20:00+05:30,275.0,STOP_LOSS,35,-2.0,-2.18,1.1860496454936857,2.6093092200861627,True,True,True
ETERNAL,2025-01-07T09:16:00+05:30,252.2,TIME_HORIZON,40,0.8425129322639053,0.6625129322639054,2.046102835498043,0.18053848548511606,True,True,True
ETERNAL,2025-01-08T09:19:00+05:30,248.5,STOP_LOSS,5,-2.0,-2.18,0.12212953977202891,1.3841347840829326,False,False,False
ETERNAL,2025-01-10T09:17:00+05:30,243.0,STOP_LOSS,3,-2.0,-2.18,0.7604331619689682,1.5208663239379363,True,True,False
ETERNAL,2025-01-10T09:58:00+05:30,238.0,TIME_HORIZON,40,7.717511719071767,7.537511719071767,4.8234448244198465,0.6242105066896401,True,True,True
ETERNAL,2025-01-13T09:16:00+05:30,237.6,STOP_LOSS,1,-2.0,-2.18,0.21319014044464765,1.1938647864900316,False,False,False
ETERNAL,2025-01-20T15:08:00+05:30,244.0,STOP_LOSS,13,-2.0,-2.18,1.2807239688664471,1.2980310495268086,True,True,True
ETERNAL,2025-01-22T09:16:00+05:30,207.15,STOP_LOSS,1,-2.0,-2.18,0.0,2.1333481291098715,False,False,False
ETERNAL,2025-01-24T09:40:00+05:30,217.35,STOP_LOSS,32,-2.0,-2.18,1.3492536519307383,1.2368158476031528,True,True,True
ETERNAL,2025-01-27T09:20:00+05:30,209.95,STOP_LOSS,14,-2.0,-2.18,1.3802449889586779,1.3802449889586532,True,True,True
ETERNAL,2025-01-27T15:24:00+05:30,205.85,STOP_LOSS,1,-2.0,-2.18,0.15694289887425128,1.0986002921194915,False,False,False
ETERNAL,2025-01-30T13:55:00+05:30,217.15,TIME_HORIZON,40,0.8497438187572086,0.6697438187572087,3.2573513052358587,0.4248719093786043,True,True,True
ETERNAL,2025-02-01T10:27:00+05:30,219.41,STOP_LOSS,2,-2.0,-2.18,0.059389094374372245,2.7022037940325445,False,False,False
ETERNAL,2025-02-06T14:18:00+05:30,230.0,STOP_LOSS,4,-2.0,-2.18,0.0,1.1264647735513715,False,False,False
ETERNAL,2025-02-10T10:07:00+05:30,227.64,STOP_LOSS,2,-2.0,-2.18,0.015579670269019923,1.3086923025951054,False,False,False
ETERNAL,2025-02-10T12:02:00+05:30,225.5,STOP_LOSS,1,-2.0,-2.18,0.04105123478933559,1.683100626364276,False,False,False
ETERNAL,2025-02-11T09:19:00+05:30,223.58,STOP_LOSS,2,-2.0,-2.18,0.3359512221438814,1.7805414773626764,True,False,False
ETERNAL,2025-02-12T09:16:00+05:30,211.46,STOP_LOSS,11,-2.0,-2.18,1.880180709856781,1.1336383691783745,True,True,True
ETERNAL,2025-02-12T09:42:00+05:30,208.27,STOP_LOSS,5,-2.0,-2.18,1.003261973814629,2.006523947629297,True,True,True
ETERNAL,2025-02-14T09:31:00+05:30,215.8,TIME_HORIZON,40,0.6604729908771079,0.4804729908771079,2.535364061754036,0.8948343747367239,True,True,True
ETERNAL,2025-02-14T10:47:00+05:30,214.78,STOP_LOSS,4,-2.0,-2.18,0.48844746650830145,1.2516466329275389,True,False,False
ETERNAL,2025-02-28T13:42:00+05:30,219.34,STOP_LOSS,7,-2.0,-2.18,0.4052645162926023,1.4944129038290115,True,False,False
ETERNAL,2025-03-03T11:21:00+05:30,215.5,TIME_HORIZON,40,8.856092775216409,8.676092775216409,4.692766552084746,0.14439281698722925,True,True,True
ETERNAL,2025-03-07T09:16:00+05:30,222.18,TIME_HORIZON,40,1.2920519844891476,1.1120519844891477,2.615875739088746,0.614254222134213,True,True,True
ETERNAL,2025-03-11T09:20:00+05:30,204.88,STOP_LOSS,33,-2.0,-2.18,1.6587252317259662,1.0034829440552093,True,True,True
ETERNAL,2025-03-13T13:15:00+05:30,203.44,STOP_LOSS,1,-2.0,-2.18,0.1969226952983657,2.1989700974982926,False,False,False
ETERNAL,2025-03-13T14:50:00+05:30,202.01,STOP_LOSS,12,-2.0,-2.18,2.0216484330237994,2.77548344194792,True,True,True
ETERNAL,2025-03-21T09:16:00+05:30,221.1,VWAP_Z_TARGET,18,5.921060392484101,5.741060392484101,3.1515321443867155,0.3342534092531299,True,True,True
ETERNAL,2025-03-24T13:27:00+05:30,224.41,STOP_LOSS,20,-2.0,-2.18,1.1762605811779783,1.2546779532564358,True,True,True
ETERNAL,2025-03-24T14:02:00+05:30,222.91,STOP_LOSS,36,-2.0,-2.18,4.403781351315122,1.3516556622848617,True,True,True
ETERNAL,2025-03-25T09:30:00+05:30,221.03,STOP_LOSS,10,-2.0,-2.18,0.6623082286977527,1.6189756701500493,True,True,False
ETERNAL,2025-03-26T09:16:00+05:30,202.56,TIME_HORIZON,40,3.094926717798365,2.9149267177983647,1.6441798188303804,0.3563237997465174,True,True,True
ETERNAL,2025-03-27T14:12:00+05:30,200.85,STOP_LOSS,30,-2.0,-2.18,3.8265849371143785,1.423845557996026,True,True,True
ETERNAL,2025-04-01T13:30:00+05:30,199.89,STOP_LOSS,1,-2.0,-2.18,0.10516251443236595,2.734225375240095,False,False,False
ETERNAL,2025-04-03T15:04:00+05:30,209.94,VWAP_Z_TARGET,27,7.9026526084310715,7.722652608431072,6.322122086744871,0.0957897285870239,True,True,True
ETERNAL,2025-04-04T10:04:00+05:30,206.43,STOP_LOSS,1,-2.0,-2.18,0.0,1.8322703293221,False,False,False
ETERNAL,2025-04-07T09:16:00+05:30,200.58,VWAP_Z_TARGET,16,4.28793308806187,4.10793308806187,2.194238862994415,0.008871585699438687,True,True,True
ETERNAL,2025-04-16T10:22:00+05:30,218.68,STOP_LOSS,4,-2.0,-2.18,0.0,1.0663145187645422,False,False,False
ETERNAL,2025-05-08T12:56:00+05:30,227.94,STOP_LOSS,10,-2.0,-2.18,0.5586088842675397,1.536174431735759,True,True,False
ETERNAL,2025-05-22T11:15:00+05:30,227.73,VWAP_Z_TARGET,40,14.675803517674,14.495803517674,7.819953699198572,0.642735920481943,True,True,True
ETERNAL,2025-05-22T12:50:00+05:30,227.81,STOP_LOSS,1,-2.0,-2.18,0.684473591305626,1.2078945728924158,True,True,False
ETERNAL,2025-05-27T09:18:00+05:30,224.08,STOP_LOSS,41,-2.0,-2.18,1.47039438141082,1.118328121073041,True,True,True
ETERNAL,2025-05-27T15:28:00+05:30,222.05,VWAP_Z_TARGET,3,5.093926018690215,4.913926018690216,3.44063424069427,0.04468356156746828,True,True,True
ETERNAL,2025-05-28T11:35:00+05:30,223.7,STOP_LOSS,5,-2.0,-2.18,0.4990343510885164,1.3545218100969674,True,False,False
ETERNAL,2026-02-23T10:12:00+05:30,265.4,STOP_LOSS,35,-2.0,-2.18,3.6415475759240583,1.1126950926433632,True,True,True
ETERNAL,2026-02-24T09:19:00+05:30,261.9,STOP_LOSS,4,-2.0,-2.18,0.044108655946097086,1.1909337105443456,False,False,False
ETERNAL,2026-03-02T09:16:00+05:30,236.5,TIME_HORIZON,40,5.00528880766461,4.82528880766461,2.928314126478268,0.6788698162888204,True,True,True
ETERNAL,2026-03-09T09:18:00+05:30,222.79,STOP_LOSS,8,-2.0,-2.18,0.029321095445992578,1.0958759422937943,False,False,False
ETERNAL,2026-03-12T09:16:00+05:30,218.52,STOP_LOSS,1,-2.0,-2.18,0.625630359526488,1.0995927531071632,True,True,False
ETERNAL,2026-03-19T09:19:00+05:30,235.02,STOP_LOSS,36,-2.0,-2.18,0.9536713460618519,1.0805358829233012,True,True,False
ETERNAL,2026-03-23T09:17:00+05:30,227.94,TIME_HORIZON,40,1.6595778767715093,1.4795778767715093,2.6583978951987817,0.7145404747210634,True,True,True
ETERNAL,2026-03-27T09:16:00+05:30,236.77,STOP_LOSS,3,-2.0,-2.18,0.8230655325017547,1.2670877276672075,True,True,False
ETERNAL,2026-03-30T09:16:00+05:30,225.63,TIME_HORIZON,40,4.836214441927708,4.656214441927708,3.262525615586164,0.2412623984635127,True,True,True
ETERNAL,2026-04-02T09:16:00+05:30,228.2,TIME_HORIZON,40,1.1755712302053087,0.9955712302053088,0.9687577730395495,0.03265475639459277,True,True,False
ETERNAL,2026-04-07T09:16:00+05:30,228.36,STOP_LOSS,1,-2.0,-2.18,0.518753614086582,2.0026302311250754,True,True,False
ETERNAL,2026-04-09T09:51:00+05:30,237.76,STOP_LOSS,2,-2.0,-2.18,0.0,1.047817414169837,False,False,False
ETERNAL,2026-04-13T09:18:00+05:30,235.38,TIME_HORIZON,40,2.398983855840453,2.218983855840453,1.3313042276916918,0.5602022740286755,True,True,True
ETERNAL,2026-04-24T09:40:00+05:30,255.64,STOP_LOSS,4,-2.0,-2.18,0.8185665226155119,1.2105561249946895,True,True,False
ETERNAL,2026-04-28T09:16:00+05:30,252.42,STOP_LOSS,20,-2.0,-2.18,2.18259620270246,1.1887354318290124,True,True,True
ETERNAL,2026-04-30T09:16:00+05:30,248.67,STOP_LOSS,6,-2.0,-2.18,0.287565631838997,1.3245447284704657,True,False,False
ETERNAL,2026-05-08T09:16:00+05:30,254.98,STOP_LOSS,7,-2.0,-2.18,1.077092655327101,1.1621262860107802,True,True,True
ETERNAL,2026-05-11T09:18:00+05:30,251.04,STOP_LOSS,4,-2.0,-2.18,0.15319587875463847,1.8979267201268293,False,False,False
ETERNAL,2026-05-29T15:07:00+05:30,250.22,STOP_LOSS,2,-2.0,-2.18,0.6904061073103516,1.2157151020029928,True,True,False
ETERNAL,2026-06-02T09:16:00+05:30,243.85,STOP_LOSS,2,-2.0,-2.18,0.6408541487732181,1.345793712423736,True,True,False
ETERNAL,2026-06-04T09:16:00+05:30,245.45,VWAP_Z_TARGET,2,6.954143423551132,6.774143423551132,3.477071711775566,0.0,True,True,True
ETERNAL,2026-06-08T09:16:00+05:30,252.6,STOP_LOSS,3,-2.0,-2.18,0.06799941666575893,1.3599883333152558,False,False,False
ETERNAL,2026-06-08T15:24:00+05:30,247.65,STOP_LOSS,2,-2.0,-2.18,0.15743935127181308,2.046711566534286,False,False,False
ETERNAL,2026-06-09T10:07:00+05:30,245.1,STOP_LOSS,1,-2.0,-2.18,0.0,2.0224112494843762,False,False,False
ETERNAL,2026-06-10T10:03:00+05:30,243.4,STOP_LOSS,9,-2.0,-2.18,1.3331319953508816,1.7775093271346352,True,True,True
ETERNAL,2026-06-10T13:44:00+05:30,243.1,STOP_LOSS,15,-2.0,-2.18,2.9269017814208387,1.7561410688524035,True,True,True
ETERNAL,2026-06-10T15:09:00+05:30,240.1,STOP_LOSS,2,-2.0,-2.18,0.21169440887755803,2.116944088775099,False,False,False
ETERNAL,2026-06-16T09:42:00+05:30,251.7,STOP_LOSS,22,-2.0,-2.18,6.236610226878793,1.1339291321597071,True,True,True
ETERNAL,2026-06-18T10:52:00+05:30,256.6,STOP_LOSS,14,-2.0,-2.18,2.170699037723187,2.4420364174388167,True,True,True
ETERNAL,2026-06-19T09:17:00+05:30,255.3,VWAP_Z_TARGET,37,4.212735395147778,4.032735395147778,2.2143865538597547,0.8101414221438082,True,True,True
ETERNAL,2026-06-22T15:13:00+05:30,263.8,STOP_LOSS,7,-2.0,-2.18,1.364330163203005,2.273883605338255,True,True,True
ETERNAL,2026-06-23T11:39:00+05:30,263.05,STOP_LOSS,3,-2.0,-2.18,0.8721238232009461,1.162831764267983,True,True,False
ETERNAL,2026-06-23T11:59:00+05:30,261.05,STOP_LOSS,1,-2.0,-2.18,0.0,1.1105133477287308,False,False,False
ETERNAL,2026-06-24T12:23:00+05:30,256.2,STOP_LOSS,2,-2.0,-2.18,1.15252708447282,1.15252708447282,True,True,True
ETERNAL,2026-06-30T09:21:00+05:30,257.5,VWAP_Z_TARGET,17,3.6120902622111726,3.4320902622111724,2.0468511485863177,0.24080601748073116,True,True,True
ETERNAL,2026-07-13T11:48:00+05:30,285.7,STOP_LOSS,10,-2.0,-2.18,0.7637017267610052,1.0910024668013651,True,True,False
ETERNAL,2026-07-14T09:41:00+05:30,282.35,TIME_HORIZON,40,1.9823624394482664,1.8023624394482665,3.2567382933795477,0.707986585517307,True,True,True
ETERNAL,2026-07-21T09:16:00+05:30,284.45,TIME_HORIZON,40,1.332801411335497,1.152801411335497,2.094402217812831,0.7616008064773341,True,True,True
ETERNAL,2026-07-22T13:05:00+05:30,283.5,STOP_LOSS,9,-2.0,-2.18,0.29053571232255787,1.7432142739355676,True,False,False
ETERNAL,2026-07-22T13:37:00+05:30,282.2,STOP_LOSS,6,-2.0,-2.18,0.909469019954314,1.299241457077507,True,True,False
ETERNAL,2026-07-22T15:05:00+05:30,278.55,VWAP_Z_TARGET,9,3.9589974595818034,3.778997459581803,2.2146866976868367,0.9799498662331174,True,True,True
GRASIM,2023-07-06T15:00:00+05:30,1758.05,STOP_LOSS,31,-2.0,-2.18,4.84854028792041,5.929869416881038,True,True,True
GRASIM,2023-07-07T15:08:00+05:30,1740.7,STOP_LOSS,2,-2.0,-2.18,0.45132771081084305,2.6434908776062827,True,False,False
GRASIM,2023-07-14T14:05:00+05:30,1741.1,STOP_LOSS,2,-2.0,-2.18,0.10113480067782817,1.011348006776902,False,False,False
GRASIM,2023-08-02T11:32:00+05:30,1807.1,STOP_LOSS,1,-2.0,-2.18,0.8225658946809263,1.184494888340504,True,True,False
GRASIM,2023-08-03T12:46:00+05:30,1789.4,STOP_LOSS,7,-2.0,-2.18,0.7486752046701,1.0436078610554596,True,True,False
GRASIM,2023-08-11T09:16:00+05:30,1810.0,STOP_LOSS,3,-2.0,-2.18,1.2396168586974106,2.3566342478533673,True,True,True
GRASIM,2023-08-11T12:31:00+05:30,1807.8,STOP_LOSS,3,-2.0,-2.18,1.027619243356011,1.3975621709642123,True,True,True
GRASIM,2023-08-14T09:17:00+05:30,1803.85,STOP_LOSS,2,-2.0,-2.18,0.44193898441649637,1.638857067211087,True,False,False
GRASIM,2023-08-16T09:19:00+05:30,1786.4,STOP_LOSS,4,-2.0,-2.18,0.20059373573141082,1.0928900084678361,False,False,False
GRASIM,2023-08-17T10:45:00+05:30,1795.95,VWAP_Z_TARGET,14,19.710151136891348,19.530151136891348,10.310801606292983,0.9684178304254681,True,True,True
GRASIM,2023-08-17T12:12:00+05:30,1797.35,STOP_LOSS,1,-2.0,-2.18,1.6508321593399857,2.1460818071419063,True,True,True
GRASIM,2023-08-17T15:17:00+05:30,1788.4,STOP_LOSS,14,-2.0,-2.18,1.438565127709215,1.7780018432361813,True,True,True
GRASIM,2023-08-18T09:46:00+05:30,1783.6,STOP_LOSS,15,-2.0,-2.18,3.837467891806342,1.7739238367782106,True,True,True
GRASIM,2023-08-22T12:36:00+05:30,1792.1,VWAP_Z_TARGET,25,8.018180916007218,7.838180916007218,4.940780494018437,0.47996153370459677,True,True,True
GRASIM,2023-08-24T13:10:00+05:30,1777.3,TIME_HORIZON,40,0.53873552785806,0.35873552785806,0.8081032917868858,0.9876818010729057,True,True,False
GRASIM,2023-10-23T15:25:00+05:30,1880.5,VWAP_Z_TARGET,6,16.976231758438406,16.796231758438406,8.70464944756663,0.8516987021665632,True,True,True
GRASIM,2023-10-30T09:31:00+05:30,1828.15,STOP_LOSS,14,-2.0,-2.18,0.6086403808809752,1.1915635625698193,True,True,False
GRASIM,2023-11-16T09:21:00+05:30,1910.05,VWAP_Z_TARGET,31,5.216522458175505,5.036522458175505,2.6082612290877525,0.4087172235271481,True,True,True
GRASIM,2024-12-20T15:01:00+05:30,2496.35,STOP_LOSS,1,-2.0,-2.18,0.6308566815628454,1.2617133631255397,True,True,False
GRASIM,2025-01-06T10:47:00+05:30,2494.95,STOP_LOSS,8,-2.0,-2.18,0.4768258465676033,1.072858154776935,True,False,False
GRASIM,2025-01-06T11:11:00+05:30,2473.0,STOP_LOSS,1,-2.0,-2.18,0.06646954040627436,1.8611471313756822,False,False,False
GRASIM,2025-01-13T09:16:00+05:30,2332.7,STOP_LOSS,1,-2.0,-2.18,0.0,1.0056492250929812,False,False,False
GRASIM,2025-02-01T12:29:00+05:30,2473.25,STOP_LOSS,1,-2.0,-2.18,0.1579767475242252,1.5526857470952253,False,False,False
GRASIM,2025-02-07T10:28:00+05:30,2469.6,TIME_HORIZON,40,6.903874299587421,6.723874299587421,4.528129320023551,0.6396236483441471,True,True,True
GRASIM,2025-02-21T09:32:00+05:30,2434.6,STOP_LOSS,10,-2.0,-2.18,0.48370840557312156,1.229425530831619,True,False,False
GRASIM,2025-02-25T09:17:00+05:30,2370.5,VWAP_Z_TARGET,29,8.915686384190323,8.735686384190323,4.595803522991756,0.5863314063104065,True,True,True
GRASIM,2025-02-27T09:20:00+05:30,2351.5,STOP_LOSS,36,-2.0,-2.18,2.449434725688419,1.1014588702239185,True,True,True
GRASIM,2025-03-06T09:29:00+05:30,2370.2,STOP_LOSS,3,-2.0,-2.18,0.23760179757309888,1.378090425923924,False,False,False
GRASIM,2025-03-10T12:12:00+05:30,2394.3,STOP_LOSS,7,-2.0,-2.18,0.9349177449974165,2.222634639050831,True,True,False
GRASIM,2025-03-10T14:28:00+05:30,2383.2,TIME_HORIZON,40,2.0150564322982927,1.8350564322982927,1.759414944618577,0.5563961790673513,True,True,True
GRASIM,2025-07-10T14:40:00+05:30,2777.1,STOP_LOSS,21,-2.0,-2.18,1.8671048399017156,1.5190005477165403,True,True,True
GRASIM,2025-07-29T10:16:00+05:30,2709.6,STOP_LOSS,20,-2.0,-2.18,0.8696525957368872,1.4494209928946657,True,True,False
GRASIM,2025-08-07T11:01:00+05:30,2737.5,STOP_LOSS,1,-2.0,-2.18,0.22054957128830094,2.2054957128825077,False,False,False
GRASIM,2025-08-12T10:33:00+05:30,2708.0,TIME_HORIZON,40,5.070752942579675,4.890752942579676,2.795415083729726,0.9426399700949472,True,True,True
GRASIM,2025-08-22T09:27:00+05:30,2856.0,STOP_LOSS,7,-2.0,-2.18,0.1889852076586516,1.1549096023583096,False,False,False
GRASIM,2025-09-02T14:01:00+05:30,2789.5,STOP_LOSS,4,-2.0,-2.18,0.5934219551515086,1.2716184753247166,True,True,False
GRASIM,2025-09-22T14:43:00+05:30,2858.4,STOP_LOSS,2,-2.0,-2.18,0.36433111801313295,1.2655712520455418,True,False,False
GRASIM,2025-10-01T10:06:00+05:30,2745.2,STOP_LOSS,1,-2.0,-2.18,0.799124317336986,1.2785989077391777,True,True,False
GRASIM,2025-10-01T10:29:00+05:30,2735.1,STOP_LOSS,17,-2.0,-2.18,1.8409747357292057,1.0005297476789359,True,True,True
GRASIM,2025-10-14T11:20:00+05:30,2767.4,STOP_LOSS,6,-2.0,-2.18,0.8160379209704439,3.1009440996876867,True,True,False
GRASIM,2025-10-30T09:37:00+05:30,2929.1,STOP_LOSS,2,-2.0,-2.18,0.14601387686949036,1.8981803993033746,False,False,False
GRASIM,2025-10-31T10:09:00+05:30,2926.2,STOP_LOSS,1,-2.0,-2.18,0.23069066618650588,1.0669443311122948,False,False,False
GRASIM,2025-11-06T09:16:00+05:30,2780.6,STOP_LOSS,39,-2.0,-2.18,0.5172623262418109,1.2284980248243007,True,True,False
GRASIM,2025-11-12T15:10:00+05:30,2769.5,STOP_LOSS,1,-2.0,-2.18,0.0,2.2236424831055595,False,False,False
GRASIM,2025-11-12T15:29:00+05:30,2755.0,STOP_LOSS,2,-2.0,-2.18,5.724488722789662,3.0596405242495814,True,True,True
GRASIM,2025-12-01T12:16:00+05:30,2718.4,TIME_HORIZON,40,4.9942927685695615,4.814292768569562,3.4484402449647744,0.158548976780029,True,True,True
GRASIM,2025-12-03T10:04:00+05:30,2712.4,TIME_HORIZON,40,4.411399056260215,4.231399056260215,3.8491619216389226,0.9947272381764193,True,True,True
GRASIM,2025-12-26T13:02:00+05:30,2813.3,TIME_HORIZON,40,4.711393895927363,4.531393895927363,5.060386036366728,0.7416082984331798,True,True,True
GRASIM,2025-12-31T14:37:00+05:30,2823.0,STOP_LOSS,1,-2.0,-2.18,0.0,1.2616878139772054,False,False,False
GRASIM,2026-01-09T12:07:00+05:30,2774.8,STOP_LOSS,33,-2.0,-2.18,1.9841208350451494,1.0683727573321102,True,True,True
GRASIM,2026-02-01T12:29:00+05:30,2765.2,STOP_LOSS,1,-2.0,-2.18,0.0,1.281206870534697,False,False,False
GRASIM,2026-02-11T09:22:00+05:30,2905.1,VWAP_Z_TARGET,10,2.8233795038791456,2.6433795038791454,1.4116897519395728,0.4390010813958325,True,True,True
GRASIM,2026-02-13T13:53:00+05:30,2898.4,TIME_HORIZON,40,2.2962415302584556,2.1162415302584554,1.7573277017283775,0.23431036023045032,True,True,True
GRASIM,2026-02-19T12:13:00+05:30,2890.1,STOP_LOSS,11,-2.0,-2.18,0.6812920638867257,1.8167788370312254,True,True,False
GRASIM,2026-02-20T15:14:00+05:30,2829.7,STOP_LOSS,6,-2.0,-2.18,2.5892619577113356,1.1795526696240266,True,True,True
GRASIM,2026-03-04T09:17:00+05:30,2707.3,STOP_LOSS,32,-2.0,-2.18,0.16154559357155038,1.0051725822230588,False,False,False
GRASIM,2026-03-09T09:18:00+05:30,2650.9,STOP_LOSS,5,-2.0,-2.18,0.04232990180890483,1.0529563074968715,False,False,False
GRASIM,2026-03-11T15:13:00+05:30,2724.9,STOP_LOSS,17,-2.0,-2.18,1.0241228040104688,1.202748874477413,True,True,True
GRASIM,2026-03-19T09:16:00+05:30,2669.9,STOP_LOSS,3,-2.0,-2.18,0.5596043091943639,1.1103260103063257,True,True,False
GRASIM,2026-03-30T10:04:00+05:30,2580.3,STOP_LOSS,1,-2.0,-2.18,0.0,1.9423286017153187,False,False,False
GRASIM,2026-04-02T09:16:00+05:30,2539.9,STOP_LOSS,1,-2.0,-2.18,0.0,1.507637326407722,False,False,False
GRASIM,2026-04-16T11:46:00+05:30,2724.3,STOP_LOSS,11,-2.0,-2.18,0.1965386490308718,1.3476935933549505,False,False,False
GRASIM,2026-04-20T09:46:00+05:30,2700.6,VWAP_Z_TARGET,23,6.836490362343553,6.656490362343553,3.6423924061666106,0.0,True,True,True
GRASIM,2026-04-22T09:49:00+05:30,2760.3,STOP_LOSS,3,-2.0,-2.18,0.638746137356877,1.3447287102252616,True,True,False
GRASIM,2026-04-23T09:19:00+05:30,2736.3,TIME_HORIZON,40,3.869132383965508,3.6891323839655077,2.8147479665341444,0.0,True,True,True
GRASIM,2026-04-30T09:16:00+05:30,2768.5,STOP_LOSS,5,-2.0,-2.18,0.0,1.1403028606742622,False,False,False
GRASIM,2026-06-23T11:46:00+05:30,3151.8,STOP_LOSS,3,-2.0,-2.18,0.6331636437534587,1.0073057968805856,True,True,False
HCLTECH,2023-07-07T11:47:00+05:30,1163.1,STOP_LOSS,14,-2.0,-2.18,0.6513904882132233,1.2684972665203644,True,True,False
HCLTECH,2023-07-12T09:27:00+05:30,1105.3,VWAP_Z_TARGET,32,4.888505890408203,4.708505890408203,2.8516284360714224,0.725637593107434,True,True,True
HCLTECH,2023-07-13T09:16:00+05:30,1093.3,STOP_LOSS,1,-2.0,-2.18,0.39045115954724346,1.1121942120436126,True,False,False
HCLTECH,2023-07-20T09:21:00+05:30,1154.8,STOP_LOSS,22,-2.0,-2.18,0.906475915370104,1.1330948942126484,True,True,False
HCLTECH,2023-07-21T09:16:00+05:30,1114.2,VWAP_Z_TARGET,41,3.536431069639615,3.3564310696396147,2.02871157343167,0.015787638703751966,True,True,True
HCLTECH,2023-07-24T15:08:00+05:30,1112.35,STOP_LOSS,24,-2.0,-2.18,4.2282508792703375,3.528840959390956,True,True,True
HCLTECH,2023-07-28T11:05:00+05:30,1104.8,STOP_LOSS,31,-2.0,-2.18,0.5988468413569199,2.0268662322847177,True,True,False
HCLTECH,2023-08-03T12:47:00+05:30,1117.8,STOP_LOSS,14,-2.0,-2.18,1.4887142489757323,1.6691644609726168,True,True,True
HCLTECH,2023-08-10T14:47:00+05:30,1129.1,VWAP_Z_TARGET,29,10.415823135488843,10.235823135488843,5.321127036608497,0.226430937727981,True,True,True
HCLTECH,2023-08-17T10:00:00+05:30,1168.05,STOP_LOSS,19,-2.0,-2.18,1.9698077049484919,1.0578596933982796,True,True,True
HCLTECH,2023-08-18T09:23:00+05:30,1160.15,TIME_HORIZON,40,2.3342176447428677,2.1542176447428676,1.8697559705338582,0.35727821093004075,True,True,True
HCLTECH,2023-08-24T15:04:00+05:30,1171.3,STOP_LOSS,20,-2.0,-2.18,0.5354820256367671,1.2316086589645399,True,True,False
HDFCBANK,2023-07-06T10:15:00+05:30,830.9,STOP_LOSS,1,-2.0,-2.18,0.2590649536046337,1.5543897216275075,True,False,False
HDFCBANK,2023-07-07T12:03:00+05:30,829.4,STOP_LOSS,2,-2.0,-2.18,0.0,1.9872170536955942,False,False,False
HDFCBANK,2023-07-10T12:25:00+05:30,825.7,STOP_LOSS,4,-2.0,-2.18,0.28227775447988096,1.2702498951600258,True,False,False
HDFCBANK,2023-07-12T15:03:00+05:30,818.3,STOP_LOSS,2,-2.0,-2.18,0.20430431574686014,1.5663330873922072,False,False,False
HDFCBANK,2023-07-17T09:27:00+05:30,816.8,VWAP_Z_TARGET,22,3.1725806985069673,2.992580698506967,1.7052621254475222,0.11897177619399325,True,True,True
HDFCBANK,2023-07-18T14:53:00+05:30,835.2,VWAP_Z_TARGET,38,10.708086756747619,10.52808675674762,6.13124322362161,0.08635553836088848,True,True,True
HDFCBANK,2023-07-21T09:17:00+05:30,840.5,VWAP_Z_TARGET,6,3.788895277243617,3.608895277243617,2.113037750770444,0.5829069657297491,True,True,True
HDFCBANK,2023-07-21T11:12:00+05:30,839.0,TIME_HORIZON,40,12.168917372395377,11.988917372395377,6.760509651330936,0.6760509651332473,True,True,True
HDFCBANK,2023-08-02T09:16:00+05:30,824.0,TIME_HORIZON,40,0.0,-0.18,1.1048426493530745,0.8593220606079547,True,True,True
HDFCBANK,2023-08-14T09:16:00+05:30,803.0,STOP_LOSS,2,-2.0,-2.18,0.2741479079231823,1.0417620501080802,True,False,False
HDFCBANK,2023-08-16T09:16:00+05:30,791.6,TIME_HORIZON,40,3.506437765664007,3.3264377656640067,1.9358458497936721,0.2191523603540108,True,True,True
HDFCBANK,2023-08-30T15:01:00+05:30,790.6,STOP_LOSS,11,-2.0,-2.18,1.5628158857939198,2.2325941225627792,True,True,True
HDFCBANK,2023-08-31T09:30:00+05:30,783.0,TIME_HORIZON,40,3.4260714175679032,3.246071417567903,3.768678559324674,0.6852142835135417,True,True,True
HDFCBANK,2023-09-20T09:16:00+05:30,794.5,STOP_LOSS,1,-2.0,-2.18,0.1186637190211027,1.0679734711899243,False,False,False
HDFCBANK,2023-09-27T09:16:00+05:30,762.5,TIME_HORIZON,40,-0.1721723768706599,-0.3521723768706599,1.9799823340120994,0.43043094217655187,True,True,True
HDFCBANK,2023-10-04T09:16:00+05:30,746.1,VWAP_Z_TARGET,22,12.611946883250775,12.431946883250776,6.484444388086456,0.8923547323054775,True,True,True
HDFCBANK,2023-10-09T09:16:00+05:30,760.6,STOP_LOSS,10,-2.0,-2.18,0.050753630305182956,1.0150726061034283,False,False,False
HDFCBANK,2023-10-13T15:27:00+05:30,765.4,STOP_LOSS,4,-2.0,-2.18,1.763756572440049,5.095296764826548,True,True,True
HDFCBANK,2023-10-18T09:16:00+05:30,765.8,TIME_HORIZON,40,-1.2506672767482736,-1.4306672767482735,0.6253336383741368,0.9380004575612052,True,True,False
HDFCBANK,2023-10-19T09:17:00+05:30,752.0,TIME_HORIZON,40,7.8510104618117795,7.67101046181178,4.814298868092171,0.14813227286440817,True,True,True
HDFCBANK,2023-10-23T14:59:00+05:30,755.5,STOP_LOSS,1,-2.0,-2.18,0.38601061867749226,2.8950796400813563,True,False,False
HDFCBANK,2023-10-26T09:16:00+05:30,741.3,STOP_LOSS,1,-2.0,-2.18,0.3203769043178452,2.498939853679178,True,False,False
HDFCBANK,2023-11-01T09:16:00+05:30,732.4,TIME_HORIZON,40,0.9337642015648214,0.7537642015648214,3.034733655085537,0.15562736692741128,True,True,True
HDFCBANK,2026-07-28T10:08:00+05:30,732.65,STOP_LOSS,2,-2.0,-2.18,0.6342372365325578,1.141627025758431,True,True,False
HDFCBANK,2026-08-07T14:04:00+05:30,728.7,TIME_HORIZON,40,3.7769910434553995,3.5969910434553993,3.317627267900176,0.25520209753078277,True,True,True
HDFCBANK,2026-08-12T09:18:00+05:30,724.55,TIME_HORIZON,40,1.1574076085147151,0.9774076085147152,2.071150457342078,0.06091618992176879,True,True,True
HDFCBANK,2026-08-19T09:19:00+05:30,720.4,STOP_LOSS,8,-2.0,-2.18,0.7411710037175082,1.092252005478363,True,True,False
HDFCLIFE,2023-07-18T09:23:00+05:30,660.25,VWAP_Z_TARGET,21,5.036878945082859,4.856878945082859,2.5731881567271246,0.4106151313926223,True,True,True
HDFCLIFE,2023-07-21T14:24:00+05:30,648.5,STOP_LOSS,3,-2.0,-2.18,0.09494998350060468,2.2946246012649607,False,False,False
HDFCLIFE,2023-07-31T09:16:00+05:30,652.7,STOP_LOSS,1,-2.0,-2.18,0.4091289052654155,1.7852897684311193,True,False,False
HDFCLIFE,2023-08-01T09:16:00+05:30,642.05,TIME_HORIZON,40,3.956833331601349,3.776833331601349,3.83570578063389,0.20187925161231,True,True,True
HDFCLIFE,2023-08-01T10:19:00+05:30,641.45,STOP_LOSS,1,-2.0,-2.18,0.06453628062881255,1.4197981738351966,False,False,False
HDFCLIFE,2023-08-03T09:17:00+05:30,635.4,STOP_LOSS,27,-2.0,-2.18,2.5161252342408673,1.5287849524501151,True,True,True
HDFCLIFE,2023-08-11T14:45:00+05:30,637.3,STOP_LOSS,9,-2.0,-2.18,1.5237090192770792,5.860419304911023,True,True,True
HDFCLIFE,2023-08-18T09:17:00+05:30,621.15,TIME_HORIZON,40,-0.3859155876440776,-0.5659155876440776,1.3507045567544667,0.2572770584294338,True,True,True
HDFCLIFE,2023-08-24T14:48:00+05:30,630.85,STOP_LOSS,2,-2.0,-2.18,0.7844055311046227,1.0257610791368776,True,True,False
HDFCLIFE,2023-08-25T10:32:00+05:30,627.5,STOP_LOSS,2,-2.0,-2.18,0.11355603556104844,1.1355603556102263,False,False,False
HDFCLIFE,2023-08-25T14:14:00+05:30,627.15,TIME_HORIZON,40,5.757901947352989,5.57790194735299,3.8891092100542037,0.5555870300076942,True,True,True
HDFCLIFE,2023-08-25T15:19:00+05:30,627.2,STOP_LOSS,6,-2.0,-2.18,0.3616282826737504,1.5369202013640046,True,False,False
HDFCLIFE,2023-08-28T11:07:00+05:30,626.35,TIME_HORIZON,40,6.9314307458507844,6.751430745850785,4.077312203441801,0.40773122034427284,True,True,True
HDFCLIFE,2023-08-28T15:06:00+05:30,625.75,VWAP_Z_TARGET,19,7.071134530729399,6.891134530729399,3.6641333477416267,0.1285660823769274,True,True,True
HDFCLIFE,2023-08-29T10:06:00+05:30,626.35,VWAP_Z_TARGET,40,7.137787489953691,6.957787489953692,3.893338630883787,0.6488897718141284,True,True,True
HDFCLIFE,2023-08-31T09:27:00+05:30,633.75,STOP_LOSS,16,-2.0,-2.18,0.3502333938061339,1.158464302589548,True,False,False
HDFCLIFE,2023-09-20T09:20:00+05:30,649.0,TIME_HORIZON,40,1.9974636308246285,1.8174636308246286,1.5263637178942875,0.2826599477582046,True,True,True
HDFCLIFE,2023-09-21T09:20:00+05:30,643.25,TIME_HORIZON,40,4.0247798273893745,3.8447798273893743,2.468531627465495,0.0,True,True,True
HDFCLIFE,2023-10-04T09:29:00+05:30,626.3,STOP_LOSS,7,-2.0,-2.18,0.46457592070862014,1.20789739384237,True,False,False
HDFCLIFE,2023-10-30T09:33:00+05:30,602.45,STOP_LOSS,1,-2.0,-2.18,0.0,1.012478574972584,False,False,False
HDFCLIFE,2023-11-07T11:44:00+05:30,615.0,TIME_HORIZON,40,10.020302595236599,9.840302595236599,5.296445657482267,0.42944153979578914,True,True,True
HDFCLIFE,2023-11-13T10:19:00+05:30,618.75,STOP_LOSS,1,-2.0,-2.18,0.22198341812130862,1.2875038251036304,False,False,False
HDFCLIFE,2023-12-20T13:15:00+05:30,661.7,STOP_LOSS,5,-2.0,-2.18,1.3693336638781912,1.1332416528648062,True,True,True
HDFCLIFE,2024-01-02T09:58:00+05:30,643.65,TIME_HORIZON,40,4.063814769690828,3.883814769690828,2.2940889828899667,0.6882266948669602,True,True,True
HDFCLIFE,2024-01-03T12:22:00+05:30,641.25,STOP_LOSS,4,-2.0,-2.18,0.15503108448122704,1.0852175913687068,False,False,False
HDFCLIFE,2024-01-12T14:47:00+05:30,630.5,TIME_HORIZON,40,2.262100800196584,2.0821008001965837,1.4456472001256366,0.5168376000449247,True,True,True
HDFCLIFE,2024-01-17T14:42:00+05:30,607.2,STOP_LOSS,17,-2.0,-2.18,1.113339309938982,1.1133393099391151,True,True,True
HDFCLIFE,2024-01-20T09:44:00+05:30,610.8,STOP_LOSS,1,-2.0,-2.18,0.0,1.6312656559898502,False,False,False
HDFCLIFE,2024-01-23T12:12:00+05:30,597.75,STOP_LOSS,7,-2.0,-2.18,1.1928386754559797,1.2630056563650893,True,True,True
HDFCLIFE,2024-01-25T14:44:00+05:30,577.55,TIME_HORIZON,40,1.4640050511290095,1.2840050511290095,2.6197985125465935,0.1926322435695973,True,True,True
HDFCLIFE,2024-02-01T11:07:00+05:30,569.15,STOP_LOSS,11,-2.0,-2.18,0.8114101084146544,1.506904487055636,True,True,False
HDFCLIFE,2024-02-12T09:17:00+05:30,580.0,STOP_LOSS,24,-2.0,-2.18,1.032868236269923,1.1476313736332768,True,True,True
HDFCLIFE,2024-02-20T09:20:00+05:30,578.05,TIME_HORIZON,40,1.2008614893502556,1.0208614893502557,2.6557513706783107,0.8313656464731892,True,True,True
HDFCLIFE,2024-02-26T09:16:00+05:30,572.15,TIME_HORIZON,40,1.4340155314919645,1.2540155314919645,1.4160903373483313,0.1434015531491883,True,True,True
HDFCLIFE,2024-03-13T11:42:00+05:30,612.3,STOP_LOSS,7,-2.0,-2.18,0.7374752764784133,1.0619643981288882,True,True,False
HDFCLIFE,2024-03-19T09:23:00+05:30,626.6,STOP_LOSS,8,-2.0,-2.18,0.23710985815047603,1.0562166408522276,False,False,False
HDFCLIFE,2024-03-20T10:49:00+05:30,619.4,TIME_HORIZON,40,19.14889066666786,18.96889066666786,9.643326235012529,0.0,True,True,True
HDFCLIFE,2024-04-03T09:17:00+05:30,626.85,STOP_LOSS,2,-2.0,-2.18,0.29528772457687247,1.1483411511324557,True,False,False
HDFCLIFE,2024-04-15T09:16:00+05:30,608.3,STOP_LOSS,3,-2.0,-2.18,0.4004308529021184,1.2902771926844632,True,False,False
HDFCLIFE,2024-04-19T09:16:00+05:30,588.0,STOP_LOSS,3,-2.0,-2.18,0.364854587588532,1.7982118959720739,True,False,False
HDFCLIFE,2024-05-06T09:40:00+05:30,555.1,STOP_LOSS,4,-2.0,-2.18,0.10194358020179908,1.2742947525229231,False,False,False
HDFCLIFE,2024-05-09T09:19:00+05:30,545.9,STOP_LOSS,2,-2.0,-2.18,0.0594830531969203,1.100436484142789,False,False,False
HDFCLIFE,2024-06-04T09:31:00+05:30,537.1,VWAP_Z_TARGET,26,4.114623349243648,3.934623349243648,2.411169282656774,0.0,True,True,True
HDFCLIFE,2024-06-04T10:56:00+05:30,540.05,STOP_LOSS,1,-2.0,-2.18,0.155609115452599,1.2137511005302297,False,False,False
HDFCLIFE,2024-06-20T09:20:00+05:30,589.35,STOP_LOSS,18,-2.0,-2.18,0.38837793836221446,1.4610408157436487,True,False,False
HDFCLIFE,2024-07-10T10:11:00+05:30,619.7,STOP_LOSS,1,-2.0,-2.18,0.14605441178854886,1.0223808825208383,False,False,False
HDFCLIFE,2024-07-22T09:17:00+05:30,630.8,STOP_LOSS,3,-2.0,-2.18,0.46163932127923435,1.2200467776664086,True,False,False
HDFCLIFE,2024-07-23T12:29:00+05:30,624.8,VWAP_Z_TARGET,14,7.081311814721011,6.901311814721011,3.6707208182431494,0.4480013597068263,True,True,True
HDFCLIFE,2024-07-30T09:16:00+05:30,691.1,STOP_LOSS,10,-2.0,-2.18,2.1463410245049115,1.1198300997416768,True,True,True
HDFCLIFE,2024-08-05T09:21:00+05:30,695.05,STOP_LOSS,8,-2.0,-2.18,0.0,1.2561510672585452,False,False,False
HDFCLIFE,2024-11-11T09:19:00+05:30,696.4,TIME_HORIZON,40,4.88120961678998,4.70120961678998,3.558559269014652,0.18895004968219994,True,True,True
HDFCLIFE,2024-11-12T12:50:00+05:30,699.55,STOP_LOSS,28,-2.0,-2.18,2.448157375761601,2.232143489664864,True,True,True
HDFCLIFE,2024-11-28T12:55:00+05:30,674.15,STOP_LOSS,4,-2.0,-2.18,1.7030620020059961,3.613253166418093,True,True,True
HDFCLIFE,2024-12-10T10:35:00+05:30,639.2,STOP_LOSS,28,-2.0,-2.18,2.5053269084043612,1.366541950038907,True,True,True
HDFCLIFE,2024-12-12T13:56:00+05:30,625.25,STOP_LOSS,2,-2.0,-2.18,0.6745401238568012,1.0522825932166344,True,True,False
HDFCLIFE,2024-12-19T09:17:00+05:30,617.15,STOP_LOSS,2,-2.0,-2.18,0.49070215399323375,1.0679988057499639,True,False,False
HDFCLIFE,2025-01-09T11:02:00+05:30,615.6,STOP_LOSS,2,-2.0,-2.18,0.2987475357740847,1.5684245628145816,True,False,False
HDFCLIFE,2025-01-15T10:11:00+05:30,591.2,STOP_LOSS,2,-2.0,-2.18,0.20600778583298188,1.1536436006647734,False,False,False
HDFCLIFE,2025-01-20T09:25:00+05:30,633.05,TIME_HORIZON,40,1.5961539706474217,1.4161539706474218,0.8459616044431625,0.7980769853237109,True,True,False
HDFCLIFE,2025-01-21T10:24:00+05:30,628.8,STOP_LOSS,6,-2.0,-2.18,1.346367128898013,1.0258035267793135,True,True,True
HDFCLIFE,2025-01-22T09:30:00+05:30,616.6,TIME_HORIZON,40,0.28973961111453955,0.10973961111453956,1.4245530879800026,0.7484939953793736,True,True,True
HDFCLIFE,2025-02-01T12:46:00+05:30,625.15,STOP_LOSS,1,-2.0,-2.18,1.025986093459792,1.3313390974656514,True,True,True
HDFCLIFE,2025-02-01T13:04:00+05:30,596.5,VWAP_Z_TARGET,26,15.90123315157383,15.72123315157383,8.297372438905342,0.024768275937036503,True,True,True
HDFCLIFE,2025-02-17T09:16:00+05:30,618.0,STOP_LOSS,1,-2.0,-2.18,0.0,1.245626637347916,False,False,False
HDFCLIFE,2025-02-21T10:14:00+05:30,614.8,STOP_LOSS,2,-2.0,-2.18,0.11533558276831715,1.5570303673718227,False,False,False
HDFCLIFE,2025-03-11T09:16:00+05:30,620.75,STOP_LOSS,1,-2.0,-2.18,0.0,5.251436845448798,False,False,False
HDFCLIFE,2025-04-07T09:16:00+05:30,673.65,STOP_LOSS,2,-2.0,-2.18,0.604863114870618,1.034120809294911,True,True,False
HDFCLIFE,2025-04-17T09:29:00+05:30,710.05,TIME_HORIZON,40,1.6037371605684119,1.423737160568412,1.588014247229485,0.15722913338905578,True,True,True
HDFCLIFE,2025-05-06T10:18:00+05:30,732.45,STOP_LOSS,7,-2.0,-2.18,0.8740783467923972,1.1654377957231963,True,True,False
HDFCLIFE,2025-05-08T09:16:00+05:30,719.75,STOP_LOSS,3,-2.0,-2.18,0.45859396820780485,1.9402052501100115,True,False,False
HDFCLIFE,2025-05-09T09:16:00+05:30,714.95,STOP_LOSS,1,-2.0,-2.18,0.0,2.236947934049795,False,False,False
HDFCLIFE,2025-05-20T14:32:00+05:30,748.05,STOP_LOSS,5,-2.0,-2.18,0.5618590559000212,1.1861468957887285,True,True,False
HDFCLIFE,2025-06-02T10:23:00+05:30,768.75,STOP_LOSS,2,-2.0,-2.18,0.0,1.8514819197446286,False,False,False
HDFCLIFE,2025-06-06T13:05:00+05:30,751.1,TIME_HORIZON,40,4.819469457712134,4.639469457712134,4.130973820896163,0.0,True,True,True
HDFCLIFE,2025-06-13T09:16:00+05:30,743.7,TIME_HORIZON,40,7.083730893371469,6.90373089337147,4.682055008290065,0.2911122284947308,True,True,True
HDFCLIFE,2025-06-19T09:16:00+05:30,763.6,TIME_HORIZON,40,1.4863067055157517,1.3063067055157518,3.2327170844967767,0.9660993585852893,True,True,True
HDFCLIFE,2025-07-10T12:29:00+05:30,769.2,STOP_LOSS,1,-2.0,-2.18,0.043092100604071044,1.702137973862374,False,False,False
HDFCLIFE,2025-07-17T09:21:00+05:30,746.75,TIME_HORIZON,40,2.976763488511532,2.796763488511532,1.7952645781229328,0.03068828338672366,True,True,True
HDFCLIFE,2025-09-08T09:19:00+05:30,748.85,TIME_HORIZON,40,3.5261674727516787,3.3461674727516786,2.3553696790645935,0.09641864183306031,True,True,True
HDFCLIFE,2025-09-16T12:30:00+05:30,770.75,TIME_HORIZON,40,0.9422128559888454,0.7622128559888455,3.169261424690054,0.0,True,True,True
HDFCLIFE,2025-09-23T09:26:00+05:30,779.8,TIME_HORIZON,40,0.6689029705725379,0.4889029705725379,0.9443336055141817,0.21640978459697388,True,True,False
HDFCLIFE,2025-10-06T12:14:00+05:30,754.55,STOP_LOSS,17,-2.0,-2.18,0.6166334545465076,1.274375806062745,True,True,False
HDFCLIFE,2025-10-16T09:16:00+05:30,730.9,TIME_HORIZON,40,2.2259297746792868,2.0459297746792866,1.2489939291256025,0.605947549773803,True,True,True
HDFCLIFE,2025-11-28T09:31:00+05:30,770.55,TIME_HORIZON,40,1.1375702994284003,0.9575702994284003,1.4219628742855002,0.08531777245711708,True,True,True
HDFCLIFE,2025-12-09T09:20:00+05:30,757.2,TIME_HORIZON,40,-1.1262852812256883,-1.3062852812256882,0.9460796362295372,0.9010282249805507,True,True,False
HDFCLIFE,2026-01-08T09:18:00+05:30,767.0,STOP_LOSS,3,-2.0,-2.18,0.05264008420153248,1.3686421892395453,False,False,False
HDFCLIFE,2026-01-16T09:16:00+05:30,727.95,STOP_LOSS,1,-2.0,-2.18,0.0,1.8381786766745472,False,False,False
HDFCLIFE,2026-02-01T12:32:00+05:30,720.3,STOP_LOSS,18,-2.0,-2.18,1.1162125468602964,1.5973386446448479,True,True,True
HDFCLIFE,2026-02-12T09:16:00+05:30,694.15,STOP_LOSS,6,-2.0,-2.18,1.00243761963905,1.1880742158685007,True,True,True
HDFCLIFE,2026-02-24T13:33:00+05:30,732.95,STOP_LOSS,38,-2.0,-2.18,2.082503078089257,1.4729899820632117,True,True,True
HDFCLIFE,2026-03-04T09:16:00+05:30,694.3,VWAP_Z_TARGET,27,8.899396009263802,8.719396009263802,4.502461222078121,0.9849133923295676,True,True,True
HDFCLIFE,2026-03-09T09:16:00+05:30,655.0,STOP_LOSS,31,-2.0,-2.18,0.1589959669188852,1.246863108995416,False,False,False
HDFCLIFE,2026-03-12T09:19:00+05:30,639.0,TIME_HORIZON,40,1.0801410356689687,0.9001410356689687,0.7477899477708317,0.7477899477708317,True,True,False
HDFCLIFE,2026-03-19T09:16:00+05:30,627.35,TIME_HORIZON,40,1.078287692288792,0.8982876922887921,0.6896025939056301,0.8400613416668641,True,True,False
HDFCLIFE,2026-03-23T09:16:00+05:30,613.45,STOP_LOSS,4,-2.0,-2.18,0.30801848512839286,1.1185934459926796,True,False,False
HDFCLIFE,2026-03-27T09:17:00+05:30,606.85,STOP_LOSS,4,-2.0,-2.18,0.4403359646676811,1.2051300085642769,True,False,False
HDFCLIFE,2026-04-17T09:20:00+05:30,607.3,TIME_HORIZON,40,0.8412567919861151,0.6612567919861152,0.6020759393626107,0.1814475433695344,True,True,False
HDFCLIFE,2026-05-11T09:16:00+05:30,614.0,STOP_LOSS,4,-2.0,-2.18,0.16669282349093745,1.3335425879273914,False,False,False
HDFCLIFE,2026-05-18T09:16:00+05:30,597.5,STOP_LOSS,2,-2.0,-2.18,0.0,1.1985669926012625,False,False,False
HDFCLIFE,2026-05-27T09:34:00+05:30,614.95,STOP_LOSS,3,-2.0,-2.18,0.13767488756851412,1.2390739881178794,False,False,False
HDFCLIFE,2026-05-29T15:01:00+05:30,596.6,STOP_LOSS,1,-2.0,-2.18,1.191404445810182,1.9147571450521095,True,True,True
HDFCLIFE,2026-06-08T09:16:00+05:30,567.8,TIME_HORIZON,40,5.53034264691485,5.35034264691485,2.765171323457425,0.942672042087739,True,True,True
HDFCLIFE,2026-06-25T14:45:00+05:30,587.15,STOP_LOSS,3,-2.0,-2.18,0.0,1.0760227720966096,False,False,False
HDFCLIFE,2026-06-30T09:49:00+05:30,573.0,STOP_LOSS,32,-2.0,-2.18,3.598260023466634,1.0494925068445131,True,True,True
HDFCLIFE,2026-07-08T13:56:00+05:30,562.05,STOP_LOSS,3,-2.0,-2.18,0.585034934885233,1.542364828333532,True,True,False
HDFCLIFE,2026-07-30T09:39:00+05:30,553.55,STOP_LOSS,3,-2.0,-2.18,0.9306129292711343,1.0635576334525954,True,True,False
HDFCLIFE,2026-08-04T09:22:00+05:30,546.15,TIME_HORIZON,40,0.49437511295549746,0.31437511295549747,0.3295834086369775,0.98875022591087,True,False,False
HDFCLIFE,2026-08-19T09:16:00+05:30,535.45,TIME_HORIZON,40,0.7129451705610641,0.5329451705610642,3.3270774626187496,0.35647258528062215,True,True,True
HINDALCO,2023-07-05T10:30:00+05:30,423.5,STOP_LOSS,2,-2.0,-2.18,0.3749327704843824,1.1247983114532893,True,False,False
HINDALCO,2023-07-06T09:16:00+05:30,417.85,VWAP_Z_TARGET,40,7.326862341652763,7.1468623416527635,3.6634311708263816,0.7433048752401861,True,True,True
HINDALCO,2023-07-11T12:44:00+05:30,425.1,STOP_LOSS,5,-2.0,-2.18,0.11732650766516027,1.8772241226442983,False,False,False
HINDALCO,2023-07-19T09:43:00+05:30,440.15,STOP_LOSS,2,-2.0,-2.18,0.0,1.218176500810151,False,False,False
HINDALCO,2023-07-21T09:19:00+05:30,439.1,STOP_LOSS,22,-2.0,-2.18,0.5648660409025684,1.0355877416547563,True,True,False
HINDALCO,2023-07-21T10:19:00+05:30,438.0,STOP_LOSS,10,-2.0,-2.18,1.0815443731161372,2.027895699592872,True,True,True
HINDALCO,2023-07-21T11:26:00+05:30,435.5,TIME_HORIZON,40,18.498701888841946,18.318701888841947,11.66222510383524,0.26809712882385817,True,True,True
HINDALCO,2023-08-14T09:16:00+05:30,453.9,STOP_LOSS,4,-2.0,-2.18,0.2066154060232419,1.1478633667956724,False,False,False
HINDALCO,2023-08-16T09:16:00+05:30,442.5,STOP_LOSS,20,-2.0,-2.18,1.9120133561702333,1.1030846285597402,True,True,True
HINDALCO,2023-09-05T09:16:00+05:30,481.4,STOP_LOSS,2,-2.0,-2.18,0.9862461146253987,1.3515224533754988,True,True,False
HINDALCO,2023-09-08T09:27:00+05:30,470.4,TIME_HORIZON,40,0.7650936745534546,0.5850936745534545,1.338913930468532,0.5977294332448779,True,True,True
HINDALCO,2023-09-18T09:16:00+05:30,488.4,STOP_LOSS,25,-2.0,-2.18,2.6279914708044307,1.1262820589161753,True,True,True
HINDALCO,2023-09-22T09:32:00+05:30,473.1,TIME_HORIZON,40,1.2012659236673033,1.0212659236673034,2.327452727105507,0.713251642177536,True,True,True
HINDALCO,2023-10-04T09:16:00+05:30,474.3,STOP_LOSS,11,-2.0,-2.18,1.240541029100603,1.0854734004630773,True,True,True
HINDALCO,2023-10-09T09:16:00+05:30,467.65,STOP_LOSS,1,-2.0,-2.18,0.0,2.329554332464235,False,False,False
HINDALCO,2023-10-16T09:19:00+05:30,476.15,TIME_HORIZON,40,1.9986295270269245,1.8186295270269246,1.9986295270268852,0.585805206197505,True,True,True
HINDALCO,2023-10-19T09:16:00+05:30,476.25,STOP_LOSS,3,-2.0,-2.18,0.3554461628798033,1.015560465370883,True,False,False
HINDALCO,2023-10-26T09:17:00+05:30,452.0,STOP_LOSS,5,-2.0,-2.18,0.28400613355070253,1.4200306677535128,True,False,False
HINDALCO,2023-11-10T09:16:00+05:30,481.25,TIME_HORIZON,40,3.797187751287716,3.617187751287716,3.290896051116049,0.5062917001716667,True,True,True
HINDALCO,2023-11-16T09:27:00+05:30,498.95,TIME_HORIZON,40,1.6153603365762823,1.4353603365762824,1.6153603365762546,0.3671273492218748,True,True,True
HINDALCO,2023-11-22T09:19:00+05:30,502.9,STOP_LOSS,11,-2.0,-2.18,0.6251025969336009,1.3972881578515244,True,True,False
HINDALCO,2024-02-26T09:58:00+05:30,512.6,STOP_LOSS,3,-2.0,-2.18,0.7480724758500285,1.4338055787125428,True,True,False
HINDALCO,2025-01-13T09:17:00+05:30,566.6,TIME_HORIZON,40,3.093658838542014,2.913658838542014,2.7386488078896813,0.27893645265546624,True,True,True
HINDALCO,2025-01-13T14:35:00+05:30,564.65,STOP_LOSS,2,-2.0,-2.18,0.34686173411046145,1.098395491349466,True,False,False
HINDUNILVR,2023-07-10T15:23:00+05:30,2651.95,STOP_LOSS,8,-2.0,-2.18,4.988071514777025,3.2976695014358213,True,True,True
HINDUNILVR,2023-07-13T14:47:00+05:30,2657.75,STOP_LOSS,14,-2.0,-2.18,0.5641276695617371,1.1909361912970005,True,True,False
HINDUNILVR,2023-07-25T09:18:00+05:30,2569.95,TIME_HORIZON,40,0.8776516384957375,0.6976516384957374,3.4792618526075185,0.09403410412448901,True,True,True
HINDUNILVR,2023-07-25T14:53:00+05:30,2564.2,VWAP_Z_TARGET,38,10.473644406125203,10.293644406125203,7.418831454338649,0.9212927949830436,True,True,True
HINDUNILVR,2023-07-31T09:17:00+05:30,2561.05,TIME_HORIZON,40,2.346443463315513,2.1664434633155127,2.2486749856774177,0.4587597796867302,True,True,True
HINDUNILVR,2023-08-09T09:19:00+05:30,2550.0,TIME_HORIZON,40,-1.3698920530225975,-1.5498920530225975,0.31507517219522235,0.9589244371158183,True,False,False
HINDUNILVR,2023-08-11T09:18:00+05:30,2515.0,STOP_LOSS,6,-2.0,-2.18,0.4815187965503779,1.185277037662624,True,False,False
HINDUNILVR,2023-08-14T09:17:00+05:30,2491.95,VWAP_Z_TARGET,27,7.109862708026247,6.929862708026247,3.7764224041073966,0.7752186753299558,True,True,True
HINDUNILVR,2023-08-29T10:16:00+05:30,2540.85,STOP_LOSS,4,-2.0,-2.18,0.2480836600295331,1.0198994912318566,False,False,False
HINDUNILVR,2023-08-31T10:25:00+05:30,2520.3,STOP_LOSS,17,-2.0,-2.18,1.34084386697499,1.1696723094889703,True,True,True
HINDUNILVR,2023-09-12T09:20:00+05:30,2513.7,TIME_HORIZON,40,-1.8610991177875917,-2.0410991177875917,0.7546529959321908,0.9872903856556139,True,True,False
HINDUNILVR,2023-09-15T09:16:00+05:30,2477.8,STOP_LOSS,21,-2.0,-2.18,1.5093175479950989,1.1237254736898767,True,True,True
HINDUNILVR,2023-09-21T09:53:00+05:30,2452.0,STOP_LOSS,4,-2.0,-2.18,0.11652215099711856,1.0603515740738212,False,False,False
HINDUNILVR,2023-11-02T10:16:00+05:30,2466.2,STOP_LOSS,3,-2.0,-2.18,0.27655040794066066,1.069328244037087,True,False,False
HINDUNILVR,2024-03-26T10:44:00+05:30,2236.85,STOP_LOSS,14,-2.0,-2.18,1.2694634058166967,1.224125427037367,True,True,True
HINDUNILVR,2024-04-12T15:18:00+05:30,2229.75,STOP_LOSS,13,-2.0,-2.18,2.981479264395199,7.541388727587855,True,True,True
HINDUNILVR,2024-04-16T09:16:00+05:30,2177.4,TIME_HORIZON,40,6.015017528119659,5.83501752811966,4.119233793576117,0.31596395575723935,True,True,True
HINDUNILVR,2024-04-18T15:10:00+05:30,2212.0,STOP_LOSS,15,-2.0,-2.18,2.461177083007988,1.0756255399812027,True,True,True
HINDUNILVR,2024-06-25T14:42:00+05:30,2430.2,STOP_LOSS,7,-2.0,-2.18,0.7395281270989467,1.0353393779382563,True,True,False
HINDUNILVR,2025-03-03T09:49:00+05:30,2173.95,STOP_LOSS,5,-2.0,-2.18,0.6081302190318165,1.2372304456161451,True,True,False
HINDUNILVR,2025-03-04T10:16:00+05:30,2156.6,STOP_LOSS,1,-2.0,-2.18,0.03542672675679256,1.0982285294563807,False,False,False
HINDUNILVR,2025-03-04T12:42:00+05:30,2136.45,TIME_HORIZON,40,30.31612370117933,30.13612370117933,16.57572231143637,0.4907286210620538,True,True,True
HINDUNILVR,2025-03-13T13:33:00+05:30,2176.3,STOP_LOSS,3,-2.0,-2.18,0.8043554693069919,1.4431083419921964,True,True,False
HINDUNILVR,2025-09-08T14:49:00+05:30,2621.6,STOP_LOSS,10,-2.0,-2.18,1.1308381760572401,1.1308381760572401,True,True,True
HINDUNILVR,2025-09-11T14:57:00+05:30,2622.8,STOP_LOSS,6,-2.0,-2.18,0.7958681698041508,1.0611575597389347,True,True,False
HINDUNILVR,2025-09-12T09:23:00+05:30,2594.5,STOP_LOSS,38,-2.0,-2.18,0.5683674175083507,1.0457960482153448,True,True,False
HINDUNILVR,2025-09-15T10:06:00+05:30,2568.4,TIME_HORIZON,40,2.5175756868043275,2.3375756868043274,3.46166656935595,0.0,True,True,True
HINDUNILVR,2025-09-17T09:51:00+05:30,2573.0,TIME_HORIZON,40,1.7092073631133187,1.5292073631133187,2.6087901858044957,0.3148539879418302,True,True,True
HINDUNILVR,2025-09-17T14:03:00+05:30,2572.4,STOP_LOSS,9,-2.0,-2.18,2.510038709415542,1.1335658687684163,True,True,True
HINDUNILVR,2025-09-17T15:00:00+05:30,2568.0,STOP_LOSS,11,-2.0,-2.18,1.4453230323587156,1.8066537904486684,True,True,True
HINDUNILVR,2025-09-19T11:53:00+05:30,2573.4,STOP_LOSS,3,-2.0,-2.18,0.05101870766489808,1.1734302762938158,False,False,False
HINDUNILVR,2025-09-19T12:51:00+05:30,2567.2,STOP_LOSS,3,-2.0,-2.18,1.9396256161896153,1.2930837441260834,True,True,True
HINDUNILVR,2025-09-19T13:29:00+05:30,2566.9,STOP_LOSS,5,-2.0,-2.18,1.9873888584398371,1.9873888584398371,True,True,True
HINDUNILVR,2025-09-19T14:32:00+05:30,2563.9,STOP_LOSS,2,-2.0,-2.18,0.37591773732400063,1.1277532119720017,True,False,False
HINDUNILVR,2025-09-19T15:12:00+05:30,2557.6,VWAP_Z_TARGET,19,8.707788914948361,8.527788914948362,7.816440443339369,0.6856526704683602,True,True,True
HINDUNILVR,2025-09-23T09:33:00+05:30,2562.7,STOP_LOSS,10,-2.0,-2.18,0.9884983324262059,1.9429105154582818,True,True,False
HINDUNILVR,2025-09-23T10:21:00+05:30,2548.6,STOP_LOSS,3,-2.0,-2.18,0.6042976971659066,1.5539083641407625,True,True,False
HINDUNILVR,2025-09-23T10:52:00+05:30,2539.9,STOP_LOSS,1,-2.0,-2.18,0.3998757395339675,1.5195278102291492,True,False,False
HINDUNILVR,2025-09-26T10:05:00+05:30,2513.4,STOP_LOSS,5,-2.0,-2.18,0.8051217637788883,1.2076826456684469,True,True,False
HINDUNILVR,2025-09-26T10:40:00+05:30,2509.1,TIME_HORIZON,40,-0.7345706228097074,-0.9145706228097075,5.203208578236216,0.7957848413771367,True,True,True
HINDUNILVR,2025-09-29T09:16:00+05:30,2474.5,STOP_LOSS,2,-2.0,-2.18,0.10274105889760281,1.0702193635168582,False,False,False
HINDUNILVR,2025-10-01T10:49:00+05:30,2498.3,TIME_HORIZON,40,4.834101178269856,4.6541011782698565,4.561208369819202,0.15593874768616442,True,True,True
HINDUNILVR,2025-10-07T11:12:00+05:30,2527.4,STOP_LOSS,1,-2.0,-2.18,0.0,1.0691428812095332,False,False,False
HINDUNILVR,2025-10-08T10:24:00+05:30,2488.1,STOP_LOSS,1,-2.0,-2.18,0.07546692173337402,1.509338434668853,False,False,False
HINDUNILVR,2025-10-31T13:27:00+05:30,2457.3,STOP_LOSS,1,-2.0,-2.18,0.3261608656202975,1.0437147699851894,True,False,False
HINDUNILVR,2025-11-03T09:16:00+05:30,2454.3,VWAP_Z_TARGET,13,6.216742061174423,6.036742061174423,3.1083710305872114,0.5977636597283308,True,True,True
HINDUNILVR,2025-11-06T13:49:00+05:30,2440.1,STOP_LOSS,6,-2.0,-2.18,1.0356391318167757,1.4844160889372844,True,True,True
HINDUNILVR,2025-11-10T13:48:00+05:30,2405.9,TIME_HORIZON,40,3.7325826284350176,3.5525826284350175,3.2318703246205946,0.0,True,True,True
HINDUNILVR,2025-11-13T13:15:00+05:30,2416.6,STOP_LOSS,2,-2.0,-2.18,0.5771045760215677,2.1308476653099846,True,True,False
HINDUNILVR,2025-11-13T14:10:00+05:30,2412.3,STOP_LOSS,4,-2.0,-2.18,0.6111636019664327,1.1713969037692662,True,True,False
HINDUNILVR,2025-11-18T10:25:00+05:30,2408.2,STOP_LOSS,8,-2.0,-2.18,1.003056719121717,1.0030567191213369,True,True,True
HINDUNILVR,2025-11-20T14:26:00+05:30,2430.9,STOP_LOSS,19,-2.0,-2.18,0.5030810876453659,1.7801330793608638,True,True,False
HINDUNILVR,2025-11-25T09:50:00+05:30,2407.0,TIME_HORIZON,40,20.78118688364419,20.60118688364419,11.166010862853588,0.7754174210314942,True,True,True
HINDUNILVR,2025-11-25T15:03:00+05:30,2413.3,STOP_LOSS,24,-2.0,-2.18,1.7325361746716526,1.0631471980941638,True,True,True
HINDUNILVR,2025-12-08T12:50:00+05:30,2325.0,STOP_LOSS,4,-2.0,-2.18,0.48766243135635123,1.1581982744711263,True,False,False
HINDUNILVR,2025-12-12T09:49:00+05:30,2295.9,STOP_LOSS,1,-2.0,-2.18,0.07330353493084535,1.0262494890328349,False,False,False
HINDUNILVR,2025-12-12T10:09:00+05:30,2259.0,STOP_LOSS,1,-2.0,-2.18,0.1993708902130756,2.0364312357477377,False,False,False
HINDUNILVR,2025-12-16T14:21:00+05:30,2282.4,TIME_HORIZON,40,4.0725015555838775,3.8925015555838773,4.508841007968171,0.8726789047682573,True,True,True
HINDUNILVR,2025-12-16T15:21:00+05:30,2278.0,STOP_LOSS,8,-2.0,-2.18,0.9953668343516293,1.047754562475349,True,True,False
HINDUNILVR,2025-12-17T12:03:00+05:30,2271.4,STOP_LOSS,11,-2.0,-2.18,0.8290828155429664,1.1607159417601027,True,True,False
HINDUNILVR,2025-12-24T13:45:00+05:30,2289.6,STOP_LOSS,2,-2.0,-2.18,0.0,1.0586250955712584,False,False,False
HINDUNILVR,2025-12-26T09:42:00+05:30,2276.4,TIME_HORIZON,40,3.8273885055341546,3.6473885055341544,2.890899828648213,0.16286759598022013,True,True,True
HINDUNILVR,2026-02-02T09:26:00+05:30,2326.2,TIME_HORIZON,40,-0.49694126038244163,-0.6769412603824416,1.3880083479649483,0.6083246463302988,True,True,True
HINDUNILVR,2026-03-06T10:34:00+05:30,2229.1,STOP_LOSS,15,-2.0,-2.18,1.6354029644266577,2.485812505928341,True,True,True
HINDUNILVR,2026-03-09T09:16:00+05:30,2198.0,STOP_LOSS,3,-2.0,-2.18,0.09114658633796728,1.127939005932099,False,False,False
HINDUNILVR,2026-03-11T10:05:00+05:30,2169.5,STOP_LOSS,1,-2.0,-2.18,0.0,1.097827033587154,False,False,False
HINDUNILVR,2026-03-11T12:38:00+05:30,2162.1,STOP_LOSS,27,-2.0,-2.18,1.2802658606000414,1.417437202807055,True,True,True
HINDUNILVR,2026-03-12T09:17:00+05:30,2140.0,STOP_LOSS,3,-2.0,-2.18,0.11376634082438504,1.5764764371382871,False,False,False
HINDUNILVR,2026-03-17T11:27:00+05:30,2155.5,STOP_LOSS,8,-2.0,-2.18,1.5540620544152532,2.0568468367260158,True,True,True
HINDUNILVR,2026-03-23T09:59:00+05:30,2039.5,STOP_LOSS,2,-2.0,-2.18,0.0,1.1847470388984875,False,False,False
HINDUNILVR,2026-03-27T09:16:00+05:30,2109.7,STOP_LOSS,1,-2.0,-2.18,0.0,1.2017348017660483,False,False,False
HINDUNILVR,2026-04-02T09:16:00+05:30,2034.4,TIME_HORIZON,40,-0.3621283051538066,-0.5421283051538066,1.8106415257686215,0.9958528391727623,True,True,True
HINDUNILVR,2026-04-09T12:47:00+05:30,2126.0,STOP_LOSS,7,-2.0,-2.18,0.4141832168513743,1.2943225526602504,True,False,False
HINDUNILVR,2026-04-09T13:22:00+05:30,2117.5,STOP_LOSS,11,-2.0,-2.18,0.7376099549674009,1.26447420851551,True,True,False
HINDUNILVR,2026-04-13T09:18:00+05:30,2118.5,TIME_HORIZON,40,1.962955555397623,1.782955555397623,1.1486925101956593,0.36351028803659685,True,True,True
HINDUNILVR,2026-04-13T10:16:00+05:30,2119.8,TIME_HORIZON,40,13.677738300356106,13.497738300356106,6.838869150178053,0.5566521401308138,True,True,True
HINDUNILVR,2026-04-16T09:16:00+05:30,2150.0,VWAP_Z_TARGET,8,5.753991643417645,5.573991643417645,2.9770652415943695,0.22515619474245233,True,True,True
HINDUNILVR,2026-04-16T09:39:00+05:30,2149.4,STOP_LOSS,3,-2.0,-2.18,0.0,1.1280436466508565,False,False,False
HINDUNILVR,2026-04-16T13:15:00+05:30,2131.0,TIME_HORIZON,40,7.6828322215555485,7.502832221555549,4.353604925548144,0.9731587480637494,True,True,True
HINDUNILVR,2026-04-20T15:18:00+05:30,2231.1,STOP_LOSS,1,-2.0,-2.18,0.0,1.7886035714681978,False,False,False
HINDUNILVR,2026-04-24T11:33:00+05:30,2311.7,STOP_LOSS,8,-2.0,-2.18,1.2998188737910117,1.2331614956477934,True,True,True
HINDUNILVR,2026-04-28T09:34:00+05:30,2309.1,STOP_LOSS,33,-2.0,-2.18,0.8767195549032891,1.4736349965395026,True,True,False
HINDUNILVR,2026-04-30T10:50:00+05:30,2258.1,STOP_LOSS,28,-2.0,-2.18,0.010667325290675182,1.0160627339365775,False,False,False
HINDUNILVR,2026-05-06T10:33:00+05:30,2292.5,STOP_LOSS,3,-2.0,-2.18,0.6375962281238349,1.1157933992168318,True,True,False
HINDUNILVR,2026-05-07T10:46:00+05:30,2285.0,STOP_LOSS,6,-2.0,-2.18,0.2893031943958605,1.0414914998252032,True,False,False
HINDUNILVR,2026-05-12T13:10:00+05:30,2283.7,TIME_HORIZON,40,4.997622291619934,4.8176222916199345,3.1149563598453485,0.0684605793371954,True,True,True
HINDUNILVR,2026-05-12T14:15:00+05:30,2282.0,STOP_LOSS,5,-2.0,-2.18,0.5642102026305139,2.1816127835047223,True,True,False
HINDUNILVR,2026-05-20T09:16:00+05:30,2210.7,STOP_LOSS,4,-2.0,-2.18,1.636793263905801,1.2459172605849398,True,True,True
HINDUNILVR,2026-05-21T10:20:00+05:30,2204.5,STOP_LOSS,19,-2.0,-2.18,2.0236074188011104,1.1332201545286953,True,True,True
HINDUNILVR,2026-05-21T10:57:00+05:30,2194.5,STOP_LOSS,4,-2.0,-2.18,1.3358994107647755,2.4491489197355905,True,True,True
HINDUNILVR,2026-05-27T10:39:00+05:30,2200.5,STOP_LOSS,6,-2.0,-2.18,1.0802710011642396,1.4403613348855617,True,True,True
HINDUNILVR,2026-05-27T11:45:00+05:30,2196.2,STOP_LOSS,1,-2.0,-2.18,0.9737371629375328,1.2171714536716391,True,True,False
HINDUNILVR,2026-05-27T12:28:00+05:30,2192.1,STOP_LOSS,1,-2.0,-2.18,0.0,1.4455317286387672,False,False,False
HINDUNILVR,2026-05-27T13:27:00+05:30,2187.6,TIME_HORIZON,40,12.393514050374861,12.213514050374862,7.718767522601975,0.05435751776475215,True,True,True
HINDUNILVR,2026-05-29T10:27:00+05:30,2183.6,STOP_LOSS,5,-2.0,-2.18,0.8426989912926712,1.3693858608506209,True,True,False
HINDUNILVR,2026-05-29T15:05:00+05:30,2152.1,STOP_LOSS,1,-2.0,-2.18,0.0,1.1577898614896434,False,False,False
HINDUNILVR,2026-05-29T15:28:00+05:30,2120.6,VWAP_Z_TARGET,2,7.955778601949388,7.775778601949388,4.804590011446205,0.0,True,True,True
HINDUNILVR,2026-06-01T14:50:00+05:30,2090.0,STOP_LOSS,3,-2.0,-2.18,0.3247219816804,1.4287767193936418,True,False,False
HINDUNILVR,2026-06-01T15:09:00+05:30,2082.1,STOP_LOSS,22,-2.0,-2.18,3.1881212724316543,1.4931707225311905,True,True,True
HINDUNILVR,2026-06-08T13:43:00+05:30,2101.0,TIME_HORIZON,40,6.141492135785903,5.961492135785903,4.386780096989931,0.21933900484949653,True,True,True
HINDUNILVR,2026-06-11T09:16:00+05:30,2154.5,STOP_LOSS,1,-2.0,-2.18,0.32870969045514553,1.540826674008582,True,False,False
HINDUNILVR,2026-06-11T10:28:00+05:30,2146.1,STOP_LOSS,3,-2.0,-2.18,0.2720950338897201,2.5395536496356006,True,False,False
HINDUNILVR,2026-06-11T11:01:00+05:30,2139.3,TIME_HORIZON,40,20.08762818343561,19.90762818343561,12.223866762788537,0.3114360958672983,True,True,True
HINDUNILVR,2026-06-11T15:01:00+05:30,2139.1,STOP_LOSS,2,-2.0,-2.18,0.0,1.0569069989135884,False,False,False
HINDUNILVR,2026-06-15T15:09:00+05:30,2156.4,STOP_LOSS,2,-2.0,-2.18,0.0,1.3316010856562954,False,False,False
HINDUNILVR,2026-06-19T10:32:00+05:30,2197.0,STOP_LOSS,11,-2.0,-2.18,2.1735680467604,1.0350324032192828,True,True,True
HINDUNILVR,2026-06-19T13:01:00+05:30,2186.6,STOP_LOSS,3,-2.0,-2.18,0.35049462277663807,3.592569883459644,True,False,False
HINDUNILVR,2026-06-23T09:16:00+05:30,2164.3,TIME_HORIZON,40,5.025625108541761,4.845625108541761,2.56480177953161,0.433243543839807,True,True,True
HINDUNILVR,2026-06-23T15:04:00+05:30,2159.2,STOP_LOSS,8,-2.0,-2.18,0.32946706607776377,1.0542946114487841,True,False,False
HINDUNILVR,2026-06-29T11:52:00+05:30,2168.0,TIME_HORIZON,40,-1.1800102603189553,-1.3600102603189552,1.497705330404701,0.9077002002452232,True,True,True
HINDUNILVR,2026-06-29T15:02:00+05:30,2149.1,STOP_LOSS,25,-2.0,-2.18,3.1627046780569925,2.186561258903589,True,True,True
HINDUNILVR,2026-07-08T09:26:00+05:30,2188.9,STOP_LOSS,3,-2.0,-2.18,0.09685850458668527,1.3366473632962743,False,False,False
HINDUNILVR,2026-07-08T13:54:00+05:30,2151.1,STOP_LOSS,1,-2.0,-2.18,0.0,1.549639165203884,False,False,False
HINDUNILVR,2026-07-13T09:16:00+05:30,2134.1,TIME_HORIZON,40,-0.038641928642145024,-0.21864192864214502,1.3138255738341609,0.5989498939537751,True,True,True
HINDUNILVR,2026-07-13T10:53:00+05:30,2124.0,STOP_LOSS,3,-2.0,-2.18,0.106359827326797,1.1167781869323359,False,False,False
HINDUNILVR,2026-07-14T14:28:00+05:30,2120.5,TIME_HORIZON,40,0.7288839244175302,0.5488839244175303,1.195369636044723,0.043733035465078327,True,True,True
HINDUNILVR,2026-07-15T09:50:00+05:30,2104.9,TIME_HORIZON,40,0.23750278624561869,0.05750278624561869,2.0187736830895586,0.4750055724917774,True,True,True
HINDUNILVR,2026-07-21T11:44:00+05:30,2129.6,STOP_LOSS,2,-2.0,-2.18,0.0,1.530697555443841,False,False,False
HINDUNILVR,2026-07-24T09:16:00+05:30,2148.6,VWAP_Z_TARGET,23,4.599129493604292,4.419129493604292,2.299564746802146,0.35197419593909746,True,True,True
HINDUNILVR,2026-07-24T10:06:00+05:30,2152.0,STOP_LOSS,7,-2.0,-2.18,0.9456799783726908,1.4658039664776277,True,True,False
HINDUNILVR,2026-07-28T10:03:00+05:30,2118.0,STOP_LOSS,1,-2.0,-2.18,0.2020183752444915,2.659908607385929,False,False,False
HINDUNILVR,2026-07-30T11:25:00+05:30,2090.2,TIME_HORIZON,40,4.165511714553945,3.985511714553945,5.264743972560915,0.6363976230567358,True,True,True
HINDUNILVR,2026-08-04T09:29:00+05:30,2104.8,TIME_HORIZON,40,0.4785627566042328,0.2985627566042328,0.9008240124315422,0.25335675349641124,True,True,False
HINDUNILVR,2026-08-04T10:57:00+05:30,2101.9,STOP_LOSS,1,-2.0,-2.18,0.22050150144502217,1.396509509153144,False,False,False
HINDUNILVR,2026-08-04T11:29:00+05:30,2098.4,STOP_LOSS,4,-2.0,-2.18,1.2386669818749838,1.4038225794585402,True,True,True
HINDUNILVR,2026-08-04T13:12:00+05:30,2085.3,STOP_LOSS,4,-2.0,-2.18,0.6103799907120656,1.5259499767806843,True,True,False
HINDUNILVR,2026-08-04T13:41:00+05:30,2075.8,STOP_LOSS,2,-2.0,-2.18,0.0,1.4617060659151286,False,False,False
HINDUNILVR,2026-08-10T09:35:00+05:30,2081.3,TIME_HORIZON,40,0.9508787404839489,0.770878740483949,1.7115817328709928,0.8557908664356405,True,True,True
HINDUNILVR,2026-08-10T14:48:00+05:30,2076.7,TIME_HORIZON,40,2.6890717826031514,2.5090717826031512,5.490188222814661,0.9523795896718114,True,True,True
HINDUNILVR,2026-08-11T14:47:00+05:30,2068.4,STOP_LOSS,18,-2.0,-2.18,1.2469201829841763,1.1510032458316313,True,True,True
HINDUNILVR,2026-08-14T13:08:00+05:30,2074.9,STOP_LOSS,8,-2.0,-2.18,1.3015161563605628,1.0648768552042926,True,True,True
HINDUNILVR,2026-08-14T13:31:00+05:30,2070.1,STOP_LOSS,2,-2.0,-2.18,0.2428950476584146,1.4573702859493831,False,False,False
HINDUNILVR,2026-08-17T09:16:00+05:30,2065.0,STOP_LOSS,1,-2.0,-2.18,0.0,1.8863063483306381,False,False,False
HINDUNILVR,2026-08-18T09:16:00+05:30,2054.2,STOP_LOSS,3,-2.0,-2.18,0.19822969123991624,2.106190469423575,False,False,False
HINDUNILVR,2026-08-18T10:13:00+05:30,2041.1,STOP_LOSS,2,-2.0,-2.18,0.09624688947949024,1.0587157842728607,False,False,False
HINDUNILVR,2026-08-19T10:22:00+05:30,2024.0,STOP_LOSS,1,-2.0,-2.18,0.9354009729436376,1.7007290417158454,True,True,False
HINDUNILVR,2026-08-21T09:36:00+05:30,2020.7,STOP_LOSS,1,-2.0,-2.18,0.0,1.176349099027892,False,False,False
HINDUNILVR,2026-08-21T10:14:00+05:30,2014.8,STOP_LOSS,5,-2.0,-2.18,0.19721090075813455,1.183265404548583,False,False,False
HINDUNILVR,2026-08-24T11:36:00+05:30,2010.7,STOP_LOSS,20,-2.0,-2.18,0.9548336557296726,1.7187005803133673,True,True,False
ICICIBANK,2023-07-11T15:10:00+05:30,943.05,VWAP_Z_TARGET,21,10.253006262975912,10.073006262975913,6.230673036731588,0.9069967078786204,True,True,True
ICICIBANK,2023-08-17T09:32:00+05:30,948.75,TIME_HORIZON,40,3.6730394654035634,3.4930394654035632,2.754779599052607,0.14347810411732467,True,True,True
ICICIBANK,2023-08-18T15:27:00+05:30,949.65,STOP_LOSS,2,-2.0,-2.18,0.14861482838364218,1.4118408696442628,False,False,False
ICICIBANK,2023-09-01T10:45:00+05:30,953.55,VWAP_Z_TARGET,22,8.661400728342608,8.481400728342608,4.330700364171304,0.7060924506801004,True,True,True
ICICIBANK,2023-09-01T11:46:00+05:30,953.8,TIME_HORIZON,40,6.54463652638539,6.36463652638539,3.6887951330536106,0.23798678277756938,True,True,True
ICICIBANK,2023-10-04T09:19:00+05:30,932.65,STOP_LOSS,3,-2.0,-2.18,0.055858486536964944,1.647825352840053,False,False,False
ICICIBANK,2023-10-13T09:16:00+05:30,945.0,TIME_HORIZON,40,1.1037853375391724,0.9237853375391725,1.6305919759101073,0.22577427358757615,True,True,True
ICICIBANK,2023-10-19T09:18:00+05:30,935.0,TIME_HORIZON,40,3.2773171942571886,3.0973171942571884,1.6386585971285943,0.2521013226351684,True,True,True
ICICIBANK,2023-10-20T09:16:00+05:30,930.65,TIME_HORIZON,40,6.313292636937018,6.133292636937019,4.7600222262620715,0.15031649135562158,True,True,True
ICICIBANK,2023-10-23T15:02:00+05:30,928.5,STOP_LOSS,2,-2.0,-2.18,0.347908275469418,1.0785156539552037,True,False,False
ICICIBANK,2023-10-31T15:06:00+05:30,914.55,TIME_HORIZON,40,0.7193205092793706,0.5393205092793707,2.437697281446564,0.6393960082482284,True,True,True
ICICIBANK,2023-12-21T09:16:00+05:30,994.8,STOP_LOSS,11,-2.0,-2.18,0.7447443726600054,1.2889806449884595,True,True,False
ICICIBANK,2024-01-08T14:35:00+05:30,981.7,TIME_HORIZON,40,0.44498162064856495,0.26498162064856495,0.7910784367086349,0.6921936321201398,True,True,False
ICICIBANK,2026-05-20T09:16:00+05:30,1226.5,TIME_HORIZON,40,2.1048874038724446,1.9248874038724446,2.3215669895651336,0.30954226527535117,True,True,True
INDIGO,2023-07-04T09:31:00+05:30,2621.0,STOP_LOSS,1,-1.7964845549754362,-1.9764845549754362,0.00843901208755808,1.0126814505032855,False,False,False
INDIGO,2023-07-04T13:54:00+05:30,2586.0,TIME_HORIZON,40,1.907135073352715,1.727135073352715,2.050170203854147,0.19071350733531486,True,True,True
INDIGO,2023-08-02T14:22:00+05:30,2525.65,VWAP_Z_TARGET,41,17.665046723961137,17.485046723961137,9.477931023072586,0.8366395606747534,True,True,True
INDIGO,2023-08-03T09:16:00+05:30,2469.05,TIME_HORIZON,40,0.1841895509148237,0.004189550914823703,2.3504188345003043,0.36237292082160555,True,True,True
INDIGO,2023-09-21T12:24:00+05:30,2381.75,STOP_LOSS,3,-2.0,-2.18,1.2185070679830814,1.5013747801932629,True,True,True
INFY,2023-07-07T09:16:00+05:30,1308.5,VWAP_Z_TARGET,37,7.084508036021385,6.904508036021385,3.681165940285655,0.5556476890996948,True,True,True
INFY,2023-07-07T10:33:00+05:30,1307.4,STOP_LOSS,9,-2.0,-2.18,0.8045648827757009,1.340941471293038,True,True,False
INFY,2023-07-12T10:58:00+05:30,1303.2,TIME_HORIZON,40,8.707528687377305,8.527528687377306,7.860963398326933,0.3628136953073419,True,True,True
INFY,2024-03-22T09:16:00+05:30,1475.1,TIME_HORIZON,40,1.4386155551634099,1.25861555516341,0.8250883331084234,0.9097127775297694,True,True,False
INFY,2024-03-27T14:45:00+05:30,1453.8,STOP_LOSS,18,-2.0,-2.18,2.3966842622885483,2.0771263606500026,True,True,True
INFY,2024-04-12T12:19:00+05:30,1457.0,STOP_LOSS,17,-2.0,-2.18,2.6158584146963757,1.5300303935016222,True,True,True
INFY,2024-04-16T09:17:00+05:30,1416.8,TIME_HORIZON,40,-0.7509826543261398,-0.9309826543261397,1.5520308189407002,0.8511136749029242,True,True,True
INFY,2024-04-19T09:17:00+05:30,1361.1,TIME_HORIZON,40,0.8532384056519636,0.6732384056519636,0.5900052805040117,0.953085453121865,True,True,False
INFY,2024-04-30T15:03:00+05:30,1391.1,STOP_LOSS,13,-2.0,-2.18,0.8191144959008694,1.404196278687078,True,True,False
INFY,2024-05-03T10:07:00+05:30,1378.2,STOP_LOSS,16,-2.0,-2.18,1.7693781239138173,1.647352046402625,True,True,True
INFY,2024-05-10T09:23:00+05:30,1383.9,TIME_HORIZON,40,4.052646651903605,3.872646651903605,2.0796476240031585,0.14219812813700264,True,True,True
INFY,2024-05-21T09:20:00+05:30,1405.9,STOP_LOSS,17,-2.0,-2.18,0.542375704283974,1.0072691650988759,True,True,False
INFY,2024-05-24T15:24:00+05:30,1429.7,TIME_HORIZON,40,2.5905540728961736,2.4105540728961734,5.9366864170540685,0.32381925911211373,True,True,True
INFY,2024-05-28T15:26:00+05:30,1431.7,STOP_LOSS,3,-2.0,-2.18,1.200427808705141,1.4774496107141974,True,True,True
INFY,2024-06-04T09:22:00+05:30,1359.5,VWAP_Z_TARGET,35,3.3343113448043367,3.1543113448043365,1.7884033576677851,0.7881099542264749,True,True,True
INFY,2024-06-04T12:12:00+05:30,1348.7,STOP_LOSS,13,-2.0,-2.18,2.361239153792955,1.3206930860198207,True,True,True
INFY,2025-08-06T15:27:00+05:30,1402.1,STOP_LOSS,1,-2.0,-2.18,0.4198650849035278,1.3645615259361075,True,False,False
INFY,2025-08-07T13:19:00+05:30,1386.1,TIME_HORIZON,40,4.209602475266335,4.029602475266335,2.385441402650987,0.8886938558894958,True,True,True
INFY,2025-08-12T14:42:00+05:30,1396.0,STOP_LOSS,8,-2.0,-2.18,0.5050426584463337,1.7676493045622397,True,True,False
INFY,2025-08-18T11:38:00+05:30,1404.7,STOP_LOSS,20,-2.0,-2.18,2.706819452207908,1.1451928451650661,True,True,True
INFY,2025-08-28T14:27:00+05:30,1472.1,STOP_LOSS,1,-2.0,-2.18,0.19531773874179026,1.660200779304662,False,False,False
INFY,2025-08-28T14:44:00+05:30,1470.1,STOP_LOSS,3,-2.0,-2.18,0.1038575984978865,1.3501487804706354,False,False,False
INFY,2025-08-29T09:19:00+05:30,1458.3,STOP_LOSS,17,-2.0,-2.18,1.2586019536088884,1.2586019536088884,True,True,True
INFY,2025-09-02T09:18:00+05:30,1459.4,STOP_LOSS,4,-2.0,-2.18,0.9674827511096313,1.3360476086753048,True,True,False
INFY,2025-09-03T09:17:00+05:30,1455.5,STOP_LOSS,1,-2.0,-2.18,0.3083882068470159,1.1650221147553068,True,False,False
INFY,2025-09-03T10:42:00+05:30,1444.6,STOP_LOSS,20,-2.0,-2.18,0.8349784417140949,2.5049353251420134,True,True,False
INFY,2025-09-04T09:45:00+05:30,1440.3,TIME_HORIZON,40,0.0,-0.18,5.065102756134018,0.8104164409813969,True,True,True
INFY,2025-09-04T11:23:00+05:30,1437.2,STOP_LOSS,1,-2.0,-2.18,0.7468036298620429,1.045525081806928,True,True,False
INFY,2025-09-04T15:16:00+05:30,1430.2,VWAP_Z_TARGET,17,10.284175588804965,10.104175588804965,5.1420877944024825,0.24486132354297538,True,True,True
INFY,2025-09-05T10:09:00+05:30,1425.4,STOP_LOSS,2,-2.0,-2.18,3.2702447863717268,3.581696670788155,True,True,True
INFY,2025-09-08T10:53:00+05:30,1406.1,STOP_LOSS,10,-2.0,-2.18,0.22654147530002183,1.0571935513993578,False,False,False
INFY,2025-09-08T14:49:00+05:30,1398.9,TIME_HORIZON,40,12.76329130214997,12.58329130214997,6.478337251848761,0.8702244069648706,True,True,True
INFY,2025-09-11T09:16:00+05:30,1485.7,STOP_LOSS,5,-2.0,-2.18,0.4664158480755743,1.0364796623901913,True,False,False
INFY,2025-09-15T09:16:00+05:30,1481.0,STOP_LOSS,1,-2.0,-2.18,0.5861050276939181,1.2030576884243287,True,True,False
INFY,2025-09-22T09:16:00+05:30,1456.1,TIME_HORIZON,40,3.5747553096040967,3.3947553096040965,1.8946203140901712,0.11439216990732459,True,True,True
INFY,2025-09-22T10:17:00+05:30,1473.3,STOP_LOSS,3,-2.0,-2.18,0.4617652833007748,1.6161784915522743,True,False,False
INFY,2025-09-24T10:41:00+05:30,1456.0,STOP_LOSS,4,-2.0,-2.18,0.6527234920059388,1.6970810792153816,True,True,False
INFY,2025-09-25T12:44:00+05:30,1452.5,STOP_LOSS,5,-2.0,-2.18,0.7113346506197682,1.2645949344349439,True,True,False
INFY,2025-09-26T09:22:00+05:30,1429.9,TIME_HORIZON,40,0.03534542425094156,-0.14465457574905843,1.678907651921251,0.494835939513664,True,True,True
INFY,2025-09-26T14:05:00+05:30,1420.5,STOP_LOSS,3,-2.0,-2.18,0.0,1.7528207571013281,False,False,False
INFY,2025-10-07T12:18:00+05:30,1427.5,TIME_HORIZON,40,9.584324889195965,9.404324889195966,5.545216543034746,0.9584324889196588,True,True,True
INFY,2025-10-13T09:16:00+05:30,1467.6,STOP_LOSS,1,-2.0,-2.18,0.03318725254732113,1.3274901018910343,False,False,False
INFY,2025-10-13T10:23:00+05:30,1461.6,STOP_LOSS,7,-2.0,-2.18,0.5812311206945634,1.5776273275993133,True,True,False
INFY,2025-10-15T09:17:00+05:30,1450.1,STOP_LOSS,20,-2.0,-2.18,2.1731729386083396,1.0555411416097225,True,True,True
INFY,2025-10-16T09:17:00+05:30,1431.7,TIME_HORIZON,40,3.334297066509667,3.154297066509667,2.695814649518396,0.7448961531564562,True,True,True
INFY,2025-10-17T09:16:00+05:30,1423.8,STOP_LOSS,16,-2.0,-2.18,0.5619197663226555,1.0023433669539,True,True,False
INFY,2025-10-27T09:16:00+05:30,1477.4,STOP_LOSS,1,-2.0,-2.18,0.07516928898179273,1.0273136160846905,False,False,False
INFY,2025-10-28T12:04:00+05:30,1461.1,STOP_LOSS,3,-2.0,-2.18,0.2914863759300155,2.1375667568186407,True,False,False
INFY,2025-10-30T09:44:00+05:30,1463.2,STOP_LOSS,9,-2.0,-2.18,0.3076785927440258,2.1537501492081805,True,False,False
INFY,2025-11-04T09:21:00+05:30,1443.6,TIME_HORIZON,40,-0.13309607953775343,-0.3130960795377534,1.0647686363030109,0.9316725567651062,True,True,True
INFY,2025-11-04T11:09:00+05:30,1440.9,STOP_LOSS,1,-2.0,-2.18,0.0,1.807277849942652,False,False,False
INFY,2025-11-06T15:08:00+05:30,1435.4,STOP_LOSS,9,-2.0,-2.18,1.8837451348519914,3.2965539859912076,True,True,True
INFY,2025-11-07T09:23:00+05:30,1424.3,STOP_LOSS,12,-2.0,-2.18,0.6985684916683534,1.0273066053946098,True,True,False
INFY,2025-11-14T09:16:00+05:30,1491.7,STOP_LOSS,2,-2.0,-2.18,0.0,1.486963241794574,False,False,False
INFY,2025-11-18T09:44:00+05:30,1460.8,STOP_LOSS,8,-2.0,-2.18,1.8419297765095548,1.0834881038291209,True,True,True
INFY,2025-11-21T09:16:00+05:30,1498.1,VWAP_Z_TARGET,13,5.985597421895161,5.805597421895161,3.105028662608183,0.07481996777362146,True,True,True
INFY,2025-11-21T09:56:00+05:30,1498.3,TIME_HORIZON,40,5.607508888822138,5.427508888822138,2.803754444411069,0.215673418800776,True,True,True
INFY,2025-11-28T15:23:00+05:30,1525.0,STOP_LOSS,8,-2.0,-2.18,17.999815736135368,5.294063451804556,True,True,True
INFY,2025-12-02T13:31:00+05:30,1527.2,TIME_HORIZON,40,3.2232689719084555,3.0432689719084554,4.0910721566531265,0.0,True,True,True
INFY,2025-12-08T13:34:00+05:30,1573.2,TIME_HORIZON,40,0.3628023618558932,0.18280236185589321,2.2372812314450417,0.725604723711924,True,True,True
INFY,2025-12-10T13:44:00+05:30,1556.9,STOP_LOSS,1,-2.0,-2.18,0.2476658155578598,1.4859948933488483,False,False,False
INFY,2025-12-12T10:10:00+05:30,1550.1,TIME_HORIZON,40,1.267490140657035,1.087490140657035,4.436215492299416,0.5432100602814688,True,True,True
INFY,2025-12-16T09:17:00+05:30,1559.5,STOP_LOSS,8,-2.0,-2.18,0.06353077875045247,1.2388501856335705,False,False,False
INFY,2025-12-16T10:03:00+05:30,1553.7,TIME_HORIZON,40,3.9919174552825276,3.8119174552825275,7.841266430020014,0.4277054416373905,True,True,True
INFY,2025-12-26T11:41:00+05:30,1620.9,STOP_LOSS,5,-2.0,-2.18,1.2650921707186082,1.1500837915624662,True,True,True
INFY,2025-12-26T14:47:00+05:30,1617.5,TIME_HORIZON,40,5.160694466148237,4.980694466148237,3.4869557203703874,0.5579129152592303,True,True,True
INFY,2025-12-30T11:06:00+05:30,1600.6,STOP_LOSS,15,-2.0,-2.18,2.9267402849053,1.2382362743828441,True,True,True
INFY,2025-12-30T12:14:00+05:30,1597.7,STOP_LOSS,8,-2.0,-2.18,0.7371609076625689,1.392415047807323,True,True,False
INFY,2025-12-30T14:39:00+05:30,1595.0,STOP_LOSS,22,-2.0,-2.18,4.176274233870865,9.473012286585297,True,True,True
INFY,2026-01-05T09:18:00+05:30,1585.8,STOP_LOSS,3,-2.0,-2.18,0.9547551500515713,1.381347876670336,True,True,False
INFY,2026-01-12T09:18:00+05:30,1568.4,STOP_LOSS,12,-2.0,-2.18,0.5393818110904578,1.0787636221809629,True,True,False
INFY,2026-01-12T11:33:00+05:30,1560.9,TIME_HORIZON,40,6.123631315527343,5.943631315527344,3.406808971314493,0.8624832838771017,True,True,True
INFY,2026-01-13T13:02:00+05:30,1553.4,TIME_HORIZON,40,11.872440328680225,11.692440328680226,7.3061171253418635,0.9132646406679493,True,True,True
INFY,2026-01-20T09:47:00+05:30,1635.0,TIME_HORIZON,40,3.629958543797869,3.449958543797869,2.1261185756529906,0.6222786075082297,True,True,True
INFY,2026-01-20T10:57:00+05:30,1635.1,STOP_LOSS,1,-2.0,-2.18,0.5294515466472223,1.1647934026237927,True,True,False
INFY,2026-01-20T15:02:00+05:30,1622.4,STOP_LOSS,20,-2.0,-2.18,3.054995293801155,1.1333047057650676,True,True,True
INFY,2026-01-21T09:34:00+05:30,1605.3,TIME_HORIZON,40,3.23518017501497,3.0551801750149696,1.9116973761451588,0.514687755115985,True,True,True
INFY,2026-02-01T11:55:00+05:30,1578.1,VWAP_Z_TARGET,12,19.63757112810659,19.45757112810659,9.818785564053295,0.43254561956181825,True,True,True
INFY,2026-02-04T09:16:00+05:30,1524.7,TIME_HORIZON,40,-0.36058653053318407,-0.5405865305331841,0.3650938621648448,0.23888857647823242,True,False,False
INFY,2026-02-06T09:20:00+05:30,1473.0,STOP_LOSS,2,-2.0,-2.18,0.0,1.368016432741198,False,False,False
INFY,2026-02-12T09:16:00+05:30,1389.0,STOP_LOSS,7,-2.0,-2.18,0.9293551362373464,1.1933764817593213,True,True,False
INFY,2026-02-13T09:16:00+05:30,1255.8,TIME_HORIZON,40,1.3646300329572179,1.184630032957218,1.7250983435496825,0.060078051765405906,True,True,True
INFY,2026-02-20T09:16:00+05:30,1318.0,STOP_LOSS,5,-2.0,-2.18,0.4232329964620849,1.1350339450574034,True,False,False
INFY,2026-02-23T09:40:00+05:30,1309.2,STOP_LOSS,1,-2.0,-2.18,0.4971212983110733,1.0356693714813634,True,False,False
INFY,2026-02-24T09:16:00+05:30,1261.0,STOP_LOSS,28,-2.0,-2.18,1.0239024646208474,1.2768666029389282,True,True,True
INFY,2026-03-12T09:16:00+05:30,1236.6,TIME_HORIZON,40,2.3406648720567618,2.1606648720567616,1.8868624989028864,0.0,True,True,True
INFY,2026-03-13T09:18:00+05:30,1223.9,TIME_HORIZON,40,0.6331016019105568,0.45310160191055676,1.071402710925562,0.5844014786867103,True,True,True
INFY,2026-03-19T09:17:00+05:30,1218.1,STOP_LOSS,32,-2.0,-2.18,0.2293867996584027,1.1633187696960947,False,False,False
INFY,2026-04-07T09:16:00+05:30,1269.5,STOP_LOSS,1,-2.0,-2.18,0.21165027255004712,1.439221853340359,False,False,False
INFY,2026-04-09T09:16:00+05:30,1293.7,STOP_LOSS,1,-2.0,-2.18,0.3711802554455795,1.9415582592538554,True,False,False
INFY,2026-04-10T09:17:00+05:30,1278.6,STOP_LOSS,11,-2.0,-2.18,0.39566718902215475,1.1553481919446846,True,False,False
INFY,2026-04-13T09:20:00+05:30,1247.1,STOP_LOSS,11,-2.0,-2.18,0.2407218458222091,1.043127998562906,False,False,False
INFY,2026-04-21T09:22:00+05:30,1272.6,TIME_HORIZON,40,4.916958008036509,4.73695800803651,2.9717878070549886,0.08104875837421467,True,True,True
INFY,2026-04-22T09:16:00+05:30,1253.8,TIME_HORIZON,40,-0.5220838074121518,-0.7020838074121518,0.6671070872488972,0.7686233831345696,True,True,False
INFY,2026-04-24T09:16:00+05:30,1177.1,TIME_HORIZON,40,-1.6092806579315337,-1.7892806579315337,2.0020217708791517,0.8429565351070032,True,True,True
INFY,2026-04-28T09:53:00+05:30,1132.0,STOP_LOSS,1,-2.0,-2.18,0.15574892917889419,1.1681169688414408,False,False,False
INFY,2026-05-12T09:16:00+05:30,1120.6,STOP_LOSS,3,-2.0,-2.18,0.5667350867478447,1.1168014944736337,True,True,False
INFY,2026-05-14T09:16:00+05:30,1087.2,STOP_LOSS,19,-2.0,-2.18,3.955313976877234,1.0632564453971112,True,True,True
INFY,2026-05-29T15:05:00+05:30,1133.1,VWAP_Z_TARGET,26,8.645169327554248,8.465169327554248,4.601461093698233,0.49437185304193915,True,True,True
INFY,2026-06-03T09:16:00+05:30,1216.8,STOP_LOSS,3,-2.0,-2.18,0.017131807490524564,1.3191491767685994,False,False,False
INFY,2026-06-04T09:16:00+05:30,1176.4,TIME_HORIZON,40,2.1428239713516213,1.9628239713516213,3.118999336078449,0.0952366209489826,True,True,True
INFY,2026-06-04T10:14:00+05:30,1178.8,STOP_LOSS,10,-2.0,-2.18,1.1597073836658007,1.4910523504273234,True,True,True
INFY,2026-06-08T09:16:00+05:30,1158.9,STOP_LOSS,3,-2.0,-2.18,0.9186781120742669,1.4590770015298011,True,True,False
INFY,2026-06-09T09:29:00+05:30,1151.3,STOP_LOSS,16,-2.0,-2.18,0.3091555783919647,1.1041270656855167,True,False,False
INFY,2026-06-11T09:16:00+05:30,1122.3,STOP_LOSS,2,-2.0,-2.18,0.2798317544779537,1.1193270179118149,True,False,False
INFY,2026-06-18T09:16:00+05:30,1130.8,STOP_LOSS,1,-2.0,-2.18,0.06370229097500897,1.0192366556002883,False,False,False
INFY,2026-06-19T09:16:00+05:30,1046.5,TIME_HORIZON,40,-0.4192819997177774,-0.5992819997177774,0.14907804434410074,0.7686836661492585,False,False,False
INFY,2026-06-23T09:16:00+05:30,1039.2,TIME_HORIZON,40,-1.1421351653463754,-1.3221351653463753,0.5889134446317084,0.927984821843925,True,True,False
INFY,2026-06-30T09:17:00+05:30,1024.5,STOP_LOSS,3,-2.0,-2.18,0.0,1.0980634491216257,False,False,False
INFY,2026-06-30T15:02:00+05:30,997.1,VWAP_Z_TARGET,29,14.11217755613809,13.93217755613809,9.273716679747857,0.7392093005596295,True,True,True
INFY,2026-07-01T13:24:00+05:30,989.1,STOP_LOSS,3,-2.0,-2.18,0.7402634468510587,1.1632711307660868,True,True,False
INFY,2026-07-01T14:32:00+05:30,986.3,STOP_LOSS,6,-2.0,-2.18,1.0989751639445786,2.4421670309877057,True,True,True
INFY,2026-07-06T09:56:00+05:30,1039.3,STOP_LOSS,6,-2.0,-2.18,0.20385031889511288,1.0192515944753326,False,False,False
INFY,2026-07-06T11:10:00+05:30,1033.9,TIME_HORIZON,40,5.636165152073681,5.456165152073681,3.5427323813033467,0.7246498052666893,True,True,True
INFY,2026-07-09T09:16:00+05:30,1049.2,STOP_LOSS,2,-2.0,-2.18,0.09439481113655528,1.156336436423218,False,False,False
INFY,2026-07-14T12:38:00+05:30,1091.6,TIME_HORIZON,40,0.8460966204973408,0.6660966204973409,3.4689961440392127,0.5076579722983275,True,True,True
INFY,2026-07-15T09:16:00+05:30,1078.2,STOP_LOSS,2,-2.0,-2.18,0.4010125951344727,1.1301264044700208,True,False,False
INFY,2026-07-15T10:38:00+05:30,1075.0,TIME_HORIZON,40,4.737418842347146,4.557418842347146,3.701108470583655,0.22206650823498567,True,True,True
INFY,2026-07-20T11:55:00+05:30,1089.0,STOP_LOSS,13,-2.0,-2.18,1.094144446627988,1.5318022252792827,True,True,True
INFY,2026-07-20T12:25:00+05:30,1085.2,TIME_HORIZON,40,5.17867418269271,4.99867418269271,3.6093789758161097,0.5492533224068459,True,True,True
INFY,2026-07-21T09:18:00+05:30,1079.0,VWAP_Z_TARGET,6,5.890274081337131,5.710274081337131,3.0206533750446707,0.25172111458705587,True,True,True
INFY,2026-07-21T09:49:00+05:30,1076.3,STOP_LOSS,36,-2.0,-2.18,2.4746240802036854,1.5989878672085525,True,True,True
INFY,2026-07-22T09:16:00+05:30,1063.3,STOP_LOSS,1,-2.0,-2.18,0.0,1.2069748860236111,False,False,False
INFY,2026-07-22T10:22:00+05:30,1061.9,STOP_LOSS,2,-2.0,-2.18,0.23383093966441393,1.2470983448771695,False,False,False
INFY,2026-07-22T12:31:00+05:30,1053.4,STOP_LOSS,3,-2.0,-2.18,0.36220195422428947,1.2677068397855278,True,False,False
INFY,2026-07-23T09:29:00+05:30,1033.4,TIME_HORIZON,40,2.830540896970447,2.6505408969704467,1.9515834605427684,0.05959033467307559,True,True,True
INFY,2026-07-24T10:23:00+05:30,1025.2,STOP_LOSS,3,-2.0,-2.18,0.9982053272563941,1.2477566590705635,True,True,False
INFY,2026-07-30T14:45:00+05:30,1151.8,TIME_HORIZON,40,3.2710249925679684,3.0910249925679683,3.7458512011664515,0.21103387048817476,True,True,True
INFY,2026-08-04T12:08:00+05:30,1154.4,TIME_HORIZON,40,6.534513323943487,6.354513323943487,3.902556568466306,0.998328424491515,True,True,True
INFY,2026-08-17T09:29:00+05:30,1154.0,STOP_LOSS,4,-2.0,-2.18,0.21930129423956127,1.096506471197735,False,False,False
ITC,2023-08-07T09:24:00+05:30,372.7,TIME_HORIZON,40,2.306346653396993,2.126346653396993,1.1531733266984965,0.7096451241221555,True,True,True
ITC,2023-08-08T11:11:00+05:30,373.45,STOP_LOSS,2,-2.0,-2.18,0.18388145240364245,1.1032887144216457,False,False,False
ITC,2023-08-08T14:46:00+05:30,372.55,STOP_LOSS,5,-2.0,-2.18,0.0,1.6826608085713601,False,False,False
ITC,2023-08-09T10:22:00+05:30,368.7,TIME_HORIZON,40,5.078906935226362,4.898906935226362,3.491748517968146,0.6348633669032501,True,True,True
ITC,2023-08-17T09:16:00+05:30,368.6,STOP_LOSS,4,-2.0,-2.18,1.0179531814284006,1.0745061359522794,True,True,True
ITC,2023-08-17T09:58:00+05:30,364.4,TIME_HORIZON,40,1.5951365574812197,1.4151365574812198,3.1902731149623103,0.683629953206089,True,True,True
ITC,2023-08-25T09:22:00+05:30,368.65,TIME_HORIZON,40,1.2839600362639683,1.1039600362639683,1.3423218560941605,0.2334472793207034,True,True,True
ITC,2023-08-31T10:56:00+05:30,363.05,STOP_LOSS,6,-2.0,-2.18,0.9247022215649245,1.6952874062023324,True,True,False
ITC,2023-09-08T10:24:00+05:30,366.6,STOP_LOSS,2,-2.0,-2.18,0.6382403987434745,1.7019743966496683,True,True,False
ITC,2023-09-25T09:32:00+05:30,362.7,TIME_HORIZON,40,0.8114355903886177,0.6314355903886177,2.3531632121269728,0.8925791494274979,True,True,True
ITC,2023-09-26T12:37:00+05:30,362.95,TIME_HORIZON,40,1.467277039814691,1.287277039814691,1.3450039531634435,0.8559116065584539,True,True,True
ITC,2023-10-09T09:19:00+05:30,361.45,VWAP_Z_TARGET,30,5.774351673772017,5.594351673772017,2.9352954341674526,0.7699135565029466,True,True,True
ITC,2023-10-20T09:19:00+05:30,366.95,STOP_LOSS,1,-2.0,-2.18,0.1514288513241498,1.2114308105932414,False,False,False
ITC,2023-10-23T10:17:00+05:30,357.25,TIME_HORIZON,40,7.370793431022084,7.190793431022084,4.020432780557483,0.0,True,True,True
ITC,2023-10-25T11:03:00+05:30,355.85,STOP_LOSS,3,-2.0,-2.18,0.5693960805087546,1.0249129449158618,True,True,False
ITC,2023-10-30T09:22:00+05:30,354.55,TIME_HORIZON,40,-1.4582507323349805,-1.6382507323349804,0.5833002929340005,0.9114067077093628,True,True,False
ITC,2023-11-01T13:12:00+05:30,351.6,STOP_LOSS,5,-2.0,-2.18,0.3145905466166444,1.4156574597755256,True,False,False
ITC,2023-11-20T12:01:00+05:30,358.75,STOP_LOSS,11,-2.0,-2.18,0.7624975124070796,1.0166633498760098,True,True,False
ITC,2024-01-18T09:52:00+05:30,380.1,STOP_LOSS,1,-2.0,-2.18,0.4443968551151,1.1109921377879184,True,False,False
ITC,2024-01-30T09:16:00+05:30,366.4,STOP_LOSS,2,-2.0,-2.18,0.4704686609618582,1.5561655708737405,True,False,False
ITC,2024-02-05T14:43:00+05:30,361.2,STOP_LOSS,3,-2.0,-2.18,0.21351830228810287,1.5658008834456831,False,False,False
ITC,2024-02-08T09:16:00+05:30,351.75,STOP_LOSS,27,-2.0,-2.18,0.7700047187040564,1.155007078056116,True,True,False
ITC,2024-02-21T14:24:00+05:30,331.95,STOP_LOSS,14,-2.0,-2.18,1.1204046903047384,1.1204046903045792,True,True,True
ITC,2024-02-29T14:14:00+05:30,335.15,STOP_LOSS,7,-2.0,-2.18,1.723093854378094,1.0769336589862935,True,True,True
ITC,2024-03-04T14:01:00+05:30,336.85,TIME_HORIZON,40,1.1410377445807975,0.9610377445807976,2.424705207234235,0.0,True,True,True
ITC,2024-03-05T10:21:00+05:30,335.7,TIME_HORIZON,40,5.075922438552642,4.895922438552642,2.658816515432362,0.12085529615604144,True,True,True
ITC,2024-03-05T14:06:00+05:30,334.35,STOP_LOSS,6,-2.0,-2.18,1.0290644750747768,3.528221057399713,True,True,True
ITC,2024-03-06T09:24:00+05:30,333.15,STOP_LOSS,36,-2.0,-2.18,1.397501318845657,1.2228136539898506,True,True,True
ITC,2024-03-12T09:17:00+05:30,330.7,TIME_HORIZON,40,-1.0225847302496,-1.2025847302496,0.9860638470264328,0.9860638470263913,True,True,False
ITC,2024-03-18T15:09:00+05:30,343.9,VWAP_Z_TARGET,22,7.5740324325797435,7.394032432579744,4.1787765145266835,0.13058676607883823,True,True,True
ITC,2024-03-19T10:04:00+05:30,343.05,STOP_LOSS,2,-2.0,-2.18,0.43234697171114767,1.2970409151335658,True,False,False
ITC,2024-03-19T10:31:00+05:30,341.4,STOP_LOSS,3,-2.0,-2.18,1.1217397172008383,1.4956529562675482,True,True,True
ITC,2024-03-19T11:34:00+05:30,339.05,STOP_LOSS,1,-2.0,-2.18,0.5058588853156171,1.2646472132891147,True,True,False
ITC,2024-03-26T14:03:00+05:30,351.7,TIME_HORIZON,40,4.00574978634193,3.82574978634193,4.206037275659072,0.6008624679511985,True,True,True
ITC,2024-04-02T13:51:00+05:30,350.5,STOP_LOSS,4,-2.0,-2.18,0.6367345598437475,1.5918363996090066,True,True,False
ITC,2024-04-03T09:16:00+05:30,349.4,STOP_LOSS,1,-2.0,-2.18,0.410348090701771,1.4362183174558485,True,False,False
ITC,2024-04-04T09:56:00+05:30,348.0,TIME_HORIZON,40,0.4029939994965631,0.22299399949656312,1.343313331655414,0.537325332662135,True,True,True
ITC,2024-04-09T13:38:00+05:30,353.0,STOP_LOSS,28,-2.0,-2.18,1.721163200778402,1.2048142405449596,True,True,True
ITC,2024-04-09T14:39:00+05:30,351.45,STOP_LOSS,8,-2.0,-2.18,0.3856979932543156,1.2856599775140929,True,False,False
ITC,2024-04-15T09:16:00+05:30,352.4,STOP_LOSS,1,-2.0,-2.18,1.470446541298457,1.190361485812976,True,True,True
ITC,2024-04-18T13:27:00+05:30,348.7,STOP_LOSS,1,-2.0,-2.18,0.0,3.3902403963557344,False,False,False
ITC,2024-04-18T14:39:00+05:30,346.8,STOP_LOSS,1,-2.0,-2.18,0.2186269804367203,1.7490158434940108,False,False,False
ITC,2024-04-24T15:03:00+05:30,353.5,VWAP_Z_TARGET,28,12.478105684686614,12.298105684686615,6.239052842343307,0.3283712022286737,True,True,True
ITC,2024-04-29T09:48:00+05:30,360.7,STOP_LOSS,6,-2.0,-2.18,0.13687072438023842,1.574013330372353,False,False,False
ITC,2024-04-29T11:41:00+05:30,359.6,STOP_LOSS,2,-2.0,-2.18,0.4450602720459358,1.7802410881840804,True,False,False
ITC,2024-04-30T14:30:00+05:30,360.3,STOP_LOSS,19,-2.0,-2.18,1.2317502035980996,1.3686113373312565,True,True,True
ITC,2024-05-03T11:28:00+05:30,359.25,STOP_LOSS,4,-2.0,-2.18,0.5166003400407306,1.5498010201221921,True,True,False
ITC,2024-05-03T12:59:00+05:30,357.2,STOP_LOSS,10,-2.0,-2.18,0.6284278178246175,1.256855635649133,True,True,False
ITC,2024-05-09T09:28:00+05:30,360.8,TIME_HORIZON,40,0.39704062521380623,0.21704062521380624,0.7940812504276689,0.2977804689103829,True,True,False
ITC,2024-05-09T13:28:00+05:30,351.15,STOP_LOSS,2,-2.0,-2.18,0.36789687691945605,1.1956648499879183,True,False,False
ITC,2024-05-13T10:48:00+05:30,354.35,VWAP_Z_TARGET,24,19.84640030942443,19.66640030942443,10.143715713705618,0.22051555899365488,True,True,True
ITC,2024-05-16T09:39:00+05:30,351.55,VWAP_Z_TARGET,40,4.096555089582522,3.916555089582522,2.4014288456173434,0.28252104066084976,True,True,True
ITC,2024-05-16T13:05:00+05:30,350.75,STOP_LOSS,8,-2.0,-2.18,0.5770373144925439,1.0386671660865527,True,True,False
ITC,2024-05-23T10:34:00+05:30,361.2,STOP_LOSS,9,-2.0,-2.18,1.1093087557604118,1.941290322580668,True,True,True
ITC,2024-05-24T13:39:00+05:30,359.65,TIME_HORIZON,40,2.34565102395541,2.1656510239554096,2.3456510239552433,0.2932063779943012,True,True,True
ITC,2024-05-27T14:08:00+05:30,358.0,STOP_LOSS,6,-2.0,-2.18,0.6821383040024207,1.534811184005495,True,True,False
ITC,2024-05-27T14:46:00+05:30,356.65,STOP_LOSS,2,-2.0,-2.18,0.8875104929343046,1.3312657394009524,True,True,False
ITC,2024-05-29T10:51:00+05:30,352.85,STOP_LOSS,6,-2.0,-2.18,0.9938523641547574,1.5617680008148034,True,True,False
ITC,2024-05-30T09:28:00+05:30,352.4,TIME_HORIZON,40,-1.248786528615215,-1.428786528615215,0.19512289509613845,0.9756144754806922,False,False,False
ITC,2024-06-04T09:16:00+05:30,347.5,STOP_LOSS,4,-2.0,-2.18,1.2615839338074457,1.0373023455750237,True,True,True
ITC,2024-06-04T12:27:00+05:30,332.8,TIME_HORIZON,40,6.761876215097805,6.581876215097806,4.192363253360639,0.24342754374351486,True,True,True
ITC,2024-06-11T15:21:00+05:30,356.7,STOP_LOSS,10,-2.0,-2.18,0.6874997830445893,5.499998264356909,True,True,False
ITC,2024-06-12T09:39:00+05:30,355.85,STOP_LOSS,4,-2.0,-2.18,0.9872359835012459,1.5513708312164267,True,True,False
ITC,2024-06-13T10:47:00+05:30,356.3,TIME_HORIZON,40,1.9918543973528309,1.811854397352831,1.1951126384117439,0.9959271986764154,True,True,True
ITC,2024-06-13T14:17:00+05:30,356.05,STOP_LOSS,23,-2.0,-2.18,1.7054788573413984,1.2791091430061698,True,True,True
ITC,2024-06-21T10:44:00+05:30,347.85,STOP_LOSS,5,-2.0,-2.18,0.6156813610030332,1.4776352664073356,True,True,False
ITC,2024-06-21T12:42:00+05:30,346.75,STOP_LOSS,2,-2.0,-2.18,0.7563277456949155,1.1344916185424807,True,True,False
ITC,2024-06-21T14:27:00+05:30,345.6,STOP_LOSS,9,-2.0,-2.18,1.0722735387368423,1.0722735387369777,True,True,True
ITC,2024-06-25T10:57:00+05:30,348.05,STOP_LOSS,12,-2.0,-2.18,0.5046888320545393,1.3878942881500906,True,True,False
ITC,2024-06-27T13:38:00+05:30,348.5,STOP_LOSS,3,-2.0,-2.18,0.4076187457071313,1.2228562371215483,True,False,False
ITC,2024-07-02T14:02:00+05:30,351.45,STOP_LOSS,1,-2.0,-2.18,1.05297574338357,7.370830203684592,True,True,True
ITC,2024-10-24T13:58:00+05:30,388.7,TIME_HORIZON,40,1.8536585365854936,1.6736585365854937,2.54878048780501,0.0,True,True,True
ITC,2024-10-28T09:33:00+05:30,392.95,TIME_HORIZON,40,8.358641623599915,8.178641623599916,5.166104892363791,0.4643689790888549,True,True,True
ITC,2024-11-07T10:04:00+05:30,394.3,STOP_LOSS,2,-2.0,-2.18,0.10466185076230075,1.4652659106718535,False,False,False
ITC,2024-11-08T09:21:00+05:30,391.6,VWAP_Z_TARGET,11,5.217750446330407,5.037750446330407,2.762338471586724,0.20461766456202693,True,True,True
ITC,2024-11-11T14:18:00+05:30,392.3,STOP_LOSS,1,-2.0,-2.18,0.0,1.8903154870982517,False,False,False
ITC,2024-11-12T15:13:00+05:30,389.9,STOP_LOSS,1,-2.0,-2.18,0.13614806408454092,1.2253325767605585,False,False,False
ITC,2024-11-13T09:21:00+05:30,387.1,STOP_LOSS,8,-2.0,-2.18,0.9257172168158315,1.1902078501918478,True,True,False
ITC,2024-11-14T09:40:00+05:30,387.45,STOP_LOSS,1,-2.0,-2.18,0.22478636407755,1.2363250024262695,False,False,False
ITC,2024-11-14T10:25:00+05:30,385.1,STOP_LOSS,1,-2.0,-2.18,0.1397030349788407,1.1176242798318374,False,False,False
ITC,2024-11-14T11:35:00+05:30,383.05,STOP_LOSS,1,-2.0,-2.18,0.0,1.0255832072168882,False,False,False
ITC,2024-11-27T10:05:00+05:30,390.35,TIME_HORIZON,40,-1.4074777319810512,-1.5874777319810511,2.8149554639621024,0.8444866391886627,True,True,True
ITC,2024-11-28T14:14:00+05:30,388.5,TIME_HORIZON,40,6.284277972227337,6.1042779722273375,4.592356979704566,0.4834059978636096,True,True,True
ITC,2024-12-02T10:43:00+05:30,391.35,TIME_HORIZON,40,7.2212692967414185,7.041269296741419,4.33276157804481,0.722126929674306,True,True,True
ITC,2024-12-03T09:16:00+05:30,386.2,STOP_LOSS,1,-2.0,-2.18,0.0,1.4209647005949706,False,False,False
ITC,2024-12-04T14:33:00+05:30,386.55,STOP_LOSS,3,-2.0,-2.18,0.2112551889416437,1.1971127373361943,False,False,False
ITC,2024-12-10T12:40:00+05:30,382.3,TIME_HORIZON,40,0.0,-0.18,1.283645629669418,0.9335604579414553,True,True,True
ITC,2024-12-12T09:22:00+05:30,382.25,TIME_HORIZON,40,0.0,-0.18,1.1329504443519538,0.3625441421926046,True,True,True
ITC,2024-12-12T12:26:00+05:30,381.35,STOP_LOSS,29,-2.0,-2.18,1.7421405523855296,2.0101621758295276,True,True,True
ITC,2024-12-12T14:55:00+05:30,379.55,STOP_LOSS,1,-2.0,-2.18,0.0,1.8479513501055742,False,False,False
ITC,2024-12-13T10:17:00+05:30,374.5,STOP_LOSS,4,-2.0,-2.18,0.3364272542801397,1.0092817628405466,True,False,False
ITC,2024-12-17T09:29:00+05:30,385.85,STOP_LOSS,6,-2.0,-2.18,0.316775888906762,1.0136828445016528,True,False,False
ITC,2024-12-17T10:13:00+05:30,384.2,STOP_LOSS,7,-2.0,-2.18,1.0538031030417598,1.26456372365016,True,True,True
ITC,2024-12-17T11:29:00+05:30,382.25,STOP_LOSS,1,-2.0,-2.18,0.25769781043624734,1.0307912417446965,True,False,False
ITC,2024-12-19T11:07:00+05:30,385.55,STOP_LOSS,2,-2.0,-2.18,0.6986574458635225,1.2575834025543087,True,True,False
ITC,2024-12-19T15:28:00+05:30,383.85,STOP_LOSS,3,-2.0,-2.18,5.852610707203856,13.124036131305958,True,True,True
ITC,2024-12-26T12:12:00+05:30,393.65,TIME_HORIZON,40,0.29577746621388135,0.11577746621388135,2.2183309966036058,0.7394436655345352,True,True,True
ITC,2024-12-26T15:13:00+05:30,393.05,STOP_LOSS,2,-2.0,-2.18,0.4173434101612934,1.0433585254032927,True,False,False
ITC,2024-12-30T13:48:00+05:30,393.35,STOP_LOSS,4,-2.0,-2.18,0.16043589562915261,1.9252307475516552,False,False,False
ITC,2024-12-30T15:14:00+05:30,392.7,VWAP_Z_TARGET,17,10.99555326752775,10.81555326752775,7.7773425550806525,0.0,True,True,True
ITC,2025-01-08T09:32:00+05:30,417.7,STOP_LOSS,3,-2.0,-2.18,0.32354987577717126,1.164779552797787,True,False,False
ITC,2025-01-13T09:16:00+05:30,419.15,STOP_LOSS,1,-2.0,-2.18,0.0916844904362628,1.1307753820469633,False,False,False
ITC,2025-01-14T13:46:00+05:30,416.2,STOP_LOSS,36,-2.0,-2.18,1.632591405782041,1.0495230465741596,True,True,True
ITC,2025-01-16T09:16:00+05:30,414.65,STOP_LOSS,2,-2.0,-2.18,1.0992921379578495,1.0305863793354693,True,True,True
ITC,2025-01-21T14:42:00+05:30,415.1,TIME_HORIZON,40,3.9128873997846187,3.7328873997846186,2.173826333213677,0.0,True,True,True
ITC,2025-01-23T09:16:00+05:30,414.8,VWAP_Z_TARGET,20,16.69025135588899,16.51025135588899,8.345125677944495,0.8113316631335529,True,True,True
ITC,2025-01-27T13:35:00+05:30,418.2,STOP_LOSS,3,-2.0,-2.18,1.270098088785665,2.381433916472919,True,True,True
ITC,2025-01-28T12:12:00+05:30,415.6,STOP_LOSS,4,-2.0,-2.18,1.0240594219279333,1.2516281823564204,True,True,True
ITC,2025-01-29T09:38:00+05:30,412.9,STOP_LOSS,2,-2.0,-2.18,0.19466125539494866,1.1679675323693968,False,False,False
ITC,2025-01-29T10:50:00+05:30,411.55,STOP_LOSS,34,-2.0,-2.18,2.2342467748984096,1.9764490701024806,True,True,True
ITC,2025-02-04T10:38:00+05:30,428.8,STOP_LOSS,2,-2.0,-2.18,0.3015517135297743,1.3067240919626217,True,False,False
ITC,2025-02-05T12:40:00+05:30,429.45,STOP_LOSS,1,-2.0,-2.18,0.8818333693037237,1.984125080933159,True,True,False
ITC,2025-02-06T09:18:00+05:30,423.85,STOP_LOSS,6,-2.0,-2.18,0.3416548691079006,1.3666194764316457,True,False,False
ITC,2025-02-07T09:18:00+05:30,416.05,STOP_LOSS,5,-2.0,-2.18,0.7399460859489614,1.4524867613072758,True,True,False
ITC,2025-02-10T13:13:00+05:30,407.6,STOP_LOSS,1,-2.0,-2.18,0.18491125825556387,1.4792900660459827,False,False,False
ITC,2025-02-11T11:15:00+05:30,403.35,STOP_LOSS,16,-2.0,-2.18,2.5418060200668116,1.0702341137124458,True,True,True
ITC,2025-02-11T13:03:00+05:30,401.9,STOP_LOSS,4,-2.0,-2.18,0.7071449779555925,1.1112278225014813,True,True,False
ITC,2025-02-12T09:16:00+05:30,392.7,STOP_LOSS,4,-2.0,-2.18,0.4524767687075501,1.4396988095239933,True,False,False
ITC,2025-02-17T13:16:00+05:30,387.95,TIME_HORIZON,40,6.480400934416384,6.300400934416384,4.320267289610877,0.12000742471143977,True,True,True
ITC,2025-02-18T10:26:00+05:30,387.8,TIME_HORIZON,40,0.9155915342871227,0.7355915342871227,2.4720971425751688,0.0915591534287331,True,True,True
ITC,2025-02-20T09:16:00+05:30,380.05,TIME_HORIZON,40,3.0269272169018953,2.846927216901895,1.8345013435768998,0.09172506717883978,True,True,True
ITC,2025-02-21T13:05:00+05:30,381.25,TIME_HORIZON,40,0.0,-0.18,1.9357452192336064,0.8934208704155757,True,True,True
ITC,2025-02-25T10:11:00+05:30,382.35,STOP_LOSS,2,-2.0,-2.18,0.0,1.2341622650942952,False,False,False
ITC,2025-02-28T09:50:00+05:30,380.15,STOP_LOSS,4,-2.0,-2.18,0.24421271677790443,1.0582551060373082,False,False,False
ITC,2025-03-04T09:17:00+05:30,377.45,STOP_LOSS,5,-2.0,-2.18,0.4531893806769851,1.4350997054770478,True,False,False
ITC,2025-03-04T10:23:00+05:30,376.05,STOP_LOSS,3,-2.0,-2.18,1.5234998159279312,3.554832903832609,True,True,True
ITC,2025-03-10T09:16:00+05:30,382.6,VWAP_Z_TARGET,19,9.898085547894533,9.718085547894534,4.949042773947267,0.868253118236373,True,True,True
ITC,2025-03-17T10:28:00+05:30,391.5,STOP_LOSS,5,-2.0,-2.18,0.1412898549091975,1.1303188392732588,False,False,False
ITC,2025-03-17T11:17:00+05:30,389.9,STOP_LOSS,6,-2.0,-2.18,0.3216814070554187,1.1258849246935996,True,False,False
ITC,2025-03-17T12:44:00+05:30,388.55,STOP_LOSS,3,-2.0,-2.18,0.8755335542106653,1.5759603975791576,True,True,False
ITC,2025-03-19T09:24:00+05:30,388.95,STOP_LOSS,7,-2.0,-2.18,0.4036446220314588,1.0091115550786087,True,False,False
ITC,2025-04-04T09:16:00+05:30,387.35,STOP_LOSS,1,-2.0,-2.18,0.0,1.9212966495806443,False,False,False
ITC,2025-04-07T09:16:00+05:30,383.15,STOP_LOSS,3,-2.0,-2.18,0.38029907981057015,1.1408972394316834,True,False,False
ITC,2025-07-29T10:57:00+05:30,389.5,STOP_LOSS,1,-2.0,-2.18,0.0,1.0126112504724725,False,False,False
ITC,2025-08-06T09:38:00+05:30,393.7,STOP_LOSS,3,-2.0,-2.18,0.0,1.1010507037175872,False,False,False
ITC,2025-08-18T09:30:00+05:30,390.4,TIME_HORIZON,40,2.114468450035564,1.934468450035564,1.7368847982434377,0.9817174946592709,True,True,True
ITC,2025-08-18T15:05:00+05:30,388.15,STOP_LOSS,2,-2.0,-2.18,0.0,1.6030843217495598,False,False,False
ITC,2025-08-18T15:22:00+05:30,387.1,STOP_LOSS,4,-2.0,-2.18,0.0,1.4584883597323497,False,False,False
ITC,2025-08-20T14:32:00+05:30,387.95,STOP_LOSS,7,-2.0,-2.18,0.493454179254873,1.644847264182536,True,False,False
ITC,2025-08-20T15:12:00+05:30,387.2,STOP_LOSS,6,-2.0,-2.18,0.882923410428401,1.1772312139042,True,True,False
ITC,2025-08-21T09:35:00+05:30,386.15,STOP_LOSS,2,-2.0,-2.18,0.2035084096478404,1.0175420482389705,False,False,False
ITC,2025-08-22T09:21:00+05:30,385.1,STOP_LOSS,3,-2.0,-2.18,0.20458723259140904,1.2275233955489195,False,False,False
ITC,2025-09-01T11:36:00+05:30,387.3,STOP_LOSS,8,-2.0,-2.18,0.4147760136985413,1.2443280410957809,True,False,False
ITC,2025-09-01T12:48:00+05:30,386.25,TIME_HORIZON,40,0.0,-0.18,1.235548205320144,0.20592470088672968,True,True,True
ITC,2025-09-02T14:01:00+05:30,386.2,STOP_LOSS,4,-2.0,-2.18,0.9186537825915895,1.1023845391099492,True,True,False
ITC,2025-09-05T09:16:00+05:30,393.8,STOP_LOSS,2,-2.0,-2.18,0.49125392224341974,2.0878291695346385,True,False,False
ITC,2025-09-19T14:13:00+05:30,390.7,STOP_LOSS,2,-2.0,-2.18,0.278851003772672,1.115404015090371,True,False,False
ITC,2025-09-22T09:52:00+05:30,390.45,TIME_HORIZON,40,3.4090346606286404,3.22903466062864,2.343711329182039,0.42612933257839836,True,True,True
ITC,2025-09-22T11:21:00+05:30,390.35,STOP_LOSS,7,-2.0,-2.18,1.373167816289701,1.8881057473984852,True,True,True
ITC,2025-09-22T12:44:00+05:30,389.05,STOP_LOSS,8,-2.0,-2.18,0.33440640709599867,1.0032192212883762,True,False,False
ITC,2025-09-22T13:14:00+05:30,388.5,STOP_LOSS,1,-2.0,-2.18,0.0,1.19786472202192,False,False,False
ITC,2025-09-23T09:38:00+05:30,386.1,STOP_LOSS,1,-2.0,-2.18,0.20127239742519662,1.0063619871268983,False,False,False
ITC,2025-09-24T10:34:00+05:30,383.25,TIME_HORIZON,40,0.6973474937152212,0.5173474937152212,1.0460212405726337,0.8716843671438282,True,True,True
ITC,2025-09-24T14:42:00+05:30,382.4,STOP_LOSS,30,-2.0,-2.18,0.8784629461832545,1.2298481246564366,True,True,False
ITC,2025-09-25T10:06:00+05:30,381.9,STOP_LOSS,30,-2.0,-2.18,0.9336008281044175,1.0373342534492478,True,True,False
ITC,2025-09-25T12:43:00+05:30,380.55,STOP_LOSS,3,-2.0,-2.18,0.38745216803015176,1.5498086721212678,True,False,False
ITC,2025-09-30T10:12:00+05:30,383.75,STOP_LOSS,1,-2.0,-2.18,0.0,1.178186042485341,False,False,False
ITC,2025-09-30T13:02:00+05:30,383.6,STOP_LOSS,3,-2.0,-2.18,0.43086101181302117,1.9388745531594525,True,False,False
ITC,2025-09-30T13:36:00+05:30,382.5,STOP_LOSS,8,-2.0,-2.18,0.2669721835435268,1.8688052848042325,True,False,False
ITC,2025-10-06T09:54:00+05:30,382.8,STOP_LOSS,5,-2.0,-2.18,0.3042374135702335,1.0648309474962496,True,False,False
ITC,2025-10-13T09:16:00+05:30,381.35,TIME_HORIZON,40,1.0020938801918815,0.8220938801918816,1.586648643637367,0.6680625867947458,True,True,True
ITC,2025-10-13T11:26:00+05:30,380.45,TIME_HORIZON,40,1.313462576279561,1.1334625762795612,1.3134625762797476,0.6567312881397805,True,True,True
ITC,2025-10-14T09:57:00+05:30,379.9,STOP_LOSS,10,-2.0,-2.18,1.672150727760375,2.0901884097003895,True,True,True
ITC,2025-10-14T10:22:00+05:30,379.1,TIME_HORIZON,40,0.4912589558646739,0.3112589558646739,2.4562947793256034,0.7368884337978485,True,True,True
ITC,2025-10-20T12:19:00+05:30,392.25,VWAP_Z_TARGET,22,11.751212889381605,11.571212889381606,5.875606444690803,0.40521423756497826,True,True,True
ITC,2025-10-28T10:57:00+05:30,398.5,STOP_LOSS,8,-2.0,-2.18,0.33793040023991616,1.0137912007195564,True,False,False
ITC,2025-10-28T12:07:00+05:30,397.15,TIME_HORIZON,40,9.741480377546074,9.561480377546074,7.153899652260366,0.7610531544957762,True,True,True
ITC,2025-11-03T11:31:00+05:30,396.3,STOP_LOSS,6,-2.0,-2.18,1.2929858882301006,1.8471226974717523,True,True,True
ITC,2025-11-04T11:32:00+05:30,392.05,STOP_LOSS,23,-2.0,-2.18,0.8526878826616634,1.7053757653233268,True,True,False
ITC,2025-11-07T10:51:00+05:30,387.15,TIME_HORIZON,40,1.137208251491842,0.9572082514918421,2.5587185658561595,0.5686041257457594,True,True,True
ITC,2025-11-07T11:50:00+05:30,386.8,TIME_HORIZON,40,-1.1173273657291152,-1.2973273657291151,1.1173273657289036,0.9311061381073843,True,True,True
ITC,2025-11-07T12:58:00+05:30,385.95,STOP_LOSS,2,-2.0,-2.18,0.8428887547776588,1.264333132166608,True,True,False
ITC,2025-11-14T09:16:00+05:30,385.1,STOP_LOSS,1,-2.0,-2.18,0.0,1.2520971947671071,False,False,False
ITC,2025-11-19T10:46:00+05:30,384.55,STOP_LOSS,25,-2.0,-2.18,2.156473678833595,1.5403383420241468,True,True,True
ITC,2025-11-25T14:59:00+05:30,383.2,STOP_LOSS,1,-2.0,-2.18,0.1707099258144798,1.1949694807009705,False,False,False
ITC,2025-11-25T15:27:00+05:30,381.85,VWAP_Z_TARGET,4,16.229288200739695,16.049288200739696,9.917898344896386,0.45081356113176263,True,True,True
ITC,2026-01-09T09:39:00+05:30,323.15,TIME_HORIZON,40,6.682318550768111,6.502318550768111,5.409495969669509,0.31820564527455997,True,True,True
ITC,2026-01-09T11:03:00+05:30,322.7,STOP_LOSS,1,-2.0,-2.18,0.3496834186786376,2.0981005120712295,True,False,False
ITC,2026-01-09T13:04:00+05:30,320.6,TIME_HORIZON,40,12.946220081727514,12.766220081727514,8.222599241097237,0.5248467600701634,True,True,True
ITC,2026-01-12T11:32:00+05:30,320.7,STOP_LOSS,1,-2.0,-2.18,0.19893722046768414,1.7904349842087048,False,False,False
ITC,2026-01-13T11:55:00+05:30,319.8,STOP_LOSS,5,-2.0,-2.18,0.31851752476863027,4.777762871531083,True,False,False
ITC,2026-01-16T09:34:00+05:30,318.4,TIME_HORIZON,40,0.9841986004559103,0.8041986004559103,1.0826184605015239,0.7873588803646836,True,True,True
ITC,2026-01-16T10:42:00+05:30,317.95,STOP_LOSS,2,-2.0,-2.18,0.34508415053355657,1.2077945268670558,True,False,False
ITC,2026-01-27T09:31:00+05:30,306.85,VWAP_Z_TARGET,17,7.604334699752679,7.424334699752679,3.8021673498763393,0.826558119538351,True,True,True
ITC,2026-01-27T11:00:00+05:30,306.25,TIME_HORIZON,40,9.491975142392167,9.311975142392168,5.593485351766827,0.5084986683423687,True,True,True
ITC,2026-01-27T13:36:00+05:30,305.7,STOP_LOSS,1,-2.0,-2.18,0.0,1.3269677536819784,False,False,False
ITC,2026-01-29T09:46:00+05:30,304.1,STOP_LOSS,5,-2.0,-2.18,0.4903480116641168,1.7979427094354046,True,False,False
ITC,2026-02-01T12:21:00+05:30,305.1,STOP_LOSS,9,-2.0,-2.18,2.941949268771579,1.7267963099312076,True,True,True
ITC,2026-02-01T13:36:00+05:30,298.85,STOP_LOSS,17,-2.0,-2.18,2.311940923890715,2.068578721375983,True,True,True
ITC,2026-02-05T10:32:00+05:30,303.15,STOP_LOSS,3,-2.0,-2.18,0.34313036517677103,1.029391095529923,True,False,False
ITC,2026-02-10T10:14:00+05:30,312.9,TIME_HORIZON,40,-0.34264675406760675,-0.5226467540676067,2.3985272784755844,0.5139701311017997,True,True,True
ITC,2026-02-11T09:36:00+05:30,311.4,STOP_LOSS,3,-2.0,-2.18,0.0,1.1081412779138458,False,False,False
ITC,2026-02-13T14:32:00+05:30,305.95,STOP_LOSS,3,-2.0,-2.18,0.25973114863999963,2.5973114863994056,True,False,False
ITC,2026-02-19T11:24:00+05:30,320.65,STOP_LOSS,7,-2.0,-2.18,0.6356270370710269,1.271254074141572,True,True,False
ITC,2026-02-19T15:04:00+05:30,318.1,STOP_LOSS,4,-2.0,-2.18,0.0,1.3153540527154601,False,False,False
ITC,2026-02-19T15:24:00+05:30,316.5,TIME_HORIZON,40,9.767970381142172,9.587970381142172,6.918979019975692,0.13566625529367127,True,True,True
ITC,2026-02-23T10:13:00+05:30,317.3,STOP_LOSS,1,-2.0,-2.18,0.0,1.5096954252117196,False,False,False
ITC,2026-02-23T11:51:00+05:30,315.9,TIME_HORIZON,40,0.46309106432795644,0.28309106432795644,2.3154553216392557,0.4630910643276932,True,True,True
ITC,2026-02-25T10:56:00+05:30,313.4,STOP_LOSS,4,-2.0,-2.18,0.19187736950176332,1.1512642170101437,False,False,False
ITC,2026-02-26T12:14:00+05:30,309.3,TIME_HORIZON,40,5.8680391601346225,5.688039160134623,3.385407207770093,0.0,True,True,True
ITC,2026-02-27T09:39:00+05:30,306.75,STOP_LOSS,1,-2.0,-2.18,0.0,1.1835920970153433,False,False,False
ITC,2026-02-27T15:05:00+05:30,305.7,STOP_LOSS,2,-2.0,-2.18,0.0,1.8614688478939825,False,False,False
ITC,2026-03-04T11:24:00+05:30,302.65,STOP_LOSS,3,-2.0,-2.18,0.1502254779315692,1.0515783455206429,False,False,False
ITC,2026-03-06T15:09:00+05:30,301.4,STOP_LOSS,22,-2.0,-2.18,1.2296140215155709,18.97118776052464,True,True,True
ITC,2026-03-11T13:12:00+05:30,300.0,STOP_LOSS,3,-2.0,-2.18,0.47789268056926004,2.1505170625611267,True,False,False
ITC,2026-03-12T09:16:00+05:30,298.95,STOP_LOSS,2,-2.0,-2.18,0.8565730458362288,1.7988033962561,True,True,False
ITC,2026-03-17T15:09:00+05:30,296.75,STOP_LOSS,7,-2.0,-2.18,0.36267823930556453,1.8133911965280975,True,False,False
ITC,2026-03-19T14:56:00+05:30,290.2,STOP_LOSS,3,-2.0,-2.18,0.5521198637455068,1.21466370024014,True,True,False
ITC,2026-03-23T15:06:00+05:30,282.4,STOP_LOSS,1,-2.0,-2.18,0.3730131457487841,1.0257861508088382,True,False,False
ITC,2026-03-27T10:41:00+05:30,283.95,TIME_HORIZON,40,12.091079577668767,11.911079577668767,6.4989552729970645,0.45341548416251,True,True,True
ITC,2026-03-30T09:16:00+05:30,283.55,STOP_LOSS,3,-2.0,-2.18,0.3301476844996382,1.2545612010986102,True,False,False
ITC,2026-03-30T11:11:00+05:30,282.45,STOP_LOSS,2,-2.0,-2.18,0.0,1.442850310855912,False,False,False
ITC,2026-03-30T14:19:00+05:30,281.0,STOP_LOSS,7,-2.0,-2.18,0.42730119685184464,1.281903590555696,True,False,False
ITC,2026-04-13T09:16:00+05:30,293.15,STOP_LOSS,1,-2.0,-2.18,0.0,1.025085369056975,False,False,False
ITC,2026-04-20T14:09:00+05:30,297.35,TIME_HORIZON,40,0.9745102958331937,0.7945102958331938,3.167158461458849,0.9745102958337477,True,True,True
ITC,2026-04-20T15:15:00+05:30,297.1,STOP_LOSS,1,-2.0,-2.18,0.37031663385655417,1.1109499015709254,True,False,False
ITC,2026-04-23T09:16:00+05:30,295.75,VWAP_Z_TARGET,37,13.091252256689152,12.911252256689153,6.697849991794486,0.45667159034955723,True,True,True
ITC,2026-04-23T10:47:00+05:30,296.45,TIME_HORIZON,40,0.6249387795083745,0.4449387795083745,2.1872857282789555,0.6249387795080192,True,True,True
ITC,2026-04-24T09:17:00+05:30,295.95,STOP_LOSS,1,-2.0,-2.18,0.0,1.7065008192937343,False,False,False
ITC,2026-04-24T13:08:00+05:30,294.75,STOP_LOSS,2,-2.0,-2.18,0.0,1.1383501376156178,False,False,False
ITC,2026-04-24T15:14:00+05:30,293.45,STOP_LOSS,1,-2.0,-2.18,0.0,1.5075193991682663,False,False,False
ITC,2026-04-28T09:16:00+05:30,294.7,VWAP_Z_TARGET,8,7.231401011048253,7.051401011048253,4.26136131008199,0.0,True,True,True
ITC,2026-04-30T15:08:00+05:30,306.1,VWAP_Z_TARGET,23,12.273887227332034,12.093887227332035,11.747863489017686,0.7013649844191329,True,True,True
ITC,2026-05-04T11:19:00+05:30,305.2,STOP_LOSS,3,-2.0,-2.18,0.3368983270636222,1.8529407988495392,True,False,False
ITC,2026-05-04T13:30:00+05:30,302.7,STOP_LOSS,1,-2.0,-2.18,0.0,1.6972695917080662,False,False,False
ITC,2026-05-07T14:48:00+05:30,300.45,STOP_LOSS,1,-2.0,-2.18,0.0,1.0047906797876833,False,False,False
ITC,2026-05-07T15:11:00+05:30,299.0,STOP_LOSS,35,-2.0,-2.18,3.433398821218147,1.3127701375245484,True,True,True
ITC,2026-05-11T09:19:00+05:30,297.5,TIME_HORIZON,40,1.7115059029211037,1.5315059029211038,0.933548674320618,0.7001615057404194,True,True,False
ITC,2026-05-11T15:19:00+05:30,297.6,STOP_LOSS,1,-2.0,-2.18,0.0,1.2336003403695688,False,False,False
ITC,2026-05-12T14:28:00+05:30,293.75,STOP_LOSS,7,-2.0,-2.18,3.5452196382426906,2.2157622739018077,True,True,True
ITC,2026-05-12T14:58:00+05:30,293.15,STOP_LOSS,6,-2.0,-2.18,1.2686976218385566,1.4801472254781156,True,True,True
ITC,2026-05-18T09:26:00+05:30,298.7,VWAP_Z_TARGET,36,8.714803327632568,8.534803327632568,4.357401663816284,0.46214866131380167,True,True,True
ITC,2026-05-22T10:23:00+05:30,295.05,STOP_LOSS,6,-2.0,-2.18,0.0,1.7374566773315505,False,False,False
ITC,2026-05-22T15:10:00+05:30,293.55,STOP_LOSS,3,-2.0,-2.18,0.5887802540977651,1.0303654446712145,True,True,False
ITC,2026-05-26T11:59:00+05:30,294.25,STOP_LOSS,5,-2.0,-2.18,0.3764369470513741,1.8821847352564425,True,False,False
ITC,2026-05-27T12:02:00+05:30,292.6,STOP_LOSS,1,-2.0,-2.18,0.0,1.4360328301672174,False,False,False
ITC,2026-05-29T09:16:00+05:30,290.2,STOP_LOSS,1,-2.0,-2.18,0.238050465215506,1.666353256508136,False,False,False
ITC,2026-05-29T15:08:00+05:30,287.2,STOP_LOSS,1,-2.0,-2.18,0.0,1.9527486975327737,False,False,False
ITC,2026-06-01T14:14:00+05:30,280.9,STOP_LOSS,2,-2.0,-2.18,0.0,1.6180531345629825,False,False,False
ITC,2026-06-01T15:20:00+05:30,279.3,STOP_LOSS,5,-2.0,-2.18,0.6312169275184061,2.019894168058928,True,True,False
ITC,2026-06-04T09:16:00+05:30,275.15,VWAP_Z_TARGET,3,8.807042358102878,8.627042358102878,4.655150960711579,0.0,True,True,True
ITC,2026-06-05T10:38:00+05:30,279.15,STOP_LOSS,9,-2.0,-2.18,1.2572822680717126,2.2002439691252738,True,True,True
ITC,2026-06-08T09:16:00+05:30,277.4,VWAP_Z_TARGET,22,5.581979746114685,5.4019797461146855,2.8503726363138946,0.5344448693088342,True,True,True
ITC,2026-06-09T10:24:00+05:30,277.4,TIME_HORIZON,40,9.672632822646008,9.492632822646009,5.345402349356967,0.12727148450838208,True,True,True
ITC,2026-06-18T11:07:00+05:30,289.55,STOP_LOSS,5,-2.0,-2.18,0.0,1.317601799852283,False,False,False
ITC,2026-06-18T11:31:00+05:30,288.55,STOP_LOSS,6,-2.0,-2.18,0.6304163126592575,1.2608326253187538,True,True,False
ITC,2026-06-25T09:21:00+05:30,289.35,VWAP_Z_TARGET,27,5.309594084229681,5.129594084229681,2.6547970421148404,0.3185756450538533,True,True,True
ITC,2026-06-30T10:23:00+05:30,288.05,STOP_LOSS,10,-2.0,-2.18,0.7176717574738339,1.2918091634528686,True,True,False
ITC,2026-07-02T10:04:00+05:30,289.2,STOP_LOSS,4,-2.0,-2.18,0.4812239221141652,1.1228558182660207,True,False,False
ITC,2026-07-02T10:34:00+05:30,288.35,STOP_LOSS,1,-2.0,-2.18,0.40990482599709216,1.02476206499308,True,False,False
ITC,2026-07-03T15:27:00+05:30,289.6,STOP_LOSS,1,-2.0,-2.18,0.3702687557271983,2.2216125343640316,True,False,False
ITC,2026-07-07T09:31:00+05:30,287.2,STOP_LOSS,6,-2.0,-2.18,0.4568503095823807,1.0964407429976515,True,False,False
ITC,2026-07-07T11:25:00+05:30,287.15,TIME_HORIZON,40,8.257471784785713,8.077471784785713,4.386781885667465,0.5160919865489237,True,True,True
ITC,2026-07-08T09:21:00+05:30,286.65,STOP_LOSS,7,-2.0,-2.18,0.26165870429973176,1.0466348171986297,True,False,False
ITC,2026-07-10T11:16:00+05:30,281.55,STOP_LOSS,8,-2.0,-2.18,0.7252846398825913,1.2692481197946894,True,True,False
ITC,2026-07-13T09:16:00+05:30,279.75,TIME_HORIZON,40,7.819907699467566,7.6399076994675665,4.19958006082507,0.7240655277284661,True,True,True
ITC,2026-07-13T12:10:00+05:30,279.9,TIME_HORIZON,40,-0.5778382844038683,-0.7578382844038682,0.5778382844045252,0.5778382844041967,True,True,False
ITC,2026-07-14T10:48:00+05:30,278.75,STOP_LOSS,5,-2.0,-2.18,0.64139038382394,2.565561535296246,True,True,False
ITC,2026-07-14T11:39:00+05:30,277.35,STOP_LOSS,3,-2.0,-2.18,0.9370972274714102,1.3119361184600595,True,True,False
ITC,2026-07-21T11:16:00+05:30,282.0,STOP_LOSS,6,-2.0,-2.18,0.0,1.5143633999290718,False,False,False
ITC,2026-07-21T12:21:00+05:30,281.0,STOP_LOSS,1,-2.0,-2.18,0.0,1.2511205231993663,False,False,False
ITC,2026-07-21T13:04:00+05:30,279.65,STOP_LOSS,25,-2.0,-2.18,1.43918302321636,1.2335854484708986,True,True,True
ITC,2026-07-28T10:04:00+05:30,285.2,STOP_LOSS,1,-2.0,-2.18,0.0,1.0353266308944529,False,False,False
ITC,2026-07-28T11:09:00+05:30,284.7,STOP_LOSS,12,-2.0,-2.18,0.9477318946038698,1.5163710313661054,True,True,False
ITC,2026-07-30T10:21:00+05:30,286.05,STOP_LOSS,10,-2.0,-2.18,1.6427268688110965,1.0951512458741335,True,True,True
ITC,2026-07-30T13:19:00+05:30,285.3,STOP_LOSS,20,-2.0,-2.18,1.3442691137858445,1.1202242614881615,True,True,True
ITC,2026-07-31T09:27:00+05:30,283.5,STOP_LOSS,4,-2.0,-2.18,0.5654784271482691,1.3430112644771997,True,True,False
ITC,2026-08-06T10:07:00+05:30,284.5,STOP_LOSS,15,-2.0,-2.18,1.6381482905775493,1.146703803404359,True,True,True
ITC,2026-08-10T09:46:00+05:30,284.2,STOP_LOSS,3,-2.0,-2.18,0.17327084220996206,1.3861667376793025,False,False,False
ITC,2026-08-10T12:37:00+05:30,283.0,STOP_LOSS,10,-2.0,-2.18,1.826603766949773,1.0437735811140287,True,True,True
ITC,2026-08-11T09:17:00+05:30,281.55,STOP_LOSS,3,-2.0,-2.18,0.0,1.0257148334591513,False,False,False
ITC,2026-08-11T14:45:00+05:30,279.2,STOP_LOSS,1,-2.0,-2.18,0.0,1.7983908340025634,False,False,False
ITC,2026-08-12T09:19:00+05:30,278.25,TIME_HORIZON,40,0.5519181500024227,0.37191815000242273,1.0118499416712827,0.27595907500121136,True,True,True
ITC,2026-08-12T11:05:00+05:30,276.65,TIME_HORIZON,40,1.163867551093339,0.983867551093339,1.018384107206506,0.2909668877731693,True,True,True
ITC,2026-08-12T14:30:00+05:30,275.55,TIME_HORIZON,40,3.9199029322806136,3.7399029322806134,3.5635481202552137,0.0,True,True,True
ITC,2026-08-17T09:17:00+05:30,275.6,TIME_HORIZON,40,2.2259979917933297,2.0459979917933295,1.6323985273150576,0.4451995983586828,True,True,True
ITC,2026-08-17T11:06:00+05:30,274.65,STOP_LOSS,4,-2.0,-2.18,0.38575397367590486,1.1572619210274222,True,False,False
ITC,2026-08-17T11:29:00+05:30,273.9,STOP_LOSS,14,-2.0,-2.18,1.2678400847436262,1.0142720677948434,True,True,True
ITC,2026-08-18T12:21:00+05:30,271.15,STOP_LOSS,3,-2.0,-2.18,0.7989114257771679,1.1983671386652976,True,True,False
ITC,2026-08-18T12:45:00+05:30,270.7,STOP_LOSS,35,-2.0,-2.18,1.5025369698575963,2.0033826264766055,True,True,True
ITC,2026-08-18T14:13:00+05:30,269.45,STOP_LOSS,12,-2.0,-2.18,1.3125822962765092,1.6407278703457298,True,True,True
ITC,2026-08-19T13:03:00+05:30,267.4,STOP_LOSS,18,-2.0,-2.18,0.4180668710282891,1.2542006130843921,True,False,False
ITC,2026-08-19T14:29:00+05:30,265.95,TIME_HORIZON,40,3.993243263302576,3.8132432633025757,3.4940878553893993,0.49915540791260915,True,True,True
ITC,2026-08-24T11:10:00+05:30,267.8,STOP_LOSS,18,-2.0,-2.18,1.1006319556730317,1.375789944591368,True,True,True
JIOFIN,2023-09-21T14:59:00+05:30,228.35,STOP_LOSS,4,-2.0,-2.18,0.5674727877214931,1.8442865600947116,True,True,False
JIOFIN,2023-09-27T09:17:00+05:30,228.7,STOP_LOSS,1,-2.0,-2.18,0.9457435028985166,1.0508261143316453,True,True,False
JIOFIN,2023-09-28T09:51:00+05:30,225.9,TIME_HORIZON,40,2.8629748274351408,2.6829748274351406,1.871945079476794,0.11011441643983719,True,True,True
JIOFIN,2023-10-04T09:16:00+05:30,228.5,STOP_LOSS,6,-2.0,-2.18,2.104362426943051,1.661338758112955,True,True,True
JIOFIN,2023-10-06T11:29:00+05:30,223.9,TIME_HORIZON,40,0.5250338071153806,0.3450338071153806,1.706359873125099,0.39377535533657276,True,True,True
JIOFIN,2023-10-09T09:16:00+05:30,220.4,STOP_LOSS,7,-2.0,-2.18,1.458188914455465,1.397431043019841,True,True,True
JIOFIN,2023-10-13T09:16:00+05:30,223.0,TIME_HORIZON,40,1.5954127446494089,1.415412744649409,1.6751833818818973,0.7179357350922159,True,True,True
JIOFIN,2023-10-13T10:21:00+05:30,222.75,STOP_LOSS,4,-2.0,-2.18,0.32578845431165254,4.561038360362025,True,False,False
JIOFIN,2023-10-17T13:28:00+05:30,223.65,STOP_LOSS,12,-2.0,-2.18,1.330425707449089,1.7105473381489213,True,True,True
JIOFIN,2023-10-17T13:56:00+05:30,222.65,STOP_LOSS,17,-2.0,-2.18,0.8605103925644478,1.0326124710773765,True,True,False
JIOFIN,2023-10-17T14:30:00+05:30,221.55,STOP_LOSS,8,-2.0,-2.18,1.255698204683967,1.46498123879814,True,True,True
JIOFIN,2023-10-19T09:20:00+05:30,213.4,STOP_LOSS,3,-2.0,-2.18,0.0,1.3262954779410583,False,False,False
JIOFIN,2023-10-23T09:18:00+05:30,212.55,TIME_HORIZON,40,2.023109622418788,1.843109622418788,2.7311979902653523,0.505777405604697,True,True,True
JIOFIN,2023-10-23T10:14:00+05:30,211.6,STOP_LOSS,3,-2.0,-2.18,0.36824165065092174,1.2274721688363592,True,False,False
JIOFIN,2023-10-25T09:15:00+05:30,206.6,VWAP_Z_TARGET,4,6.925764417750233,6.745764417750233,3.5178485931429875,0.10993276853571153,True,True,True
JIOFIN,2023-10-26T09:16:00+05:30,207.35,STOP_LOSS,30,-2.0,-2.18,1.897043406076341,1.219527903906222,True,True,True
JIOFIN,2023-10-30T15:21:00+05:30,218.3,VWAP_Z_TARGET,12,18.45837823644291,18.27837823644291,12.514154736571514,0.46928080262144956,True,True,True
JIOFIN,2023-10-31T10:18:00+05:30,217.05,STOP_LOSS,15,-2.0,-2.18,2.002069642339931,1.3347130948932875,True,True,True
JIOFIN,2023-11-06T09:31:00+05:30,218.4,TIME_HORIZON,40,-0.6945339924063618,-0.8745339924063618,0.23151133080209868,0.8102896578074111,False,False,False
JIOFIN,2023-11-06T15:28:00+05:30,216.95,VWAP_Z_TARGET,4,8.336917206916267,8.156917206916267,4.515830153746286,0.6947431005763062,True,True,True
JIOFIN,2023-11-07T10:13:00+05:30,217.15,STOP_LOSS,7,-2.0,-2.18,0.3464238901010706,1.2124836153537963,True,False,False
JIOFIN,2023-11-08T11:12:00+05:30,216.6,TIME_HORIZON,40,1.3412890515058615,1.1612890515058616,1.1177408762548422,0.4470963505019115,True,True,True
JIOFIN,2023-11-08T12:33:00+05:30,215.95,STOP_LOSS,31,-2.0,-2.18,0.8372682542574005,1.0465853178216613,True,True,False
JIOFIN,2023-11-08T14:16:00+05:30,215.2,STOP_LOSS,5,-2.0,-2.18,0.35517493845259385,1.2431122845837757,True,False,False
JIOFIN,2023-11-08T14:53:00+05:30,214.0,TIME_HORIZON,40,6.732377538829379,6.552377538829379,4.683393070489963,0.5854241338112142,True,True,True
JIOFIN,2023-11-17T09:22:00+05:30,223.5,STOP_LOSS,23,-2.0,-2.18,0.09512043777147015,1.0463248154862257,False,False,False
JIOFIN,2023-12-12T10:20:00+05:30,243.8,STOP_LOSS,27,-2.0,-2.18,2.0265226566037398,1.7732073245283533,True,True,True
JIOFIN,2024-01-02T10:00:00+05:30,233.9,STOP_LOSS,24,-2.0,-2.18,0.8674501201917977,1.858821686125311,True,True,False
JIOFIN,2024-01-23T09:59:00+05:30,243.7,STOP_LOSS,3,-2.0,-2.18,0.0,1.345743519510879,False,False,False
JIOFIN,2024-02-16T11:01:00+05:30,271.5,TIME_HORIZON,40,2.7274165760891362,2.547416576089136,2.727416576089007,0.5682117866852152,True,True,True
JIOFIN,2024-02-27T13:59:00+05:30,321.65,STOP_LOSS,20,-2.0,-2.18,1.1824704941571464,1.0709166739536182,True,True,True
JIOFIN,2024-03-13T09:26:00+05:30,354.2,STOP_LOSS,12,-2.0,-2.18,0.6117514780549625,1.0801237034407927,True,True,False
JIOFIN,2024-03-13T10:01:00+05:30,337.75,STOP_LOSS,1,-2.0,-2.18,0.11836771765458887,1.0653094588912997,False,False,False
JIOFIN,2024-03-20T09:56:00+05:30,344.9,STOP_LOSS,4,-2.0,-2.18,0.4308105172668835,1.651440316189625,True,False,False
JIOFIN,2024-04-03T09:24:00+05:30,353.6,VWAP_Z_TARGET,19,5.238141751224758,5.058141751224758,3.0604873153223315,0.05885552529467373,True,True,True
JIOFIN,2024-04-26T13:31:00+05:30,380.85,TIME_HORIZON,40,4.063024600075863,3.883024600075863,2.459199100045898,0.427686800008088,True,True,True
JIOFIN,2024-04-29T10:14:00+05:30,380.2,STOP_LOSS,2,-2.0,-2.18,0.22471072603369535,1.4606197192186368,False,False,False
JIOFIN,2024-04-30T15:16:00+05:30,377.05,STOP_LOSS,2,-2.0,-2.18,0.20895083138880122,1.1492295726388224,False,False,False
JIOFIN,2024-05-27T09:48:00+05:30,363.6,STOP_LOSS,1,-2.0,-2.18,0.19586368441871765,1.0446063169000006,False,False,False
JIOFIN,2024-05-28T09:43:00+05:30,357.7,STOP_LOSS,26,-2.0,-2.18,0.9168421998199885,1.3752632997299354,True,True,False
JIOFIN,2024-05-29T09:22:00+05:30,352.0,TIME_HORIZON,40,1.2808664980183386,1.1008664980183387,1.018871077969112,0.32021662450458466,True,True,True
JIOFIN,2024-05-31T09:57:00+05:30,343.2,STOP_LOSS,5,-2.0,-2.18,0.7034272654503372,1.0316933226604625,True,True,False
JIOFIN,2024-06-04T09:16:00+05:30,349.8,STOP_LOSS,6,-2.0,-2.18,0.4326718977560885,1.399820845681519,True,False,False
JIOFIN,2024-06-04T11:08:00+05:30,335.05,STOP_LOSS,1,-2.0,-2.18,0.10420605405242268,2.605151351310715,False,False,False
JIOFIN,2024-06-10T14:37:00+05:30,349.75,STOP_LOSS,5,-2.0,-2.18,1.041752644825765,2.1876805541341304,True,True,True
JIOFIN,2024-06-14T10:43:00+05:30,357.55,TIME_HORIZON,40,3.5132641010031698,3.3332641010031696,2.781334079960968,0.7319300210423687,True,True,True
JIOFIN,2024-06-14T14:58:00+05:30,356.3,VWAP_Z_TARGET,33,11.971824736549637,11.791824736549637,7.520761693473498,0.6139397300794373,True,True,True
JIOFIN,2024-06-19T09:29:00+05:30,360.0,STOP_LOSS,2,-2.0,-2.18,0.0,1.8013158591406777,False,False,False
JIOFIN,2024-06-19T10:30:00+05:30,358.45,TIME_HORIZON,40,2.606152427376332,2.4261524273763317,2.1260717170702064,0.7544125447668575,True,True,True
JIOFIN,2024-06-21T14:36:00+05:30,361.7,STOP_LOSS,2,-2.0,-2.18,0.9568061136380299,2.152813755685635,True,True,False
JIOFIN,2024-06-21T15:19:00+05:30,359.7,STOP_LOSS,12,-2.0,-2.18,2.252601767271338,12.732096945446315,True,True,True
JIOFIN,2024-06-26T09:47:00+05:30,354.0,STOP_LOSS,6,-2.0,-2.18,0.5614097490848003,1.1929957168053005,True,True,False
JIOFIN,2024-06-27T13:02:00+05:30,354.3,STOP_LOSS,3,-2.0,-2.18,0.0,4.264434741385193,False,False,False
JIOFIN,2024-06-27T13:33:00+05:30,352.9,STOP_LOSS,27,-2.0,-2.18,1.258795573780022,3.661950760087183,True,True,True
JIOFIN,2024-06-27T14:15:00+05:30,349.0,STOP_LOSS,3,-2.0,-2.18,1.1685711005460167,1.3146424881142167,True,True,True
JIOFIN,2024-07-01T09:17:00+05:30,354.5,STOP_LOSS,1,-2.0,-2.18,0.21487678046573863,1.3429798779109428,False,False,False
JIOFIN,2024-07-02T13:07:00+05:30,350.15,TIME_HORIZON,40,9.36401422619414,9.18401422619414,6.00257322191918,0.36015439331509624,True,True,True
JIOFIN,2024-07-08T14:41:00+05:30,349.8,STOP_LOSS,6,-2.0,-2.18,0.15813902392137968,1.5813902392134371,False,False,False
JIOFIN,2024-07-08T15:16:00+05:30,348.65,STOP_LOSS,1,-2.0,-2.18,0.39461663805617886,1.578466552224267,True,False,False
JIOFIN,2024-07-09T15:21:00+05:30,349.45,STOP_LOSS,1,-2.0,-2.18,0.0,1.15034543186012,False,False,False
JIOFIN,2024-07-10T10:11:00+05:30,347.85,STOP_LOSS,10,-2.0,-2.18,1.725459325265175,1.6176181174361937,True,True,True
JIOFIN,2024-07-16T09:16:00+05:30,347.7,TIME_HORIZON,40,-0.1519286706825403,-0.3319286706825403,1.3420365910293266,0.354500231592642,True,True,True
JIOFIN,2024-07-18T10:40:00+05:30,339.45,STOP_LOSS,1,-2.0,-2.18,0.0,1.472086203800503,False,False,False
JIOFIN,2024-07-19T10:04:00+05:30,332.65,STOP_LOSS,11,-2.0,-2.18,1.4297652619476031,1.1438122095580174,True,True,True
JIOFIN,2024-07-23T11:18:00+05:30,337.25,TIME_HORIZON,40,3.2982515243178296,3.1182515243178295,3.8136033249924832,0.0,True,True,True
JIOFIN,2024-07-23T12:19:00+05:30,336.05,STOP_LOSS,1,-2.0,-2.18,0.0,1.584926860391021,False,False,False
JIOFIN,2024-07-25T09:16:00+05:30,332.25,STOP_LOSS,1,-2.0,-2.18,0.16091598043720373,1.0459538728415498,False,False,False
JIOFIN,2024-07-29T13:06:00+05:30,330.7,STOP_LOSS,7,-2.0,-2.18,0.15631949288630215,1.250555943090062,False,False,False
JIOFIN,2024-07-30T14:53:00+05:30,329.55,STOP_LOSS,11,-2.0,-2.18,1.720984737603102,1.720984737603102,True,True,True
JIOFIN,2024-07-31T10:30:00+05:30,329.25,STOP_LOSS,2,-2.0,-2.18,0.0,1.6699019577392284,False,False,False
JIOFIN,2024-07-31T10:48:00+05:30,327.55,TIME_HORIZON,40,7.550675042306692,7.370675042306693,4.907938777499393,0.18876687605771023,True,True,True
JIOFIN,2024-08-02T09:16:00+05:30,326.55,STOP_LOSS,1,-2.0,-2.18,0.18612256577206376,1.1167353946325942,False,False,False
JIOFIN,2024-08-05T09:16:00+05:30,319.35,STOP_LOSS,1,-2.0,-2.18,0.17524245349240222,1.0264200847413187,False,False,False
JIOFIN,2024-08-06T13:46:00+05:30,315.8,STOP_LOSS,22,-2.0,-2.18,1.8805826666147865,1.0746186666371298,True,True,True
JIOFIN,2024-08-06T15:13:00+05:30,312.3,STOP_LOSS,1,-2.0,-2.18,0.0,2.537512272436036,False,False,False
JIOFIN,2024-08-13T14:04:00+05:30,324.7,STOP_LOSS,5,-2.0,-2.18,0.7983635716827605,1.3686232657417083,True,True,False
JIOFIN,2024-08-14T13:35:00+05:30,321.85,TIME_HORIZON,40,0.2919476727000035,0.1119476727000035,0.7298691817506725,0.8758430181008402,True,True,False
JIOFIN,2024-08-14T14:40:00+05:30,321.25,STOP_LOSS,4,-2.0,-2.18,1.0047039349378757,1.1721545907608868,True,True,True
JIOFIN,2024-08-14T15:14:00+05:30,320.25,STOP_LOSS,4,-2.0,-2.18,0.1962090486681264,2.1582995353489447,False,False,False
JIOFIN,2024-08-21T10:02:00+05:30,332.65,VWAP_Z_TARGET,7,5.246505032512511,5.066505032512511,2.707873565167766,0.33848419564594673,True,True,True
JIOFIN,2024-08-21T12:49:00+05:30,331.0,STOP_LOSS,35,-2.0,-2.18,2.9280916378649935,1.4196807941164002,True,True,True
JIOFIN,2024-08-23T12:57:00+05:30,329.0,STOP_LOSS,8,-2.0,-2.18,1.0555935812609092,1.3194919765762116,True,True,True
JIOFIN,2024-08-23T13:34:00+05:30,328.5,STOP_LOSS,1,-2.0,-2.18,0.0,1.9064990879787422,False,False,False
JIOFIN,2024-08-26T10:50:00+05:30,324.25,STOP_LOSS,3,-2.0,-2.18,0.4015477113130777,1.070793896834891,True,False,False
JIOFIN,2024-08-30T15:11:00+05:30,321.45,STOP_LOSS,11,-2.0,-2.18,0.6605010271313297,1.3210020542625522,True,True,False
JIOFIN,2024-09-05T15:20:00+05:30,345.15,STOP_LOSS,3,-2.0,-2.18,0.08977237713637758,1.8852199198634187,False,False,False
JIOFIN,2024-09-09T09:31:00+05:30,332.75,STOP_LOSS,1,-2.0,-2.18,0.0,1.6104165440073301,False,False,False
JIOFIN,2024-09-13T15:03:00+05:30,347.1,VWAP_Z_TARGET,11,10.286908934390802,10.106908934390802,5.7863862755948565,0.21431060279985914,True,True,True
JIOFIN,2024-09-16T15:21:00+05:30,347.85,STOP_LOSS,11,-2.0,-2.18,1.0747446164112762,1.8333878750546608,True,True,True
JIOFIN,2024-09-17T10:22:00+05:30,345.0,STOP_LOSS,2,-2.0,-2.18,0.2213900118218505,1.106950059109001,False,False,False
JIOFIN,2024-09-18T15:19:00+05:30,345.8,VWAP_Z_TARGET,12,8.10684162647139,7.92684162647139,4.880649550630738,0.49633724243704497,True,True,True
JIOFIN,2024-09-19T11:14:00+05:30,343.7,STOP_LOSS,1,-2.0,-2.18,0.3728735259482611,1.5847124852801364,True,False,False
JIOFIN,2024-09-23T15:24:00+05:30,353.85,STOP_LOSS,5,-2.0,-2.18,0.3026810674432467,1.109830580625429,True,False,False
JIOFIN,2024-09-24T10:44:00+05:30,350.4,STOP_LOSS,15,-2.0,-2.18,0.7749141640227966,1.0332188853636308,True,True,False
JIOFIN,2024-09-26T14:04:00+05:30,349.65,TIME_HORIZON,40,5.338060373220258,5.158060373220258,4.893222008785152,0.6672575466524058,True,True,True
JIOFIN,2024-09-30T15:14:00+05:30,350.0,VWAP_Z_TARGET,17,4.667881118114111,4.487881118114111,2.605328996156716,0.4342214993594321,True,True,True
JIOFIN,2024-10-01T10:29:00+05:30,349.3,STOP_LOSS,1,-2.0,-2.18,0.11978414793430785,2.395682958685612,False,False,False
JIOFIN,2024-10-03T09:16:00+05:30,345.4,STOP_LOSS,2,-2.0,-2.18,0.5337888030974904,1.1387494466079553,True,True,False
JIOFIN,2024-10-04T09:27:00+05:30,338.5,STOP_LOSS,6,-2.0,-2.18,0.6728105360117463,1.2232918836576951,True,True,False
JIOFIN,2024-10-04T15:21:00+05:30,337.7,VWAP_Z_TARGET,10,25.77429465479637,25.59429465479637,14.803697442754824,0.3965276100738053,True,True,True
JIOFIN,2024-10-07T10:31:00+05:30,337.2,STOP_LOSS,7,-2.0,-2.18,1.576934497437271,1.2341226501682312,True,True,True
JIOFIN,2024-10-11T09:19:00+05:30,342.55,STOP_LOSS,14,-2.0,-2.18,2.1681596731101056,1.204533151727867,True,True,True
JIOFIN,2024-10-11T15:17:00+05:30,341.2,STOP_LOSS,1,-2.0,-2.18,0.2694355670007474,1.0777422680026831,True,False,False
JIOFIN,2024-10-14T11:07:00+05:30,341.15,TIME_HORIZON,40,5.063589552702155,4.883589552702155,3.682610583783361,0.4603263229727566,True,True,True
JIOFIN,2024-10-14T15:08:00+05:30,340.45,STOP_LOSS,9,-2.0,-2.18,0.5001651279083574,1.1253715377938396,True,True,False
JIOFIN,2024-10-16T11:27:00+05:30,335.1,STOP_LOSS,2,-2.0,-2.18,0.567652753388265,1.1353055067766915,True,True,False
JIOFIN,2024-10-16T15:12:00+05:30,334.2,STOP_LOSS,4,-2.0,-2.18,0.34394825568314097,1.2038188948910422,True,False,False
JIOFIN,2024-10-18T09:20:00+05:30,326.7,STOP_LOSS,4,-2.0,-2.18,0.3117684515378133,1.4964885673814898,True,False,False
JIOFIN,2024-10-21T13:09:00+05:30,327.95,TIME_HORIZON,40,7.592199552694927,7.412199552694927,4.934929709251746,0.18980498881741634,True,True,True
JIOFIN,2024-10-21T14:45:00+05:30,328.35,STOP_LOSS,2,-2.0,-2.18,0.35578164883694935,3.0241440151151817,True,False,False
JIOFIN,2024-10-21T15:16:00+05:30,327.15,STOP_LOSS,3,-2.0,-2.18,0.3921320092013226,1.43781736707107,True,False,False
JIOFIN,2024-10-22T09:32:00+05:30,325.0,STOP_LOSS,3,-2.0,-2.18,0.050090805589380734,1.0519069173767677,False,False,False
JIOFIN,2024-10-22T10:19:00+05:30,321.8,STOP_LOSS,1,-2.0,-2.18,0.5579779106099056,1.11595582121997,True,True,False
JIOFIN,2024-10-22T15:17:00+05:30,312.0,STOP_LOSS,1,-2.0,-2.18,0.0,1.0926139221312954,False,False,False
JIOFIN,2024-10-25T09:30:00+05:30,315.25,STOP_LOSS,1,-2.0,-2.18,0.20214314183919338,1.2802398983150702,False,False,False
JIOFIN,2024-10-29T10:44:00+05:30,316.2,STOP_LOSS,3,-2.0,-2.18,0.7391140839561304,1.330405351121001,True,True,False
JIOFIN,2024-10-30T13:17:00+05:30,321.05,STOP_LOSS,1,-2.0,-2.18,0.0,1.2725731000017948,False,False,False
JIOFIN,2024-10-30T15:28:00+05:30,319.0,STOP_LOSS,3,-2.0,-2.18,1.7509945318319837,2.396097780401712,True,True,True
JIOFIN,2024-11-05T11:45:00+05:30,319.35,STOP_LOSS,12,-2.0,-2.18,2.005137128179695,1.0025685640898474,True,True,True
JIOFIN,2024-11-07T15:21:00+05:30,321.05,STOP_LOSS,4,-2.0,-2.18,0.45018922484967333,1.1254730621242472,True,False,False
JIOFIN,2024-11-08T15:28:00+05:30,314.95,STOP_LOSS,3,-2.0,-2.18,0.09603035141942157,4.897547922389409,False,False,False
JIOFIN,2024-11-11T15:24:00+05:30,312.0,STOP_LOSS,2,-2.0,-2.18,0.538611149397265,4.847500344576201,True,True,False
JIOFIN,2024-11-12T15:01:00+05:30,310.75,STOP_LOSS,1,-2.0,-2.18,0.0,1.160878063449091,False,False,False
JIOFIN,2024-11-13T09:37:00+05:30,304.15,STOP_LOSS,7,-2.0,-2.18,0.16290154234745727,1.1810361820187874,False,False,False
JIOFIN,2024-11-28T15:06:00+05:30,325.15,VWAP_Z_TARGET,27,27.727789771801977,27.547789771801977,15.876395756434937,0.6708336235112315,True,True,True
JIOFIN,2024-12-05T14:52:00+05:30,340.95,STOP_LOSS,2,-2.0,-2.18,0.8795047246660317,1.3192570869989642,True,True,False
JIOFIN,2024-12-06T14:47:00+05:30,339.0,STOP_LOSS,34,-2.0,-2.18,2.103502383278575,1.8931521449506696,True,True,True
JIOFIN,2024-12-09T14:07:00+05:30,336.95,STOP_LOSS,31,-2.0,-2.18,0.6446580611819147,1.2893161223635852,True,True,False
JIOFIN,2024-12-10T09:59:00+05:30,334.95,STOP_LOSS,12,-2.0,-2.18,1.8401623099610132,1.4951318768432498,True,True,True
JIOFIN,2024-12-10T13:49:00+05:30,333.9,TIME_HORIZON,40,5.3977537613902,5.2177537613902,2.8675566857385792,0.674719220173727,True,True,True
JIOFIN,2024-12-12T12:14:00+05:30,338.65,TIME_HORIZON,40,5.092025772382231,4.912025772382231,2.5460128861911153,0.29377071763738927,True,True,True
JIOFIN,2024-12-12T13:28:00+05:30,338.25,STOP_LOSS,1,-2.0,-2.18,0.0,2.5237405440209604,False,False,False
JIOFIN,2024-12-13T09:24:00+05:30,335.35,STOP_LOSS,31,-2.0,-2.18,1.1585181005826986,1.0562959152371811,True,True,True
JIOFIN,2024-12-13T10:17:00+05:30,331.7,STOP_LOSS,17,-2.0,-2.18,1.3623418832066694,1.7880737217087477,True,True,True
JIOFIN,2024-12-17T09:16:00+05:30,339.55,STOP_LOSS,2,-2.0,-2.18,1.0347425184209156,1.724570864034903,True,True,True
JIOFIN,2024-12-17T09:49:00+05:30,338.8,STOP_LOSS,2,-2.0,-2.18,0.24080789098162514,2.2876749643261918,False,False,False
JIOFIN,2024-12-18T09:17:00+05:30,335.0,STOP_LOSS,3,-2.0,-2.18,0.7281344322098875,1.2944612128176287,True,True,False
JIOFIN,2024-12-18T09:58:00+05:30,331.25,STOP_LOSS,4,-2.0,-2.18,0.16762008760721864,1.0057205256431212,False,False,False
JIOFIN,2024-12-19T09:16:00+05:30,319.7,STOP_LOSS,2,-2.0,-2.18,0.11081667615906185,1.4683209591076403,False,False,False
JIOFIN,2024-12-20T12:53:00+05:30,309.6,STOP_LOSS,7,-2.0,-2.18,0.6716765868230529,1.1754340269404857,True,True,False
JIOFIN,2024-12-20T15:02:00+05:30,306.05,STOP_LOSS,1,-2.0,-2.18,0.0,1.0155322174228956,False,False,False
JIOFIN,2024-12-27T15:09:00+05:30,304.6,STOP_LOSS,22,-2.0,-2.18,3.3785996871837836,8.071099252717149,True,True,True
JIOFIN,2024-12-31T12:51:00+05:30,298.35,STOP_LOSS,8,-2.0,-2.18,0.19319485928374938,1.1591691557035944,False,False,False
JIOFIN,2024-12-31T14:01:00+05:30,298.55,STOP_LOSS,22,-2.0,-2.18,3.4779915186756494,1.8412896275341948,True,True,True
JIOFIN,2025-01-02T12:25:00+05:30,303.4,VWAP_Z_TARGET,11,6.832356389214812,6.6523563892148125,3.700859710824582,0.0,True,True,True
JIOFIN,2025-01-06T10:47:00+05:30,301.55,STOP_LOSS,3,-2.0,-2.18,0.84777367707169,1.130364902762307,True,True,False
JIOFIN,2025-01-06T11:51:00+05:30,298.6,STOP_LOSS,5,-2.0,-2.18,0.13067149310108425,1.0453719448097138,False,False,False
JIOFIN,2025-01-08T11:07:00+05:30,297.2,TIME_HORIZON,40,0.0,-0.18,2.6097399653684654,0.4538678200640417,True,True,True
JIOFIN,2025-01-09T09:24:00+05:30,295.8,VWAP_Z_TARGET,36,7.2641760202266275,7.084176020226628,3.7077565103240255,0.8323535023176595,True,True,True
JIOFIN,2025-01-09T13:11:00+05:30,290.3,STOP_LOSS,4,-2.0,-2.18,0.3672059989148175,1.1934194964732872,True,False,False
JIOFIN,2025-01-10T14:14:00+05:30,282.15,STOP_LOSS,2,-2.0,-2.18,0.0,1.1372221225718542,False,False,False
JIOFIN,2025-01-13T09:17:00+05:30,274.9,STOP_LOSS,2,-2.0,-2.18,0.2270656139105751,1.589459297373915,False,False,False
JIOFIN,2025-01-17T11:01:00+05:30,276.1,VWAP_Z_TARGET,30,7.251294305057673,7.071294305057673,3.7389486260453912,0.9064117881323058,True,True,True
JIOFIN,2025-01-20T09:16:00+05:30,273.75,STOP_LOSS,3,-2.0,-2.18,1.0401167322809657,1.123326070863462,True,True,True
JIOFIN,2025-01-21T10:09:00+05:30,273.1,STOP_LOSS,13,-2.0,-2.18,1.1152499834885752,1.8959249719306284,True,True,True
JIOFIN,2025-01-21T12:40:00+05:30,266.3,STOP_LOSS,1,-2.0,-2.18,0.8403597402040519,1.5126475323673507,True,True,False
JIOFIN,2025-01-27T09:16:00+05:30,239.95,STOP_LOSS,1,-2.0,-2.18,0.7405606058939891,1.639812770193775,True,True,False
JIOFIN,2025-01-30T14:34:00+05:30,235.45,STOP_LOSS,3,-2.0,-2.18,0.4511271885266542,1.6240578786959141,True,False,False
JIOFIN,2025-02-07T09:25:00+05:30,248.3,TIME_HORIZON,40,1.356380210391451,1.1763802103914511,1.7745974419288242,0.6103710946761819,True,True,True
JIOFIN,2025-02-07T10:28:00+05:30,246.37,VWAP_Z_TARGET,31,8.686890375004237,8.506890375004238,4.464376376017264,0.24186237703028945,True,True,True
JIOFIN,2025-02-10T10:14:00+05:30,245.37,STOP_LOSS,34,-2.0,-2.18,2.0563912109805687,2.031615413257933,True,True,True
JIOFIN,2025-02-11T09:21:00+05:30,239.9,STOP_LOSS,12,-2.0,-2.18,1.2900690659364726,1.2542338141049358,True,True,True
JIOFIN,2025-02-12T09:16:00+05:30,232.82,STOP_LOSS,10,-2.0,-2.18,1.242320227651545,1.7349644558582022,True,True,True
JIOFIN,2025-02-14T09:30:00+05:30,225.43,STOP_LOSS,5,-2.0,-2.18,0.07865811862091825,1.0450292902494518,False,False,False
JIOFIN,2025-02-17T09:16:00+05:30,218.25,STOP_LOSS,1,-2.0,-2.18,0.4695823685304156,1.505425828523969,True,False,False
JIOFIN,2025-02-18T10:21:00+05:30,220.47,STOP_LOSS,2,-2.0,-2.18,0.18756297474841793,1.1019324766467804,False,False,False
JIOFIN,2025-02-18T11:12:00+05:30,219.63,STOP_LOSS,1,-2.0,-2.18,0.15918906183599923,1.5122960874422755,False,False,False
JIOFIN,2025-02-18T12:54:00+05:30,217.35,STOP_LOSS,7,-2.0,-2.18,1.0904382877694463,1.0592829081189183,True,True,True
JIOFIN,2025-02-21T13:39:00+05:30,233.43,STOP_LOSS,1,-2.0,-2.18,0.18962631242396313,1.592861024361894,False,False,False
JIOFIN,2025-02-24T09:16:00+05:30,229.73,TIME_HORIZON,40,3.6569206778474013,3.476920677847401,4.854433435029784,0.5408122129210724,True,True,True
JIOFIN,2025-02-25T11:30:00+05:30,227.71,STOP_LOSS,1,-2.0,-2.18,0.06194896719223459,1.2080048602497189,False,False,False
JIOFIN,2025-02-25T14:07:00+05:30,226.91,STOP_LOSS,2,-2.0,-2.18,0.06356685682866763,1.1442034229171014,False,False,False
JIOFIN,2025-02-27T09:16:00+05:30,225.21,STOP_LOSS,7,-2.0,-2.18,1.4634392610518403,1.0154476505257877,True,True,True
JIOFIN,2025-02-27T09:50:00+05:30,223.06,STOP_LOSS,13,-2.0,-2.18,1.0794895863462501,1.9220180439823369,True,True,True
JIOFIN,2025-02-28T09:16:00+05:30,217.44,STOP_LOSS,3,-2.0,-2.18,0.11436768639994888,1.229452628799396,False,False,False
JIOFIN,2025-03-03T10:09:00+05:30,199.53,STOP_LOSS,2,-2.0,-2.18,0.8669518244923262,1.0709404890787673,True,True,False
JIOFIN,2025-03-10T09:33:00+05:30,220.0,TIME_HORIZON,40,1.2761556452170923,1.0961556452170924,1.092599011316019,0.8740792090528153,True,True,True
JIOFIN,2025-03-10T14:22:00+05:30,217.77,STOP_LOSS,2,-2.0,-2.18,0.0,1.0512300187465033,False,False,False
JIOFIN,2025-03-10T15:24:00+05:30,215.99,STOP_LOSS,6,-2.0,-2.18,0.03231563426819007,1.583466079142783,False,False,False
JIOFIN,2025-03-17T12:26:00+05:30,220.74,STOP_LOSS,1,-2.0,-2.18,0.8870097298776299,1.2812362764901588,True,True,False
JIOFIN,2025-03-17T14:43:00+05:30,219.0,STOP_LOSS,4,-2.0,-2.18,0.0,1.8750891492445194,False,False,False
JIOFIN,2025-03-21T11:42:00+05:30,230.74,STOP_LOSS,1,-2.0,-2.18,1.0673119362438686,1.3957156089343525,True,True,True
JIOFIN,2025-03-25T10:12:00+05:30,229.96,STOP_LOSS,3,-2.0,-2.18,0.1697862940502957,1.792188659419752,False,False,False
JIOFIN,2025-03-26T15:03:00+05:30,223.13,STOP_LOSS,5,-2.0,-2.18,0.3445223938901396,1.624176999767881,True,False,False
JIOFIN,2025-03-26T15:24:00+05:30,222.35,STOP_LOSS,2,-2.0,-2.18,0.03926716305534073,1.1780148916578783,False,False,False
JIOFIN,2025-04-02T09:22:00+05:30,226.79,STOP_LOSS,4,-2.0,-2.18,0.2515851132924747,1.135944905472025,True,False,False
JIOFIN,2025-04-02T09:54:00+05:30,225.83,TIME_HORIZON,40,5.160445771793789,4.980445771793789,2.715010648593045,0.19255394670877085,True,True,True
JIOFIN,2025-04-04T09:20:00+05:30,228.08,STOP_LOSS,1,-2.0,-2.18,0.046417922103081204,1.4853735072985546,False,False,False
JIOFIN,2025-04-04T09:51:00+05:30,225.44,STOP_LOSS,4,-2.0,-2.18,0.0,2.2747280229596174,False,False,False
JIOFIN,2025-04-07T09:16:00+05:30,208.5,TIME_HORIZON,40,0.8091781832438315,0.6291781832438315,1.0689427704783636,0.5586088026370812,True,True,True
JIOFIN,2025-04-17T09:23:00+05:30,240.1,STOP_LOSS,6,-2.0,-2.18,0.1823245361576127,1.1261221350910136,False,False,False
JIOFIN,2025-04-22T09:17:00+05:30,245.3,STOP_LOSS,2,-2.0,-2.18,0.40626976707315227,1.887959505810719,True,False,False
JIOFIN,2025-04-25T09:42:00+05:30,257.09,STOP_LOSS,8,-2.0,-2.18,0.38365893451344535,1.2373000638057208,True,False,False
JIOFIN,2025-04-29T09:51:00+05:30,255.65,VWAP_Z_TARGET,12,5.4796001563634915,5.299600156363492,2.7776774986174755,0.06312903405950195,True,True,True
JIOFIN,2025-05-06T09:21:00+05:30,257.5,STOP_LOSS,5,-2.0,-2.18,0.7238373473944107,1.1098839326714078,True,True,False
JIOFIN,2025-05-06T15:24:00+05:30,250.65,STOP_LOSS,7,-2.0,-2.18,5.193967772313525,12.927208677758093,True,True,True
JIOFIN,2025-05-08T13:39:00+05:30,253.85,STOP_LOSS,3,-2.0,-2.18,0.6020112793048932,1.003352132174784,True,True,False
JIOFIN,2025-05-08T14:54:00+05:30,252.0,STOP_LOSS,1,-2.0,-2.18,0.4309832729892346,1.2929498189676223,True,False,False
JIOFIN,2025-05-08T15:26:00+05:30,250.65,STOP_LOSS,1,-2.0,-2.18,0.3015717092337695,1.8094302554027029,True,False,False
JIOFIN,2025-05-09T10:06:00+05:30,242.65,TIME_HORIZON,40,-1.7492917484208914,-1.9292917484208914,4.276046496139773,0.8746458742104457,True,True,True
JIOFIN,2025-05-14T12:50:00+05:30,266.05,STOP_LOSS,1,-2.0,-2.18,0.0,1.3820707592668817,False,False,False
JIOFIN,2025-05-20T15:05:00+05:30,271.5,STOP_LOSS,14,-2.0,-2.18,1.901040780202207,1.1406244681213673,True,True,True
JIOFIN,2025-05-22T14:19:00+05:30,272.9,STOP_LOSS,1,-2.0,-2.18,0.0,3.0363545020663456,False,False,False
JIOFIN,2025-05-27T09:32:00+05:30,279.6,TIME_HORIZON,40,1.2576043416358382,1.0776043416358383,1.4510819326567872,0.09673879551047447,True,True,True
JIOFIN,2025-05-28T15:25:00+05:30,289.25,STOP_LOSS,14,-2.0,-2.18,4.855931031508238,1.3006958120111298,True,True,True
JIOFIN,2025-05-29T11:05:00+05:30,286.25,STOP_LOSS,1,-2.0,-2.18,0.18649740988809177,2.7974611483207403,False,False,False
JIOFIN,2025-06-03T11:22:00+05:30,284.35,STOP_LOSS,4,-2.0,-2.18,0.0,1.3354295132491636,False,False,False
JIOFIN,2025-06-04T09:52:00+05:30,282.65,VWAP_Z_TARGET,34,5.8455334443766045,5.665533444376605,2.9227667221883022,0.17713737710225727,True,True,True
JIOFIN,2025-06-11T09:31:00+05:30,300.15,TIME_HORIZON,40,2.7569699117261357,2.5769699117261355,2.027183758622104,0.7297861531039391,True,True,True
JIOFIN,2025-06-12T13:31:00+05:30,299.35,STOP_LOSS,3,-2.0,-2.18,0.7446055303886383,1.1169082955830631,True,True,False
JIOFIN,2025-06-13T09:16:00+05:30,290.1,TIME_HORIZON,40,2.460052584157177,2.280052584157177,1.5375328650982745,0.20500438201311103,True,True,True
JIOFIN,2025-06-17T11:58:00+05:30,292.25,STOP_LOSS,1,-2.0,-2.18,0.0,1.019666783010068,False,False,False
JIOFIN,2025-06-17T12:45:00+05:30,291.35,STOP_LOSS,7,-2.0,-2.18,0.9162059064871279,1.985112797389182,True,True,False
JIOFIN,2025-06-17T15:02:00+05:30,289.8,STOP_LOSS,27,-2.0,-2.18,1.8223837168831676,1.3253699759151165,True,True,True
JIOFIN,2025-06-19T10:28:00+05:30,286.3,STOP_LOSS,3,-2.0,-2.18,0.23983939406816152,1.1991969703412166,False,False,False
JIOFIN,2025-06-19T12:33:00+05:30,284.5,STOP_LOSS,1,-2.0,-2.18,0.19504628441846167,1.1702777065105483,False,False,False
JIOFIN,2025-07-02T09:19:00+05:30,327.85,STOP_LOSS,23,-2.0,-2.18,1.9165630467543837,1.0221669582690192,True,True,True
JIOFIN,2025-07-04T11:46:00+05:30,324.2,STOP_LOSS,2,-2.0,-2.18,0.36994587710929117,1.7264140931762715,True,False,False
JIOFIN,2025-07-07T09:19:00+05:30,323.35,VWAP_Z_TARGET,12,5.320526022162636,5.1405260221626365,2.933110499397337,0.0,True,True,True
JIOFIN,2025-07-08T11:14:00+05:30,325.25,STOP_LOSS,33,-2.0,-2.18,2.3943366744159778,1.596224449610652,True,True,True
JIOFIN,2025-07-11T09:16:00+05:30,329.35,STOP_LOSS,2,-2.0,-2.18,0.9687041244728294,1.4530561867092442,True,True,False
JIOFIN,2025-07-11T15:28:00+05:30,325.05,VWAP_Z_TARGET,5,10.527239809074187,10.347239809074187,5.2636199045370935,0.8097876776211268,True,True,True
JIOFIN,2025-07-14T10:46:00+05:30,323.3,STOP_LOSS,3,-2.0,-2.18,0.8265348832086046,2.2729709288238387,True,True,False
JIOFIN,2025-07-14T11:11:00+05:30,321.55,STOP_LOSS,8,-2.0,-2.18,0.5679008835005692,2.413578754877621,True,True,False
JIOFIN,2025-07-16T14:04:00+05:30,319.15,STOP_LOSS,4,-2.0,-2.18,0.3761060002988392,1.8805300014937685,True,False,False
JIOFIN,2025-07-17T10:17:00+05:30,319.2,STOP_LOSS,6,-2.0,-2.18,0.6323705428268949,2.740272352249159,True,True,False
JIOFIN,2025-07-17T14:30:00+05:30,318.25,STOP_LOSS,20,-2.0,-2.18,2.669943368499392,1.2322815546921169,True,True,True
JIOFIN,2025-07-18T10:03:00+05:30,315.8,STOP_LOSS,4,-2.0,-2.18,1.2429456605867417,1.0169555404800146,True,True,True
JIOFIN,2025-07-21T09:17:00+05:30,315.05,VWAP_Z_TARGET,11,3.6823926887934726,3.5023926887934724,1.9495020117141746,0.32491700195235557,True,True,True
JIOFIN,2025-07-22T09:34:00+05:30,315.9,STOP_LOSS,1,-2.0,-2.18,0.0,1.2204408294382512,False,False,False
JIOFIN,2025-07-22T10:04:00+05:30,314.5,STOP_LOSS,2,-2.0,-2.18,0.0,2.727042726337829,False,False,False
JIOFIN,2025-07-22T10:34:00+05:30,313.6,STOP_LOSS,9,-2.0,-2.18,0.8251159679203852,1.1001546238941076,True,True,False
JIOFIN,2025-07-25T09:16:00+05:30,313.65,STOP_LOSS,3,-2.0,-2.18,0.5012164188456704,1.5871853263445437,True,True,False
JIOFIN,2025-07-28T09:16:00+05:30,308.55,VWAP_Z_TARGET,23,8.309178743961388,8.129178743961388,4.29785107446282,0.7163085124104701,True,True,True
JIOFIN,2025-08-06T09:51:00+05:30,330.3,STOP_LOSS,13,-2.0,-2.18,2.080358502689195,1.3238645017113255,True,True,True
JIOFIN,2025-08-06T10:36:00+05:30,328.8,STOP_LOSS,21,-2.0,-2.18,1.0062881415666538,1.2075457698800303,True,True,True
JIOFIN,2025-08-06T11:17:00+05:30,326.7,STOP_LOSS,2,-2.0,-2.18,0.5587989991659436,1.816096747289356,True,True,False
JIOFIN,2025-08-07T09:16:00+05:30,324.8,STOP_LOSS,1,-2.0,-2.18,0.08104509624779728,1.29672153996448,False,False,False
JIOFIN,2025-08-07T10:06:00+05:30,322.1,STOP_LOSS,4,-2.0,-2.18,0.43693885549876793,2.1846942774939637,True,False,False
JIOFIN,2025-08-12T15:16:00+05:30,326.75,STOP_LOSS,3,-2.0,-2.18,1.0320523669397113,1.0320523669397113,True,True,True
JIOFIN,2025-08-14T10:00:00+05:30,326.65,STOP_LOSS,1,-2.0,-2.18,0.13432963335373782,1.3432963335370727,False,False,False
JIOFIN,2025-08-20T09:18:00+05:30,328.8,STOP_LOSS,1,-2.0,-2.18,0.0,2.4517603074048004,False,False,False
JIOFIN,2025-08-21T10:22:00+05:30,327.3,TIME_HORIZON,40,1.006855295480001,0.826855295480001,5.537704125141722,0.0,True,True,True
JIOFIN,2025-08-21T11:51:00+05:30,326.3,STOP_LOSS,1,-2.0,-2.18,0.6640626021979047,1.3281252043961869,True,True,False
JIOFIN,2025-08-22T13:57:00+05:30,322.0,STOP_LOSS,3,-2.0,-2.18,0.5380518149181934,1.6141554447547333,True,True,False
JIOFIN,2025-08-26T09:26:00+05:30,317.25,STOP_LOSS,5,-2.0,-2.18,0.056935717598754244,1.0817786343760718,False,False,False
JIOFIN,2025-08-28T09:16:00+05:30,313.35,STOP_LOSS,1,-2.0,-2.18,0.44193202903171364,2.209660145158694,True,False,False
JIOFIN,2025-09-02T14:03:00+05:30,311.65,STOP_LOSS,2,-2.0,-2.18,0.35541108897520035,1.3031739929086639,True,False,False
JIOFIN,2025-09-03T10:41:00+05:30,309.95,TIME_HORIZON,40,7.430966834884072,7.250966834884072,3.8843690273257994,0.5066568296510994,True,True,True
JIOFIN,2025-09-04T13:03:00+05:30,309.95,TIME_HORIZON,40,0.8488202499029915,0.6688202499029916,1.4429944248351243,0.5092921499418143,True,True,True
JIOFIN,2025-09-04T14:17:00+05:30,309.5,STOP_LOSS,1,-2.0,-2.18,2.851713052117122,1.711027831270338,True,True,True
JIOFIN,2025-09-09T10:22:00+05:30,309.95,TIME_HORIZON,40,3.598030138096994,3.4180301380969937,2.9983584484142374,0.7995622529104178,True,True,True
JIOFIN,2025-09-09T12:44:00+05:30,308.75,STOP_LOSS,29,-2.0,-2.18,1.8372580789454966,1.020698932747524,True,True,True
JIOFIN,2025-09-15T10:07:00+05:30,310.25,TIME_HORIZON,40,-1.5141231982418746,-1.6941231982418745,0.7570615991209373,0.7570615991209373,True,True,False
JIOFIN,2025-09-19T14:25:00+05:30,316.4,STOP_LOSS,3,-2.0,-2.18,0.5039295712889724,1.0078591425776584,True,True,False
JIOFIN,2025-09-22T14:31:00+05:30,315.9,STOP_LOSS,2,-2.0,-2.18,0.0,1.4979853953121938,False,False,False
JIOFIN,2025-09-24T12:05:00+05:30,310.15,STOP_LOSS,4,-2.0,-2.18,1.5280166004610545,1.0914404289006823,True,True,True
JIOFIN,2025-09-24T12:53:00+05:30,309.35,TIME_HORIZON,40,4.772455740197146,4.592455740197146,3.3040078201365177,0.1835559900076307,True,True,True
JIOFIN,2025-09-24T14:29:00+05:30,308.55,STOP_LOSS,3,-2.0,-2.18,0.1492174078821804,1.0445218551750932,False,False,False
JIOFIN,2025-09-24T14:50:00+05:30,307.65,STOP_LOSS,5,-2.0,-2.18,0.5205545139749612,1.1712476564433667,True,True,False
JIOFIN,2025-09-25T14:52:00+05:30,302.85,STOP_LOSS,9,-2.0,-2.18,1.3717269117945725,1.8705366979018445,True,True,True
JIOFIN,2025-09-29T15:08:00+05:30,294.1,STOP_LOSS,9,-2.0,-2.18,0.18722305156940736,1.1233383094168699,False,False,False
JIOFIN,2025-10-08T10:16:00+05:30,308.55,STOP_LOSS,1,-2.0,-2.18,0.0,1.3693717829886443,False,False,False
JIOFIN,2025-10-08T11:04:00+05:30,306.75,STOP_LOSS,3,-2.0,-2.18,0.916403690550924,2.749211071652772,True,True,False
JIOFIN,2025-10-14T12:41:00+05:30,305.2,TIME_HORIZON,40,2.102183714146073,1.9221837141460731,2.6277296426824917,0.3503639523575461,True,True,True
JIOFIN,2025-10-16T11:45:00+05:30,311.2,STOP_LOSS,2,-2.0,-2.18,0.4303644098833222,1.1476384263551997,True,False,False
JIOFIN,2025-10-17T09:34:00+05:30,309.0,STOP_LOSS,1,-2.0,-2.18,0.13559657662351834,1.2203691896118705,False,False,False
JIOFIN,2025-10-23T13:59:00+05:30,310.1,STOP_LOSS,1,-2.0,-2.18,0.0,1.619797415435225,False,False,False
JIOFIN,2025-10-23T15:09:00+05:30,309.25,STOP_LOSS,2,-2.0,-2.18,0.0,1.7614567024745365,False,False,False
JIOFIN,2025-10-24T13:34:00+05:30,306.5,STOP_LOSS,2,-2.0,-2.18,0.6112507194900375,1.018751199150217,True,True,False
JIOFIN,2025-10-27T13:24:00+05:30,305.2,TIME_HORIZON,40,6.727177882107204,6.547177882107205,4.139801773604275,0.2587376108503223,True,True,True
JIOFIN,2025-10-31T11:02:00+05:30,308.85,STOP_LOSS,7,-2.0,-2.18,0.7486104123241633,1.1229156184863514,True,True,False
JIOFIN,2025-10-31T13:26:00+05:30,308.75,STOP_LOSS,2,-2.0,-2.18,0.0,1.288515469157207,False,False,False
JIOFIN,2025-10-31T14:54:00+05:30,307.3,STOP_LOSS,7,-2.0,-2.18,1.2647108356630847,1.2647108356630847,True,True,True
JIOFIN,2025-11-03T09:17:00+05:30,304.15,VWAP_Z_TARGET,35,11.692234986185595,11.512234986185595,6.916533372109841,0.576377781009091,True,True,True
JIOFIN,2025-11-04T10:17:00+05:30,305.3,STOP_LOSS,28,-2.0,-2.18,1.9159772839063944,1.9159772839063944,True,True,True
JIOFIN,2025-11-07T09:17:00+05:30,296.0,STOP_LOSS,7,-2.0,-2.18,1.7885271054391003,1.683319628648544,True,True,True
JIOFIN,2025-11-11T09:31:00+05:30,299.1,STOP_LOSS,5,-2.0,-2.18,0.40313327850002434,1.1422109557502726,True,False,False
JIOFIN,2025-11-17T13:08:00+05:30,312.75,STOP_LOSS,13,-2.0,-2.18,0.844852000507746,1.0560650006347425,True,True,False
JIOFIN,2025-11-17T14:22:00+05:30,311.7,STOP_LOSS,25,-2.0,-2.18,2.1907440935785147,2.1907440935785147,True,True,True
JIOFIN,2025-11-18T09:16:00+05:30,310.5,STOP_LOSS,1,-2.0,-2.18,0.26382953466293163,1.9787215099715372,True,False,False
JIOFIN,2025-11-18T09:41:00+05:30,309.15,STOP_LOSS,9,-2.0,-2.18,1.056783037893664,1.0567830378934924,True,True,True
JIOFIN,2025-11-18T15:04:00+05:30,306.3,STOP_LOSS,10,-2.0,-2.18,1.1554881661044885,3.0813017762785626,True,True,True
JIOFIN,2025-11-21T09:47:00+05:30,306.65,STOP_LOSS,9,-2.0,-2.18,1.2947598234427868,1.2947598234426232,True,True,True
JIOFIN,2025-11-24T14:11:00+05:30,300.8,STOP_LOSS,1,-2.0,-2.18,0.5341582738766462,1.0683165477535959,True,True,False
JIOFIN,2025-11-24T15:05:00+05:30,299.9,STOP_LOSS,3,-2.0,-2.18,0.0,1.114038004142894,False,False,False
JIOFIN,2025-11-27T13:12:00+05:30,306.5,STOP_LOSS,1,-2.0,-2.18,0.0,1.3955677248224867,False,False,False
JIOFIN,2025-12-01T11:45:00+05:30,305.15,STOP_LOSS,1,-2.0,-2.18,0.23844027846660637,1.9075222277323087,False,False,False
JIOFIN,2025-12-03T10:07:00+05:30,300.7,STOP_LOSS,33,-2.0,-2.18,2.4788973975492814,1.3943797861214158,True,True,True
JIOFIN,2025-12-08T10:05:00+05:30,301.0,STOP_LOSS,8,-2.0,-2.18,1.3604291917168612,1.9434702738811038,True,True,True
JIOFIN,2025-12-08T12:02:00+05:30,298.2,STOP_LOSS,22,-2.0,-2.18,1.4011710584707486,2.179599424287851,True,True,True
JIOFIN,2025-12-08T13:21:00+05:30,296.8,STOP_LOSS,3,-2.0,-2.18,0.0,1.006668866564886,False,False,False
JIOFIN,2025-12-16T09:17:00+05:30,297.4,STOP_LOSS,1,-2.0,-2.18,0.0,1.347361371787073,False,False,False
JIOFIN,2025-12-17T09:53:00+05:30,293.95,STOP_LOSS,14,-2.0,-2.18,0.9728102592098796,1.2507560475554467,True,True,False
JIOFIN,2025-12-17T13:56:00+05:30,292.25,TIME_HORIZON,40,3.2711044063111827,3.0911044063111826,4.634064575607457,0.8177761015776407,True,True,True
JIOFIN,2025-12-23T14:52:00+05:30,298.3,VWAP_Z_TARGET,9,6.992818661891264,6.8128186618912645,3.496409330945632,0.41134227422900793,True,True,True
JIOFIN,2025-12-26T12:52:00+05:30,297.7,STOP_LOSS,7,-2.0,-2.18,0.4487156678057697,1.1217891695141693,True,False,False
JIOFIN,2025-12-30T09:16:00+05:30,292.55,STOP_LOSS,3,-2.0,-2.18,0.8625255749243171,1.293788362386394,True,True,False
JIOFIN,2026-01-05T13:51:00+05:30,299.6,STOP_LOSS,1,-2.0,-2.18,0.0,1.6931973243420013,False,False,False
JIOFIN,2026-01-06T11:18:00+05:30,298.2,STOP_LOSS,1,-2.0,-2.18,0.0,1.2271051877203563,False,False,False
JIOFIN,2026-01-06T12:10:00+05:30,293.9,TIME_HORIZON,40,3.3457154283698833,3.165715428369883,2.129091636235388,0.6083118960672044,True,True,True
JIOFIN,2026-01-08T10:35:00+05:30,298.95,STOP_LOSS,6,-2.0,-2.18,0.22232261507535545,1.3339356904517534,False,False,False
JIOFIN,2026-01-08T11:01:00+05:30,297.8,STOP_LOSS,2,-2.0,-2.18,0.0,1.3173125740398013,False,False,False
JIOFIN,2026-01-12T09:24:00+05:30,283.25,STOP_LOSS,4,-2.0,-2.18,0.4279710983711933,1.0164313586316296,True,False,False
JIOFIN,2026-01-16T09:41:00+05:30,284.95,STOP_LOSS,2,-2.0,-2.18,0.1594358294810831,1.0097602533799512,False,False,False
JIOFIN,2026-01-16T13:09:00+05:30,282.3,STOP_LOSS,2,-2.0,-2.18,0.1710595217315713,2.0527142607784663,False,False,False
JIOFIN,2026-01-16T15:25:00+05:30,278.15,STOP_LOSS,1,-2.0,-2.18,0.15651882560359417,3.1303765120711713,False,False,False
JIOFIN,2026-01-19T12:34:00+05:30,274.15,TIME_HORIZON,40,3.2007655585129067,3.0207655585129065,2.240535890959089,0.08001913896274988,True,True,True
JIOFIN,2026-01-20T09:31:00+05:30,272.0,STOP_LOSS,9,-2.0,-2.18,0.7945572758235037,1.6420850367019197,True,True,False
JIOFIN,2026-01-20T15:12:00+05:30,265.85,STOP_LOSS,6,-2.0,-2.18,0.8059275218713735,1.1081503425732244,True,True,False
JIOFIN,2026-01-23T11:43:00+05:30,257.6,STOP_LOSS,3,-2.0,-2.18,1.0183056847903633,1.6001946475279027,True,True,True
JIOFIN,2026-01-30T09:16:00+05:30,250.2,VWAP_Z_TARGET,37,9.72278566599049,9.54278566599049,4.861392832995245,0.0,True,True,True
JIOFIN,2026-02-01T12:31:00+05:30,240.9,STOP_LOSS,1,-2.0,-2.18,0.17170323476629964,1.0731452172893574,False,False,False
JIOFIN,2026-02-06T09:39:00+05:30,268.0,STOP_LOSS,4,-2.0,-2.18,0.24689184374515183,1.6047969843430658,False,False,False
JIOFIN,2026-02-06T10:04:00+05:30,266.8,TIME_HORIZON,40,4.28583818948819,4.10583818948819,5.9695603353586115,0.6122625984982879,True,True,True
JIOFIN,2026-02-12T09:19:00+05:30,268.2,STOP_LOSS,6,-2.0,-2.18,0.7802655941614205,1.8531307861331934,True,True,False
JIOFIN,2026-02-13T09:25:00+05:30,265.2,STOP_LOSS,15,-2.0,-2.18,0.05231306154501374,1.0985742924450506,False,False,False
JIOFIN,2026-02-19T12:06:00+05:30,260.7,STOP_LOSS,6,-2.0,-2.18,0.5789412443015646,1.736823732904255,True,True,False
JIOFIN,2026-02-19T15:27:00+05:30,257.75,VWAP_Z_TARGET,23,11.088071418865121,10.908071418865122,5.544035709432561,0.4718328263346547,True,True,True
JIOFIN,2026-02-23T09:15:00+05:30,260.0,STOP_LOSS,1,-2.0,-2.18,1.7629106169518458,3.7461850610229854,True,True,True
JIOFIN,2026-02-24T09:17:00+05:30,256.15,STOP_LOSS,13,-2.0,-2.18,1.1847117026400102,1.7232170220217609,True,True,True
JIOFIN,2026-02-26T14:25:00+05:30,255.55,STOP_LOSS,3,-2.0,-2.18,0.6255413129064138,1.2510826258130052,True,True,False
JIOFIN,2026-02-27T15:06:00+05:30,254.95,STOP_LOSS,25,-2.0,-2.18,1.0587142746802005,17.78639981462732,True,True,True
JIOFIN,2026-03-04T09:27:00+05:30,241.5,TIME_HORIZON,40,0.39408529317764107,0.21408529317764108,1.3792985261216877,0.2627235287850878,True,True,True
JIOFIN,2026-03-05T13:54:00+05:30,239.5,STOP_LOSS,3,-2.0,-2.18,0.0,1.1415314447392568,False,False,False
JIOFIN,2026-03-06T14:49:00+05:30,239.1,TIME_HORIZON,40,3.845879566608436,3.665879566608436,2.4036747291302953,0.48073494582607734,True,True,True
JIOFIN,2026-03-12T09:16:00+05:30,235.0,STOP_LOSS,3,-2.0,-2.18,0.4970638022856529,1.1045862273014788,True,False,False
JIOFIN,2026-03-12T10:17:00+05:30,234.8,TIME_HORIZON,40,20.507256205072697,20.327256205072697,10.253628102536348,0.170893801708978,True,True,True
JIOFIN,2026-03-16T10:21:00+05:30,232.65,STOP_LOSS,8,-2.0,-2.18,0.5268299979899128,1.2643919951757787,True,True,False
JIOFIN,2026-03-19T09:20:00+05:30,241.5,TIME_HORIZON,40,1.654867157567878,1.474867157567878,1.9799303492329854,0.23640959393827068,True,True,True
JIOFIN,2026-03-19T14:59:00+05:30,238.15,STOP_LOSS,2,-2.0,-2.18,0.0,1.0719926971874119,False,False,False
JIOFIN,2026-03-23T09:16:00+05:30,233.8,STOP_LOSS,5,-2.0,-2.18,0.6755967714236579,1.399450455091902,True,True,False
JIOFIN,2026-03-27T09:16:00+05:30,233.75,TIME_HORIZON,40,0.27576272058443635,0.09576272058443636,3.4470340073056502,0.27576272058443635,True,True,True
JIOFIN,2026-03-30T09:16:00+05:30,227.9,TIME_HORIZON,40,5.122728561028798,4.942728561028798,3.763637310143618,0.3136364425119806,True,True,True
JIOFIN,2026-03-30T10:55:00+05:30,227.0,STOP_LOSS,32,-2.0,-2.18,1.713921642551913,1.1997451497863196,True,True,True
JIOFIN,2026-04-02T09:16:00+05:30,225.76,TIME_HORIZON,40,-0.3182171734424688,-0.4982171734424688,0.8625360227519663,0.5443188493094736,True,True,False
JIOFIN,2026-04-09T09:16:00+05:30,242.95,STOP_LOSS,41,-2.0,-2.18,1.8173716787205416,1.049688814433387,True,True,True
JIOFIN,2026-04-09T14:06:00+05:30,238.85,STOP_LOSS,6,-2.0,-2.18,0.2340940790132234,1.0241615956826757,False,False,False
JIOFIN,2026-04-13T09:16:00+05:30,236.32,TIME_HORIZON,40,0.8449794201653137,0.6649794201653136,0.42248971008265684,0.6785440798297265,True,False,False
JIOFIN,2026-04-16T11:48:00+05:30,241.41,STOP_LOSS,1,-2.0,-2.18,0.4744785263938813,1.0845223460432398,True,False,False
JIOFIN,2026-04-16T12:04:00+05:30,240.02,STOP_LOSS,27,-2.0,-2.18,1.9727709580885804,1.2366623916376875,True,True,True
JIOFIN,2026-04-20T09:16:00+05:30,239.5,STOP_LOSS,1,-2.0,-2.18,0.11090845052431463,1.9408978841754272,False,False,False
JIOFIN,2026-04-20T09:44:00+05:30,235.03,TIME_HORIZON,40,8.593532219510529,8.413532219510529,4.296766109755264,0.8658882274411782,True,True,True
JIOFIN,2026-04-30T09:16:00+05:30,247.59,STOP_LOSS,1,-2.0,-2.18,0.05142738741604067,2.2885187400142666,False,False,False
JIOFIN,2026-05-05T10:27:00+05:30,249.22,STOP_LOSS,1,-2.0,-2.18,0.5044296153545857,1.839684479528638,True,True,False
JIOFIN,2026-05-05T10:56:00+05:30,247.75,STOP_LOSS,4,-2.0,-2.18,0.4409907187487476,1.8040529403355163,True,False,False
JIOFIN,2026-05-11T09:16:00+05:30,245.83,STOP_LOSS,2,-2.0,-2.18,0.0,1.9845734425867243,False,False,False
JIOFIN,2026-05-12T09:34:00+05:30,236.11,TIME_HORIZON,40,2.924368514980425,2.7443685149804247,1.9402060339774057,0.5061407045158658,True,True,True
JIOFIN,2026-05-12T15:03:00+05:30,230.7,STOP_LOSS,21,-2.0,-2.18,1.5503124818699054,1.9055924256316057,True,True,True
JIOFIN,2026-05-14T09:50:00+05:30,230.82,STOP_LOSS,4,-2.0,-2.18,0.24225873182741806,1.7839052070925896,False,False,False
JIOFIN,2026-05-15T14:52:00+05:30,233.19,STOP_LOSS,3,-2.0,-2.18,0.08891741083632515,1.1559263408721427,False,False,False
JIOFIN,2026-05-20T09:16:00+05:30,230.1,TIME_HORIZON,40,2.3973534260818474,2.2173534260818473,1.7900238914744535,0.9109943019110912,True,True,True
JIOFIN,2026-05-26T14:04:00+05:30,240.25,TIME_HORIZON,40,-0.16169947863987844,-0.34169947863987843,2.506341918916852,0.7680725235390204,True,True,True
JIOFIN,2026-05-29T12:03:00+05:30,241.37,STOP_LOSS,2,-2.0,-2.18,0.11282191034191029,1.523095789617232,False,False,False
JIOFIN,2026-05-29T13:02:00+05:30,240.44,STOP_LOSS,4,-2.0,-2.18,0.27573498200825314,1.047792931631111,True,False,False
JIOFIN,2026-05-29T15:07:00+05:30,238.24,VWAP_Z_TARGET,23,11.21107473606907,11.03107473606907,7.0665550862988855,0.5665170744290168,True,True,True
JIOFIN,2026-06-01T13:12:00+05:30,235.5,STOP_LOSS,27,-2.0,-2.18,1.8017152922745365,1.8017152922745365,True,True,True
JIOFIN,2026-06-01T15:00:00+05:30,234.84,STOP_LOSS,26,-2.0,-2.18,2.1756102953427425,1.4313225627255057,True,True,True
JIOFIN,2026-06-08T09:16:00+05:30,233.12,TIME_HORIZON,40,1.4379917866882097,1.2579917866882098,1.028907916337262,0.8925466262202912,True,True,True
JIOFIN,2026-06-08T15:06:00+05:30,229.35,STOP_LOSS,13,-2.0,-2.18,0.9361827412760902,1.8277853520151395,True,True,False
JIOFIN,2026-06-10T12:04:00+05:30,232.53,STOP_LOSS,29,-2.0,-2.18,1.8125347565168115,1.3050250246921538,True,True,True
JIOFIN,2026-06-10T14:40:00+05:30,231.31,STOP_LOSS,4,-2.0,-2.18,1.1011148995897337,1.1590683153575625,True,True,True
JIOFIN,2026-06-10T15:13:00+05:30,230.22,STOP_LOSS,6,-2.0,-2.18,0.9320099855128056,2.002095524434883,True,True,False
JIOFIN,2026-06-11T09:19:00+05:30,227.6,TIME_HORIZON,40,1.585584288970507,1.405584288970507,1.8932349719050314,0.0,True,True,True
JIOFIN,2026-06-19T14:52:00+05:30,242.7,STOP_LOSS,9,-2.0,-2.18,1.116696512419835,1.2469777722020783,True,True,True
JIOFIN,2026-06-22T15:06:00+05:30,243.29,STOP_LOSS,3,-2.0,-2.18,0.2766537100735953,1.2910506470100678,True,False,False
JIOFIN,2026-06-23T11:34:00+05:30,241.85,STOP_LOSS,11,-2.0,-2.18,1.0766997176614919,1.2235224064335197,True,True,True
JIOFIN,2026-06-23T12:08:00+05:30,239.88,TIME_HORIZON,40,1.8345075816237622,1.6545075816237622,2.354284729750437,0.6115025272078628,True,True,True
JIOFIN,2026-06-25T15:21:00+05:30,239.11,STOP_LOSS,2,-2.0,-2.18,0.0,2.193409863693901,False,False,False
JIOFIN,2026-07-03T13:06:00+05:30,238.96,TIME_HORIZON,40,7.171938432781496,6.991938432781496,5.993691404538855,0.512281316627229,True,True,True
JIOFIN,2026-07-06T09:17:00+05:30,238.48,STOP_LOSS,2,-2.0,-2.18,0.39429635782433364,1.000906139092307,True,False,False
JIOFIN,2026-07-08T09:16:00+05:30,240.0,STOP_LOSS,4,-2.0,-2.18,0.44196232242851574,1.1887262465319044,True,False,False
JIOFIN,2026-07-14T09:16:00+05:30,238.67,STOP_LOSS,26,-2.0,-2.18,1.7041528774046633,1.3549412221987893,True,True,True
JIOFIN,2026-07-16T09:35:00+05:30,235.1,STOP_LOSS,2,-2.0,-2.18,0.13022902721205232,1.6278628401505923,False,False,False
JIOFIN,2026-07-20T09:16:00+05:30,241.47,STOP_LOSS,1,-2.0,-2.18,0.0,3.0608697400811016,False,False,False
JIOFIN,2026-07-21T10:35:00+05:30,237.23,STOP_LOSS,4,-2.0,-2.18,0.5243720422299794,1.101181288682599,True,True,False
JIOFIN,2026-07-21T11:01:00+05:30,236.84,TIME_HORIZON,40,18.069465688867734,17.889465688867734,13.468444332906119,0.752894403702862,True,True,True
JIOFIN,2026-07-22T12:03:00+05:30,234.78,TIME_HORIZON,40,0.35767426913069417,0.17767426913069417,1.460503265616973,0.8345732946382582,True,True,True
JIOFIN,2026-07-23T12:44:00+05:30,233.62,STOP_LOSS,8,-2.0,-2.18,0.875469747280936,1.7995767027441,True,True,False
JIOFIN,2026-07-23T13:11:00+05:30,233.17,STOP_LOSS,7,-2.0,-2.18,0.04812154871860687,1.7804973025848982,False,False,False
JIOFIN,2026-07-23T14:48:00+05:30,232.5,TIME_HORIZON,40,4.982336728970596,4.802336728970596,4.151947274142203,0.622792091121354,True,True,True
JIOFIN,2026-07-30T14:23:00+05:30,245.24,TIME_HORIZON,40,18.950855794233632,18.770855794233633,10.077042366775055,0.2005381565528409,True,True,True
JIOFIN,2026-08-07T09:19:00+05:30,261.5,STOP_LOSS,9,-2.0,-2.18,0.7507099641931068,1.351277935547558,True,True,False
JIOFIN,2026-08-07T10:14:00+05:30,260.2,STOP_LOSS,1,-2.0,-2.18,0.0,2.337341341544276,False,False,False
JIOFIN,2026-08-10T09:32:00+05:30,255.8,STOP_LOSS,12,-2.0,-2.18,1.2215052689823735,1.2215052689823735,True,True,True
JIOFIN,2026-08-10T10:10:00+05:30,254.9,TIME_HORIZON,40,16.67629909100939,16.49629909100939,10.694583112712685,0.0,True,True,True
JIOFIN,2026-08-10T14:39:00+05:30,254.15,STOP_LOSS,11,-2.0,-2.18,1.604447974582884,1.3752411210711177,True,True,True
JIOFIN,2026-08-11T09:18:00+05:30,252.5,TIME_HORIZON,40,0.3606156908856185,0.18061569088561852,1.5326166862639556,0.7212313817712883,True,True,True
JIOFIN,2026-08-12T09:51:00+05:30,250.25,STOP_LOSS,2,-2.0,-2.18,0.15107035713053826,1.9639146426965681,False,False,False
JIOFIN,2026-08-14T09:19:00+05:30,252.8,TIME_HORIZON,40,-0.9685023422684277,-1.1485023422684277,0.2980007206979582,0.9312522521811724,True,False,False
JIOFIN,2026-08-14T10:33:00+05:30,251.1,STOP_LOSS,1,-2.0,-2.18,0.6070050744041419,1.0116751240068649,True,True,False
JIOFIN,2026-08-14T15:13:00+05:30,249.65,STOP_LOSS,2,-2.0,-2.18,0.9924673681788388,1.1578785962086924,True,True,False
JIOFIN,2026-08-19T09:16:00+05:30,244.35,TIME_HORIZON,40,1.9279202041893033,1.7479202041893034,3.3738603573312806,0.19279202041891935,True,True,True
JIOFIN,2026-08-19T10:47:00+05:30,243.8,STOP_LOSS,2,-2.0,-2.18,0.7145226113985689,2.1435678341961126,True,True,False
JIOFIN,2026-08-19T14:56:00+05:30,242.3,STOP_LOSS,13,-2.0,-2.18,1.70459688414641,1.065373052591567,True,True,True
JIOFIN,2026-08-21T13:37:00+05:30,243.95,STOP_LOSS,15,-2.0,-2.18,0.9703889936448375,2.587703983052655,True,True,False
JSWSTEEL,2023-07-04T10:00:00+05:30,789.9,VWAP_Z_TARGET,26,2.7314129320389564,2.5514129320389562,5.462825864077913,0.6555391036893744,True,True,True
JSWSTEEL,2023-07-05T14:47:00+05:30,788.55,TIME_HORIZON,40,6.79855424489721,6.618554244897211,3.6258955972785634,0.339927712244809,True,True,True
JSWSTEEL,2023-07-11T14:08:00+05:30,798.1,STOP_LOSS,8,-2.0,-2.18,2.249945909646024,1.4999639397640678,True,True,True
JSWSTEEL,2023-07-12T15:19:00+05:30,795.0,STOP_LOSS,2,-2.0,-2.18,0.26084742159123236,1.0254002090137861,True,False,False
JSWSTEEL,2023-07-14T11:51:00+05:30,796.65,STOP_LOSS,5,-2.0,-2.18,0.9144722473547388,2.6926127283223313,True,True,False
JSWSTEEL,2023-08-02T09:16:00+05:30,814.0,STOP_LOSS,2,-2.0,-2.18,0.21484797150236432,1.2246334375634864,False,False,False
JSWSTEEL,2023-08-14T09:16:00+05:30,813.05,STOP_LOSS,1,-2.0,-2.18,0.0,1.100491547193693,False,False,False
JSWSTEEL,2023-08-14T09:33:00+05:30,804.75,STOP_LOSS,2,-2.0,-2.18,0.0,1.8194324218927544,False,False,False
JSWSTEEL,2023-08-31T14:27:00+05:30,779.3,STOP_LOSS,37,-2.0,-2.18,2.042469492519602,1.0449843915215262,True,True,True
JSWSTEEL,2023-09-05T09:16:00+05:30,804.65,STOP_LOSS,2,-2.0,-2.18,0.6887784096755739,1.9166007921407244,True,True,False
JSWSTEEL,2023-09-12T12:07:00+05:30,818.3,STOP_LOSS,13,-2.0,-2.18,2.3789528186118702,1.771560609604567,True,True,True
JSWSTEEL,2023-09-12T14:49:00+05:30,816.45,STOP_LOSS,26,-2.0,-2.18,3.148257934588871,1.172880407003774,True,True,True
JSWSTEEL,2023-09-13T09:42:00+05:30,810.5,STOP_LOSS,19,-2.0,-2.18,1.190554726718453,1.1012631222145828,True,True,True
JSWSTEEL,2023-09-20T09:45:00+05:30,804.9,STOP_LOSS,11,-2.0,-2.18,0.5716731766172761,1.1097185193158439,True,True,False
JSWSTEEL,2023-09-20T10:40:00+05:30,798.2,STOP_LOSS,5,-2.0,-2.18,0.8126100083764106,1.1681268870412491,True,True,False
JSWSTEEL,2023-09-21T12:40:00+05:30,776.8,STOP_LOSS,17,-2.0,-2.18,1.783205762494829,1.1412516879966257,True,True,True
JSWSTEEL,2023-09-27T09:21:00+05:30,776.0,VWAP_Z_TARGET,25,4.918708930853064,4.738708930853064,2.506649743607768,0.6384862554472779,True,True,True
JSWSTEEL,2023-09-28T12:08:00+05:30,775.4,STOP_LOSS,32,-2.0,-2.18,0.7756480794329277,1.4866588189130256,True,True,False
JSWSTEEL,2023-09-28T13:18:00+05:30,773.15,STOP_LOSS,2,-2.0,-2.18,0.4978689362543179,2.204848146268914,True,False,False
JSWSTEEL,2023-09-28T15:12:00+05:30,765.2,VWAP_Z_TARGET,19,9.967392393480704,9.787392393480705,5.004548482082391,0.3544888508141788,True,True,True
JSWSTEEL,2023-10-04T09:16:00+05:30,763.05,STOP_LOSS,8,-2.0,-2.18,0.9112427339583248,1.7025851081851877,True,True,False
JSWSTEEL,2023-10-09T09:16:00+05:30,753.0,STOP_LOSS,1,-2.0,-2.18,0.0,1.4678607500838192,False,False,False
JSWSTEEL,2023-10-13T09:16:00+05:30,779.95,STOP_LOSS,1,-2.0,-2.18,0.0,1.2112776112704455,False,False,False
JSWSTEEL,2023-10-13T09:56:00+05:30,777.55,STOP_LOSS,7,-2.0,-2.18,1.1923243103659553,1.656005986619215,True,True,True
JSWSTEEL,2023-10-18T11:58:00+05:30,789.05,STOP_LOSS,19,-2.0,-2.18,2.090085517152796,1.2689804925568364,True,True,True
JSWSTEEL,2023-10-18T15:11:00+05:30,784.1,STOP_LOSS,14,-2.0,-2.18,0.9134508743495197,1.2647781337148116,True,True,False
JSWSTEEL,2023-10-20T09:57:00+05:30,773.8,STOP_LOSS,3,-2.0,-2.18,1.1988326727256529,2.0707109801624237,True,True,True
JSWSTEEL,2023-10-20T10:57:00+05:30,768.55,STOP_LOSS,2,-2.0,-2.18,0.514761702678577,2.2520824492182627,True,True,False
JSWSTEEL,2023-10-20T13:13:00+05:30,764.35,TIME_HORIZON,40,3.345039596869217,3.165039596869217,2.7106355353941747,0.9804426404617395,True,True,True
JSWSTEEL,2023-10-23T09:40:00+05:30,760.35,VWAP_Z_TARGET,20,5.7556202579727165,5.575620257972717,2.9644911569678754,0.0,True,True,True
JSWSTEEL,2023-10-23T11:46:00+05:30,762.3,STOP_LOSS,1,-2.0,-2.18,0.5876725489144249,1.7630176467430838,True,True,False
JSWSTEEL,2023-10-23T13:34:00+05:30,759.4,STOP_LOSS,1,-2.0,-2.18,0.09752378023191347,1.6579042639420853,False,False,False
JSWSTEEL,2023-10-23T14:42:00+05:30,756.75,STOP_LOSS,16,-2.0,-2.18,0.6821545055456167,1.9706685715762933,True,True,False
JSWSTEEL,2023-10-26T09:42:00+05:30,733.6,TIME_HORIZON,40,4.737381293969836,4.557381293969836,4.398996915829147,0.5075765672110814,True,True,True
JSWSTEEL,2023-10-26T15:09:00+05:30,728.0,STOP_LOSS,20,-2.0,-2.18,1.3638667469407255,1.1310114486826082,True,True,True
JSWSTEEL,2023-10-31T09:33:00+05:30,729.65,TIME_HORIZON,40,1.3402358020127407,1.1602358020127408,2.084811247575362,0.04963836303751937,True,True,True
JSWSTEEL,2023-10-31T10:43:00+05:30,728.6,STOP_LOSS,1,-2.0,-2.18,0.11744744989667091,1.4680931237080526,False,False,False
JSWSTEEL,2023-11-01T09:27:00+05:30,726.75,STOP_LOSS,5,-2.0,-2.18,0.44648243045394453,1.148097678310169,True,False,False
JSWSTEEL,2023-11-10T09:16:00+05:30,746.45,TIME_HORIZON,40,1.8210140920889877,1.6410140920889877,1.8437767682400794,0.22762676151112346,True,True,True
JSWSTEEL,2023-11-16T09:27:00+05:30,764.15,TIME_HORIZON,40,3.020126985884612,2.840126985884612,1.715981241979858,0.34319624839597157,True,True,True
JSWSTEEL,2023-11-20T11:15:00+05:30,766.75,STOP_LOSS,1,-2.0,-2.18,0.06730724597310725,1.009608689597527,False,False,False
JSWSTEEL,2023-11-20T13:59:00+05:30,762.85,STOP_LOSS,34,-2.0,-2.18,1.8576641217780834,1.7295493547590157,True,True,True
JSWSTEEL,2023-11-22T12:10:00+05:30,770.2,STOP_LOSS,17,-2.0,-2.18,1.0910770588088878,1.0436389258172392,True,True,True
JSWSTEEL,2023-11-22T12:58:00+05:30,768.05,STOP_LOSS,15,-2.0,-2.18,1.7664262885732824,1.275752319524975,True,True,True
JSWSTEEL,2023-11-22T13:55:00+05:30,766.1,TIME_HORIZON,40,12.259389449377855,12.079389449377855,7.138378666726504,0.9310928695730529,True,True,True
JSWSTEEL,2023-11-28T12:23:00+05:30,779.65,STOP_LOSS,1,-2.0,-2.18,0.27131931912256885,1.35659659561305,True,False,False
JSWSTEEL,2023-11-28T13:49:00+05:30,779.2,VWAP_Z_TARGET,29,12.5077071666267,12.3277071666267,6.25385358331335,0.0,True,True,True
JSWSTEEL,2024-01-20T13:49:00+05:30,808.8,STOP_LOSS,1,-2.0,-2.18,0.0,2.3486469153386205,False,False,False
JSWSTEEL,2024-01-25T14:32:00+05:30,796.1,VWAP_Z_TARGET,20,6.815870713332936,6.635870713332936,3.4345598516404308,0.8519838391666321,True,True,True
JSWSTEEL,2024-02-05T14:44:00+05:30,813.35,STOP_LOSS,2,-2.0,-2.18,0.9482117746394599,1.0869744733672204,True,True,False
JSWSTEEL,2024-02-13T09:21:00+05:30,793.9,TIME_HORIZON,40,4.175706003377117,3.995706003377117,2.718558595948638,0.7285737037142398,True,True,True
JSWSTEEL,2024-03-05T09:17:00+05:30,815.5,VWAP_Z_TARGET,12,6.444590588263835,6.264590588263835,3.2415904755338873,0.15436145121589104,True,True,True
JSWSTEEL,2024-03-06T10:01:00+05:30,805.8,STOP_LOSS,1,-2.0,-2.18,0.0,1.0386430451794963,False,False,False
JSWSTEEL,2024-04-04T10:55:00+05:30,860.4,STOP_LOSS,18,-2.0,-2.18,1.6992521942242875,1.4897553483609969,True,True,True
JSWSTEEL,2024-04-12T09:25:00+05:30,871.9,STOP_LOSS,18,-2.0,-2.18,1.0437131998066438,1.130689299790517,True,True,True
JSWSTEEL,2024-04-15T09:16:00+05:30,856.7,STOP_LOSS,3,-2.0,-2.18,1.5820081207278953,1.2059570100631094,True,True,True
JSWSTEEL,2024-04-30T15:04:00+05:30,881.85,STOP_LOSS,1,-2.0,-2.18,0.11382538138832697,1.024428432495331,False,False,False
JSWSTEEL,2024-05-13T09:43:00+05:30,833.6,STOP_LOSS,2,-2.0,-2.18,0.0,1.2650787361483866,False,False,False
JSWSTEEL,2024-05-15T10:04:00+05:30,867.95,STOP_LOSS,27,-2.0,-2.18,0.5864143295988117,1.1265327910714429,True,True,False
JSWSTEEL,2024-05-23T09:25:00+05:30,894.95,TIME_HORIZON,40,2.562712297944732,2.3827122979447317,1.281356148972366,0.5211257065198651,True,True,True
JSWSTEEL,2024-05-30T09:17:00+05:30,892.6,STOP_LOSS,9,-2.0,-2.18,1.2534592068119557,1.037345550465065,True,True,True
JSWSTEEL,2024-06-04T09:16:00+05:30,890.95,STOP_LOSS,12,-2.0,-2.18,1.9413896364870853,1.0511391401974521,True,True,True
JSWSTEEL,2024-07-25T09:29:00+05:30,864.4,TIME_HORIZON,40,2.438130907352844,2.258130907352844,1.6879367820135074,0.3750970626696683,True,True,True
JSWSTEEL,2024-08-05T09:16:00+05:30,879.0,STOP_LOSS,4,-2.0,-2.18,0.43787003938155167,1.6541757043303371,True,False,False
JSWSTEEL,2024-10-25T09:18:00+05:30,951.75,STOP_LOSS,3,-2.0,-2.18,0.28851692575944315,1.2983261659175762,True,False,False
JSWSTEEL,2024-10-25T09:41:00+05:30,943.35,TIME_HORIZON,40,5.921189639463737,5.741189639463737,3.175476701809206,0.5013910581804352,True,True,True
JSWSTEEL,2024-12-17T10:08:00+05:30,982.1,STOP_LOSS,3,-2.0,-2.18,1.3927710423799617,1.2111052542434688,True,True,True
JSWSTEEL,2025-01-03T15:26:00+05:30,913.9,STOP_LOSS,1,-2.0,-2.18,0.0,1.3275491366170127,False,False,False
JSWSTEEL,2025-01-06T10:56:00+05:30,906.1,STOP_LOSS,10,-2.0,-2.18,0.5394941488725271,1.114954574336605,True,True,False
JSWSTEEL,2025-01-06T11:50:00+05:30,902.2,STOP_LOSS,5,-2.0,-2.18,0.0,1.3772788245021292,False,False,False
JSWSTEEL,2025-01-08T10:53:00+05:30,901.95,STOP_LOSS,13,-2.0,-2.18,1.0665518751057343,1.2950987054856953,True,True,True
JSWSTEEL,2025-01-08T11:25:00+05:30,899.4,STOP_LOSS,16,-2.0,-2.18,2.3932797577263285,1.0432245097781467,True,True,True
JSWSTEEL,2025-01-08T12:35:00+05:30,896.7,STOP_LOSS,9,-2.0,-2.18,0.29262378630690616,1.5118895625859774,True,False,False
JSWSTEEL,2025-01-09T13:56:00+05:30,893.45,STOP_LOSS,7,-2.0,-2.18,0.7806070552435949,1.04080940699146,True,True,False
JSWSTEEL,2025-01-13T11:40:00+05:30,890.25,STOP_LOSS,19,-2.0,-2.18,1.9514089721796068,1.0904932491592152,True,True,True
JSWSTEEL,2025-01-13T14:43:00+05:30,881.5,STOP_LOSS,19,-2.0,-2.18,2.569341809989811,1.1678826409044756,True,True,True
JSWSTEEL,2025-01-22T11:22:00+05:30,920.65,STOP_LOSS,2,-2.0,-2.18,0.1821212562914688,1.214141708609976,False,False,False
JSWSTEEL,2025-01-22T13:29:00+05:30,910.45,STOP_LOSS,6,-2.0,-2.18,0.8856151814458815,2.5461436466571294,True,True,False
JSWSTEEL,2025-01-24T14:50:00+05:30,925.75,STOP_LOSS,41,-2.0,-2.18,5.9974587514386215,13.816575534856192,True,True,True
JSWSTEEL,2025-01-28T10:16:00+05:30,906.5,STOP_LOSS,3,-2.0,-2.18,0.058212005841824246,1.076922108073517,False,False,False
JSWSTEEL,2025-01-28T13:33:00+05:30,907.95,STOP_LOSS,17,-2.0,-2.18,1.4078894081355149,1.109246200349267,True,True,True
JSWSTEEL,2025-01-31T09:16:00+05:30,943.9,VWAP_Z_TARGET,3,3.188261539655875,3.0082615396558747,1.6320862643476441,0.3289476191708292,True,True,True
JSWSTEEL,2025-01-31T14:08:00+05:30,944.1,STOP_LOSS,2,-2.0,-2.18,0.0,1.4150509003091778,False,False,False
JSWSTEEL,2025-02-01T12:27:00+05:30,939.8,STOP_LOSS,4,-2.0,-2.18,0.6646105723400005,1.329221144679944,True,True,False
JSWSTEEL,2025-02-06T13:17:00+05:30,944.0,STOP_LOSS,21,-2.0,-2.18,2.2181245374951466,1.8484371145792886,True,True,True
JSWSTEEL,2025-02-14T13:40:00+05:30,956.45,STOP_LOSS,14,-2.0,-2.18,1.9601708884178193,1.3762901982509383,True,True,True
JSWSTEEL,2025-02-28T09:16:00+05:30,959.4,STOP_LOSS,1,-2.0,-2.18,0.21890844865964137,1.6746496322462514,False,False,False
JSWSTEEL,2025-02-28T11:01:00+05:30,957.75,STOP_LOSS,4,-2.0,-2.18,0.7331948873949407,1.0264728423528724,True,True,False
JSWSTEEL,2025-02-28T12:10:00+05:30,952.3,STOP_LOSS,28,-2.0,-2.18,3.041091383197592,1.0684915670693738,True,True,True
JSWSTEEL,2025-05-30T11:41:00+05:30,995.3,STOP_LOSS,4,-2.0,-2.18,0.9826860454386224,1.20106072220254,True,True,False
JSWSTEEL,2025-06-02T09:16:00+05:30,974.95,TIME_HORIZON,40,2.274805669867409,2.0948056698674087,2.1431063942434903,0.38312516545135855,True,True,True
JSWSTEEL,2025-06-02T10:25:00+05:30,971.1,STOP_LOSS,5,-2.0,-2.18,0.6290712699492628,1.1637818494061505,True,True,False
JSWSTEEL,2025-06-03T12:52:00+05:30,974.2,STOP_LOSS,4,-2.0,-2.18,0.747797094546281,1.1632399248498753,True,True,False
JSWSTEEL,2025-06-03T15:12:00+05:30,972.8,STOP_LOSS,19,-2.0,-2.18,1.713957081121687,2.6808046653440747,True,True,True
JSWSTEEL,2025-06-04T09:33:00+05:30,966.8,VWAP_Z_TARGET,36,8.461732209711165,8.281732209711166,4.449704006830892,0.1458919346501696,True,True,True
JSWSTEEL,2025-06-04T11:16:00+05:30,966.65,STOP_LOSS,18,-2.0,-2.18,1.610814697682137,2.4333583730942374,True,True,True
JSWSTEEL,2025-06-12T13:02:00+05:30,999.5,STOP_LOSS,17,-2.0,-2.18,1.462448412777298,1.3352789855792406,True,True,True
JSWSTEEL,2025-06-12T13:51:00+05:30,994.95,TIME_HORIZON,40,4.9250731721390615,4.745073172139062,4.877716699330181,0.37885178247233486,True,True,True
JSWSTEEL,2025-06-13T12:15:00+05:30,983.4,TIME_HORIZON,40,2.482936696744839,2.302936696744839,3.972698714791743,0.14897620180466778,True,True,True
JSWSTEEL,2025-06-13T15:00:00+05:30,982.0,VWAP_Z_TARGET,11,8.835521770755614,8.655521770755614,4.446635139530643,0.05774850830560556,True,True,True
JSWSTEEL,2025-06-17T12:56:00+05:30,1000.0,STOP_LOSS,10,-2.0,-2.18,0.5689424210090802,1.0480518281745712,True,True,False
JSWSTEEL,2025-06-18T09:16:00+05:30,994.05,TIME_HORIZON,40,0.35760504978478824,0.17760504978478825,1.5098879879800915,0.07946778884102892,True,True,True
JSWSTEEL,2025-06-18T12:39:00+05:30,988.1,STOP_LOSS,2,-2.0,-2.18,0.5835608484572328,1.417219203396313,True,True,False
JSWSTEEL,2025-06-18T14:22:00+05:30,984.55,TIME_HORIZON,40,5.624278737707038,5.444278737707038,3.983864105875819,0.7499038316942291,True,True,True
JSWSTEEL,2025-06-23T10:05:00+05:30,987.05,STOP_LOSS,14,-2.0,-2.18,0.8556580043697684,1.140877339159511,True,True,False
JSWSTEEL,2025-07-04T11:42:00+05:30,1035.2,STOP_LOSS,6,-2.0,-2.18,1.6297460047963592,1.5043809275044413,True,True,True
JSWSTEEL,2025-07-15T14:08:00+05:30,1030.5,TIME_HORIZON,40,2.675450109493238,2.495450109493238,4.378009270080096,0.0,True,True,True
JSWSTEEL,2025-07-16T09:18:00+05:30,1023.3,TIME_HORIZON,40,3.1679831875949414,2.987983187594941,2.6507614426814468,0.9051380535985232,True,True,True
JSWSTEEL,2025-07-21T09:19:00+05:30,1020.4,TIME_HORIZON,40,0.9052944145611785,0.7252944145611786,0.7272037100573425,0.1558293664408597,True,True,False
JSWSTEEL,2025-07-21T10:18:00+05:30,1023.1,VWAP_Z_TARGET,23,11.689693653190092,11.509693653190093,6.690811498865309,0.6921529136757096,True,True,True
JSWSTEEL,2025-07-22T15:04:00+05:30,1029.9,VWAP_Z_TARGET,35,13.268219327145964,13.088219327145964,10.172301484145038,0.14742465919071182,True,True,True
JSWSTEEL,2025-07-23T11:41:00+05:30,1027.3,TIME_HORIZON,40,2.787447848824978,2.607447848824978,1.5330963168537697,0.627175765985525,True,True,True
JSWSTEEL,2025-07-23T13:23:00+05:30,1025.6,TIME_HORIZON,40,3.979618854099339,3.799618854099339,3.436943555813159,0.54267529828618,True,True,True
JSWSTEEL,2025-07-30T12:35:00+05:30,1032.8,STOP_LOSS,1,-2.0,-2.18,0.4256948347734098,1.7027793390931552,True,False,False
JSWSTEEL,2025-07-31T09:16:00+05:30,1029.0,VWAP_Z_TARGET,8,5.138282692996519,4.958282692996519,2.8050828987277168,0.13107864012746284,True,True,True
JSWSTEEL,2025-08-01T15:12:00+05:30,1025.7,STOP_LOSS,18,-2.0,-2.18,3.2395272573890135,1.108259324896216,True,True,True
JSWSTEEL,2025-08-14T13:52:00+05:30,1043.4,STOP_LOSS,11,-2.0,-2.18,2.0275289356556967,1.3516859571037978,True,True,True
JSWSTEEL,2025-08-26T15:14:00+05:30,1045.5,VWAP_Z_TARGET,16,10.935438117618721,10.755438117618722,5.467719058809361,0.6075243398676683,True,True,True
JSWSTEEL,2025-08-28T15:11:00+05:30,1034.4,STOP_LOSS,20,-2.0,-2.18,6.970704069517568,3.812103788017501,True,True,True
JSWSTEEL,2025-08-29T13:00:00+05:30,1025.6,STOP_LOSS,9,-2.0,-2.18,0.5009341059499239,2.1289699502866073,True,True,False
JSWSTEEL,2025-12-03T10:19:00+05:30,1147.0,TIME_HORIZON,40,7.806009574510329,7.626009574510329,6.475439760673167,0.2661139627673517,True,True,True
JSWSTEEL,2025-12-03T14:22:00+05:30,1112.9,VWAP_Z_TARGET,38,5.082147336548666,4.9021473365486665,2.6125616742871602,0.10398255420049334,True,True,True
JSWSTEEL,2025-12-16T09:18:00+05:30,1106.0,STOP_LOSS,8,-2.0,-2.18,1.1817632658251933,1.0066872264436462,True,True,True
JSWSTEEL,2026-01-12T09:46:00+05:30,1147.2,TIME_HORIZON,40,9.645129256451739,9.465129256451739,5.1705847560358915,0.3977372889258204,True,True,True
JSWSTEEL,2026-02-05T09:16:00+05:30,1216.7,TIME_HORIZON,40,2.0173625497170145,1.8373625497170145,3.6079753293016923,0.9698858412101371,True,True,True
KOTAKBANK,2023-08-03T12:25:00+05:30,361.9,STOP_LOSS,24,-2.0,-2.18,2.88465676780733,1.2820696745809141,True,True,True
KOTAKBANK,2023-08-11T09:16:00+05:30,357.6,STOP_LOSS,8,-2.0,-2.18,0.8719767230405046,1.4532945384009237,True,True,False
KOTAKBANK,2023-08-16T09:35:00+05:30,355.8,TIME_HORIZON,40,2.289840279063756,2.109840279063756,1.7173802092978168,0.8586901046489898,True,True,True
KOTAKBANK,2023-08-17T11:16:00+05:30,355.3,STOP_LOSS,7,-2.0,-2.18,0.0,1.1597107057306226,False,False,False
KOTAKBANK,2023-08-18T09:16:00+05:30,351.2,TIME_HORIZON,40,2.833585451820396,2.653585451820396,4.250378177730593,0.3541981814775243,True,True,True
KOTAKBANK,2023-08-18T10:56:00+05:30,351.3,TIME_HORIZON,40,8.950085094163923,8.770085094163923,4.79468844330218,0.6392917924402542,True,True,True
KOTAKBANK,2023-08-18T14:59:00+05:30,350.4,STOP_LOSS,21,-2.0,-2.18,1.3314203730274328,1.3314203730272436,True,True,True
KOTAKBANK,2023-08-23T09:31:00+05:30,350.8,TIME_HORIZON,40,2.6647665637265847,2.4847665637265846,2.2840856260513736,0.0,True,True,True
KOTAKBANK,2023-08-29T14:50:00+05:30,356.6,STOP_LOSS,18,-2.0,-2.18,2.7399813606707553,1.565703634669162,True,True,True
KOTAKBANK,2023-08-30T15:11:00+05:30,355.1,STOP_LOSS,1,-2.0,-2.18,0.6804191676440031,1.3608383352881996,True,True,False
KOTAKBANK,2023-09-20T09:16:00+05:30,357.5,VWAP_Z_TARGET,15,5.654559559297631,5.4745595592976315,2.8272797796488156,0.2261823823718924,True,True,True
KOTAKBANK,2023-09-20T10:10:00+05:30,357.3,STOP_LOSS,14,-2.0,-2.18,0.8695052551440319,1.0434063061728778,True,True,False
KOTAKBANK,2023-09-21T13:36:00+05:30,353.0,TIME_HORIZON,40,1.790187205437903,1.6101872054379032,3.5803744108756366,0.29836453423970705,True,True,True
KOTAKBANK,2023-10-09T09:16:00+05:30,346.0,TIME_HORIZON,40,0.37135278514587067,0.19135278514587067,0.46419098143236476,0.6498673740053,True,False,False
KOTAKBANK,2023-10-23T09:18:00+05:30,345.4,TIME_HORIZON,40,3.9483741438615145,3.7683741438615144,1.9741870719307573,0.08225779466377668,True,True,True
KOTAKBANK,2024-02-28T11:01:00+05:30,338.1,TIME_HORIZON,40,4.113704528017128,3.933704528017128,3.085278396012846,0.14691801885779035,True,True,True
KOTAKBANK,2024-02-28T15:17:00+05:30,335.4,STOP_LOSS,34,-2.0,-2.18,2.926267897765455,1.064097417369174,True,True,True
KOTAKBANK,2024-03-12T10:45:00+05:30,343.9,STOP_LOSS,1,-2.0,-2.18,0.0,1.6561291208456792,False,False,False
KOTAKBANK,2026-01-27T09:16:00+05:30,405.4,TIME_HORIZON,40,-0.539887144652737,-0.7198871446527371,0.5591688283903504,0.9448025031423009,True,True,False
KOTAKBANK,2026-02-12T09:28:00+05:30,427.85,VWAP_Z_TARGET,7,3.1208782794298995,2.9408782794298993,1.7899154837906792,0.04589526881515632,True,True,True
KOTAKBANK,2026-02-12T10:48:00+05:30,426.7,TIME_HORIZON,40,3.1298853317878343,2.949885331787834,2.738649665314383,0.4890445830918421,True,True,True
KOTAKBANK,2026-02-19T12:49:00+05:30,419.7,STOP_LOSS,11,-2.0,-2.18,0.8995949591605755,1.0631576790078938,True,True,False
KOTAKBANK,2026-03-04T09:17:00+05:30,405.5,TIME_HORIZON,40,1.693195735008708,1.513195735008708,1.7958136583425937,0.17958136583427103,True,True,True
KOTAKBANK,2026-03-09T09:16:00+05:30,390.05,STOP_LOSS,1,-2.0,-2.18,0.11353023964707351,1.1920675162942396,False,False,False
KOTAKBANK,2026-03-12T09:16:00+05:30,375.95,TIME_HORIZON,40,1.6054542116176025,1.4254542116176026,1.4202094948924981,0.0,True,True,True
KOTAKBANK,2026-03-13T09:16:00+05:30,372.1,STOP_LOSS,8,-2.0,-2.18,1.900396605207189,1.076891409617436,True,True,True
KOTAKBANK,2026-03-19T09:16:00+05:30,368.9,STOP_LOSS,1,-2.0,-2.18,0.0,1.475671314190602,False,False,False
KOTAKBANK,2026-03-23T09:16:00+05:30,359.85,TIME_HORIZON,40,0.0,-0.18,1.2558671557606533,0.3887207863068956,True,True,True
KOTAKBANK,2026-03-30T09:16:00+05:30,355.6,STOP_LOSS,2,-2.0,-2.18,0.019742508188361912,1.0463529339841464,False,False,False
KOTAKBANK,2026-04-02T09:16:00+05:30,347.8,STOP_LOSS,11,-2.0,-2.18,0.1602573793049885,1.1218016551350107,False,False,False
KOTAKBANK,2026-04-13T09:16:00+05:30,368.95,STOP_LOSS,3,-2.0,-2.18,0.0,1.0698465920287696,False,False,False
KOTAKBANK,2026-04-23T09:16:00+05:30,371.65,TIME_HORIZON,40,4.383836736473041,4.203836736473042,3.04040289787645,0.49494930895662204,True,True,True
KOTAKBANK,2026-04-30T09:16:00+05:30,377.8,TIME_HORIZON,40,2.446327342553165,2.266327342553165,1.9876409658244631,0.7644772945478804,True,True,True
KOTAKBANK,2026-05-04T09:16:00+05:30,367.85,TIME_HORIZON,40,2.2258448364508046,2.0458448364508044,1.1849821431464698,0.7766437019270842,True,True,True
KOTAKBANK,2026-05-26T09:59:00+05:30,388.75,TIME_HORIZON,40,11.562027482347204,11.382027482347205,6.519015495365858,0.3690008770961279,True,True,True
KOTAKBANK,2026-06-17T12:26:00+05:30,405.5,STOP_LOSS,6,-2.0,-2.18,0.21378710587772476,1.0689355293883809,False,False,False
KOTAKBANK,2026-06-29T09:17:00+05:30,403.1,STOP_LOSS,2,-2.0,-2.18,0.1252826091696582,1.4031652227001774,False,False,False
KOTAKBANK,2026-07-06T09:16:00+05:30,387.05,STOP_LOSS,3,-2.0,-2.18,0.08044208196402948,1.528399557316804,False,False,False
LT,2023-07-10T11:16:00+05:30,2438.7,STOP_LOSS,15,-2.0,-2.18,1.4835536700373095,1.265384012678689,True,True,True
LT,2023-07-10T11:58:00+05:30,2428.8,STOP_LOSS,8,-2.0,-2.18,2.1077973286247182,1.0538986643126587,True,True,True
M&M,2023-07-18T12:05:00+05:30,1527.3,TIME_HORIZON,40,1.5908655932326894,1.4108655932326895,3.851569330984336,0.5023786083891701,True,True,True
M&M,2023-07-21T14:22:00+05:30,1527.0,STOP_LOSS,39,-2.0,-2.18,4.740021889280297,1.1634599182778127,True,True,True
MARUTI,2023-07-10T12:32:00+05:30,9788.6,STOP_LOSS,13,-2.0,-2.18,0.5187501669235218,1.1110239795527057,True,True,False
MARUTI,2023-07-12T13:07:00+05:30,9811.0,TIME_HORIZON,40,6.224243522771427,6.044243522771427,3.5994145108659046,0.016379588217879132,True,True,True
MARUTI,2023-07-13T09:54:00+05:30,9752.0,TIME_HORIZON,40,7.546576178614999,7.3665761786149995,4.105650252614404,0.5083186027045931,True,True,True
MARUTI,2023-07-13T14:00:00+05:30,9713.25,STOP_LOSS,1,-2.0,-2.18,0.0,2.0982662475775307,False,False,False
MARUTI,2023-07-17T12:35:00+05:30,9561.05,TIME_HORIZON,40,1.3868665514743888,1.2068665514743888,1.105744953202381,0.006247146628170876,True,True,True
MARUTI,2023-07-19T09:19:00+05:30,9554.95,VWAP_Z_TARGET,33,4.772195317199876,4.592195317199876,2.4553854309004706,0.0,True,True,True
MARUTI,2023-07-28T11:25:00+05:30,9609.7,STOP_LOSS,7,-2.0,-2.18,2.6017750852694856,1.1574436691123846,True,True,True
MARUTI,2023-08-10T10:44:00+05:30,9391.05,STOP_LOSS,16,-2.0,-2.18,0.6775504447453224,1.0636406423095546,True,True,False
MARUTI,2023-08-14T09:24:00+05:30,9269.1,TIME_HORIZON,40,2.5960872654314717,2.4160872654314716,1.4609704886841675,0.32585371193692875,True,True,True
MARUTI,2023-08-22T09:16:00+05:30,9419.8,VWAP_Z_TARGET,10,3.408291843000229,3.2282918430002288,1.8728732404605157,0.7888002161397533,True,True,True
MARUTI,2023-08-23T10:03:00+05:30,9446.75,VWAP_Z_TARGET,15,6.884810401893876,6.704810401893877,3.5088792324135687,0.07122217657131596,True,True,True
MARUTI,2023-08-25T09:16:00+05:30,9510.0,TIME_HORIZON,40,10.234234263552468,10.054234263552468,5.43093282571493,0.032022009585583586,True,True,True
MARUTI,2024-10-29T09:49:00+05:30,11250.55,TIME_HORIZON,40,1.1065314867072367,0.9265314867072367,1.1189771373757063,0.4141007404241518,True,True,True
MARUTI,2024-11-04T09:28:00+05:30,10955.0,TIME_HORIZON,40,0.12276563931510447,-0.05723436068489553,0.8599858305084187,0.30065054526150264,True,True,False
MARUTI,2024-11-08T09:20:00+05:30,11158.75,TIME_HORIZON,40,1.3716780418228625,1.1916780418228625,2.607866906437664,0.794949774238231,True,True,True
MARUTI,2024-11-13T09:16:00+05:30,10940.9,STOP_LOSS,1,-2.0,-2.18,0.5009316162424906,1.701612496859118,True,True,False
MARUTI,2024-11-19T14:45:00+05:30,11047.6,STOP_LOSS,3,-2.0,-2.18,0.7960982992059615,1.447743277991599,True,True,False
MARUTI,2024-12-13T10:23:00+05:30,11045.0,TIME_HORIZON,40,3.8304668813376486,3.6504668813376484,3.4474201932038837,0.72778870745413,True,True,True
MARUTI,2024-12-19T09:16:00+05:30,10876.35,TIME_HORIZON,40,3.1078162481016056,2.9278162481016055,3.675372701318956,0.7729116371449362,True,True,True
MARUTI,2025-01-24T09:16:00+05:30,11955.7,VWAP_Z_TARGET,6,5.952401402461709,5.77240140246171,3.3615947201635064,0.4868134975991323,True,True,True
MARUTI,2025-01-24T10:04:00+05:30,11950.4,TIME_HORIZON,40,8.546360001999824,8.366360001999825,5.926854329993941,0.5631046206488297,True,True,True
MARUTI,2025-01-28T09:27:00+05:30,11906.5,TIME_HORIZON,40,-0.18491351586175558,-0.3649135158617556,1.052045836456109,0.3221977927894937,True,True,True
MARUTI,2025-02-10T09:17:00+05:30,13000.4,STOP_LOSS,1,-2.0,-2.18,0.38024686718801437,1.048319488011314,True,False,False
MARUTI,2025-02-20T09:16:00+05:30,12542.0,STOP_LOSS,10,-2.0,-2.18,0.5168713334764466,1.368534326136521,True,True,False
MARUTI,2025-02-28T09:16:00+05:30,12184.95,STOP_LOSS,10,-2.0,-2.18,0.5465916724713629,1.2888631636874897,True,True,False
MARUTI,2025-03-12T12:48:00+05:30,11530.25,TIME_HORIZON,40,12.992753000953787,12.812753000953787,6.62446279007351,0.6604449307324043,True,True,True
MARUTI,2025-03-13T14:14:00+05:30,11555.65,STOP_LOSS,5,-2.0,-2.18,0.5053551971244935,1.131192428000334,True,True,False
MARUTI,2025-03-19T13:35:00+05:30,11600.0,STOP_LOSS,4,-2.0,-2.18,0.681500931288939,1.4396707173478527,True,True,False
MARUTI,2025-04-04T09:18:00+05:30,11466.75,STOP_LOSS,4,-2.0,-2.18,0.20448147214906803,1.06951304019339,False,False,False
MARUTI,2025-04-07T09:16:00+05:30,11138.05,TIME_HORIZON,40,1.6916353702399762,1.5116353702399763,1.0568942843250413,0.7919150690938566,True,True,True
MARUTI,2025-04-16T09:16:00+05:30,11693.0,STOP_LOSS,4,-2.0,-2.18,0.32477298568587315,1.6238649284293658,True,False,False
MARUTI,2025-04-17T09:22:00+05:30,11555.0,TIME_HORIZON,40,0.9706900457180412,0.7906900457180412,1.2436966210762403,0.9100219178606636,True,True,True
MARUTI,2025-05-27T09:22:00+05:30,12331.0,TIME_HORIZON,40,-0.8591267593304696,-1.0391267593304696,2.6104236148887345,0.5947800641518636,True,True,True
MARUTI,2025-06-05T10:09:00+05:30,12072.0,STOP_LOSS,1,-2.0,-2.18,0.0,2.557426330654448,False,False,False
MARUTI,2025-06-12T13:30:00+05:30,12334.0,STOP_LOSS,4,-2.0,-2.18,0.06671385807732663,1.3342771615465328,False,False,False
MARUTI,2025-06-13T09:16:00+05:30,12232.0,TIME_HORIZON,40,2.370944894130567,2.190944894130567,1.5108962560635966,0.2556901356415317,True,True,True
MARUTI,2025-07-07T09:48:00+05:30,12535.0,STOP_LOSS,20,-2.0,-2.18,2.820538945136884,1.0319044921232503,True,True,True
MARUTI,2025-07-08T10:14:00+05:30,12432.0,STOP_LOSS,2,-2.0,-2.18,0.46880828506920585,1.4064248552076175,True,False,False
MARUTI,2025-07-14T10:34:00+05:30,12511.0,STOP_LOSS,1,-2.0,-2.18,0.24522771144634303,1.2261385572317152,False,False,False
MARUTI,2025-07-24T11:24:00+05:30,12567.0,STOP_LOSS,14,-2.0,-2.18,1.6007439228834874,1.5118137049455158,True,True,True
MARUTI,2025-09-10T12:00:00+05:30,15162.0,TIME_HORIZON,40,3.255018349991187,3.0750183499911867,2.7577238798536445,0.7685459993034747,True,True,True
MARUTI,2025-09-15T11:59:00+05:30,15283.0,STOP_LOSS,1,-2.0,-2.18,0.0,1.5565031982942432,False,False,False
MARUTI,2025-10-14T09:18:00+05:30,16206.0,TIME_HORIZON,40,0.9496428107389978,0.7696428107389979,1.6243890183693384,0.6247650070651302,True,True,True
MARUTI,2025-10-29T14:03:00+05:30,16128.0,STOP_LOSS,1,-2.0,-2.18,0.017801130885467323,1.4596927326083204,False,False,False
MARUTI,2025-11-03T09:17:00+05:30,15748.0,STOP_LOSS,1,-2.0,-2.18,0.4229320817005707,1.0875396386586103,True,False,False
MARUTI,2025-11-07T09:22:00+05:30,15310.0,STOP_LOSS,8,-2.0,-2.18,0.22046983677894902,1.0582552165389552,False,False,False
MARUTI,2025-12-09T09:29:00+05:30,16064.0,STOP_LOSS,3,-2.0,-2.18,0.28142081385128054,1.2280180968055878,True,False,False
MARUTI,2025-12-09T09:59:00+05:30,15999.0,TIME_HORIZON,40,5.978808783829455,5.798808783829455,6.128279003425191,0.6975276914467696,True,True,True
MARUTI,2025-12-18T09:16:00+05:30,16308.0,STOP_LOSS,27,-2.0,-2.18,0.508002117425479,1.016004234850958,True,True,False
MARUTI,2026-01-23T10:57:00+05:30,15646.0,STOP_LOSS,5,-2.0,-2.18,0.6359874673312648,1.5899686683281617,True,True,False
MARUTI,2026-01-28T09:16:00+05:30,14884.0,TIME_HORIZON,40,-0.6176742848072235,-0.7976742848072236,2.8289482244170836,0.4817859421496343,True,True,True
MARUTI,2026-01-28T14:15:00+05:30,14504.0,VWAP_Z_TARGET,5,10.434615177947734,10.254615177947734,5.217307588973867,0.5642421540668033,True,True,True
MARUTI,2026-02-24T10:11:00+05:30,14931.0,STOP_LOSS,39,-2.0,-2.18,3.4261682242990656,1.5813084112149534,True,True,True
MARUTI,2026-02-27T09:19:00+05:30,14987.0,TIME_HORIZON,40,1.3301305569726354,1.1501305569726354,0.7673830136380588,0.8952801825777353,True,True,False
MARUTI,2026-03-04T09:20:00+05:30,13927.0,TIME_HORIZON,40,2.0800535268389044,1.9000535268389045,1.8041280589929272,0.24408791386374898,True,True,True
MARUTI,2026-03-09T09:16:00+05:30,13678.0,STOP_LOSS,1,-2.0,-2.18,0.0,1.2093410441065817,False,False,False
MARUTI,2026-03-19T09:16:00+05:30,12778.0,STOP_LOSS,4,-2.0,-2.18,0.06899979682671012,1.034996952400652,False,False,False
MARUTI,2026-03-23T09:16:00+05:30,12304.0,TIME_HORIZON,40,2.085720487506039,1.905720487506039,3.0653770801225115,0.2212127789779132,True,True,True
MARUTI,2026-03-27T09:16:00+05:30,12512.0,STOP_LOSS,37,-2.0,-2.18,1.9798986266949703,1.1399416335516495,True,True,True
MARUTI,2026-04-09T09:55:00+05:30,13393.0,STOP_LOSS,2,-2.0,-2.18,0.0,1.0189365824683234,False,False,False
MARUTI,2026-04-13T09:16:00+05:30,13308.0,STOP_LOSS,21,-2.0,-2.18,0.4257395667171119,1.0339389477415573,True,False,False
MARUTI,2026-04-28T14:44:00+05:30,12936.0,STOP_LOSS,2,-2.0,-2.18,0.7246132484505806,1.0012837614953478,True,True,False
MARUTI,2026-04-30T09:17:00+05:30,13091.0,STOP_LOSS,6,-2.0,-2.18,0.14416178860189582,1.1372763323038448,False,False,False
MARUTI,2026-05-11T09:16:00+05:30,13456.0,TIME_HORIZON,40,1.5565849167192896,1.3765849167192896,1.3162298928141052,0.263245978562821,True,True,True
MARUTI,2026-05-13T09:42:00+05:30,13051.0,TIME_HORIZON,40,1.8333234910041725,1.6533234910041725,1.6368959741108684,0.7202342286087821,True,True,True
MARUTI,2026-05-18T09:17:00+05:30,13025.0,STOP_LOSS,1,-2.0,-2.18,0.0,1.004748483221069,False,False,False
MARUTI,2026-06-08T09:17:00+05:30,12895.0,STOP_LOSS,4,-2.0,-2.18,0.0,1.2255847038296657,False,False,False
MARUTI,2026-06-18T11:41:00+05:30,13450.0,TIME_HORIZON,40,2.9869072694558345,2.8069072694558344,2.0534987477508864,0.8089540521442885,True,True,True
MARUTI,2026-07-08T09:26:00+05:30,14323.0,TIME_HORIZON,40,-0.5988183036854263,-0.7788183036854264,0.5988183036854263,0.6118360928959791,True,True,False
MARUTI,2026-07-13T09:16:00+05:30,13573.0,TIME_HORIZON,40,1.7742726446872314,1.5942726446872315,1.4194181157497852,0.547067398778563,True,True,True
MARUTI,2026-07-20T09:22:00+05:30,13675.0,STOP_LOSS,12,-2.0,-2.18,0.8461471895735677,1.0153766274882812,True,True,False
MARUTI,2026-08-19T09:16:00+05:30,13660.0,TIME_HORIZON,40,0.9742653983518627,0.7942653983518626,1.0047111920503584,0.9742653983518627,True,True,True
MAXHEALTH,2023-07-04T09:24:00+05:30,601.75,STOP_LOSS,12,-2.0,-2.18,0.24341755958215625,1.4778923260344239,False,False,False
MAXHEALTH,2023-07-04T14:54:00+05:30,595.25,STOP_LOSS,2,-2.0,-2.18,0.25292526319218556,1.7072455265473783,True,False,False
MAXHEALTH,2023-07-14T10:04:00+05:30,606.55,STOP_LOSS,2,-2.0,-2.18,0.2368351204082701,3.3420066990940924,False,False,False
MAXHEALTH,2023-07-31T09:17:00+05:30,597.65,STOP_LOSS,1,-2.0,-2.18,0.22842926996656715,1.0406222298475665,False,False,False
MAXHEALTH,2023-08-01T09:17:00+05:30,578.9,TIME_HORIZON,40,0.30818484754871567,0.12818484754871567,0.8965377383235147,0.0910546140484791,True,True,False
MAXHEALTH,2023-08-09T09:16:00+05:30,551.5,STOP_LOSS,1,-2.0,-2.18,0.0,1.638905229083031,False,False,False
MAXHEALTH,2023-08-10T09:16:00+05:30,543.75,STOP_LOSS,3,-2.0,-2.18,0.8063606422635871,1.2851372736075506,True,True,False
MAXHEALTH,2023-08-10T10:38:00+05:30,538.25,STOP_LOSS,1,-2.0,-2.18,0.0,1.9865521346671184,False,False,False
MAXHEALTH,2023-08-10T15:16:00+05:30,536.8,STOP_LOSS,1,-2.0,-2.18,0.0,3.881875958122784,False,False,False
MAXHEALTH,2023-08-11T10:03:00+05:30,531.95,STOP_LOSS,39,-2.0,-2.18,2.631984801341289,1.21970027379239,True,True,True
MAXHEALTH,2023-08-14T09:16:00+05:30,521.0,STOP_LOSS,5,-2.0,-2.18,0.4633376721578342,1.0193428787472212,True,False,False
MAXHEALTH,2023-08-14T09:36:00+05:30,510.05,TIME_HORIZON,40,7.501192284464774,7.321192284464774,4.371996686507567,0.48824328478765877,True,True,True
MAXHEALTH,2023-08-18T14:54:00+05:30,536.95,STOP_LOSS,7,-2.0,-2.18,3.099285705636148,3.099285705636148,True,True,True
MAXHEALTH,2023-08-24T09:59:00+05:30,575.5,STOP_LOSS,1,-2.0,-2.18,0.0,1.8445831998109656,False,False,False
MAXHEALTH,2023-08-24T14:27:00+05:30,566.55,STOP_LOSS,10,-2.0,-2.18,0.21320581356512783,1.9188523220848577,False,False,False
MAXHEALTH,2023-09-01T11:37:00+05:30,579.0,STOP_LOSS,3,-2.0,-2.18,0.16839891939003943,1.6839891939019258,False,False,False
MAXHEALTH,2023-09-01T12:14:00+05:30,575.65,STOP_LOSS,2,-2.0,-2.18,0.9181440005256,1.180470857818373,True,True,False
MAXHEALTH,2023-09-01T13:03:00+05:30,575.85,STOP_LOSS,3,-2.0,-2.18,3.1296003317420715,1.4444309223428735,True,True,True
MAXHEALTH,2023-09-15T15:02:00+05:30,574.55,STOP_LOSS,1,-2.0,-2.18,0.1693638889671782,1.9597821437629126,False,False,False
MAXHEALTH,2023-09-21T09:16:00+05:30,551.35,STOP_LOSS,1,-2.0,-2.18,0.397927426830824,3.3602760487941943,True,False,False
MAXHEALTH,2023-09-22T09:16:00+05:30,548.0,VWAP_Z_TARGET,9,9.284920130114005,9.104920130114005,4.767931958707192,0.35132130222055274,True,True,True
MAXHEALTH,2023-09-22T09:57:00+05:30,548.85,STOP_LOSS,3,-2.0,-2.18,0.0440294212809923,2.5096770130188633,False,False,False
MAXHEALTH,2023-10-26T09:18:00+05:30,548.05,STOP_LOSS,3,-2.0,-2.18,0.2697731028039254,1.6905781109045952,True,False,False
MAXHEALTH,2026-01-27T10:30:00+05:30,974.7,STOP_LOSS,2,-2.0,-2.18,0.5105658620884904,1.6775735468623958,True,True,False
MAXHEALTH,2026-01-28T10:33:00+05:30,954.3,TIME_HORIZON,40,14.938292867172906,14.758292867172907,9.09703732295778,0.19151657522009846,True,True,True
MAXHEALTH,2026-01-30T09:16:00+05:30,943.0,STOP_LOSS,2,-2.0,-2.18,1.1387606373347707,1.1780282455187376,True,True,True
MAXHEALTH,2026-02-02T09:23:00+05:30,952.05,TIME_HORIZON,40,0.22552252709454418,0.045522527094544185,0.99495232541708,0.24542157360286768,True,True,False
MAXHEALTH,2026-02-02T11:03:00+05:30,941.1,STOP_LOSS,6,-2.0,-2.18,0.6653915962911289,1.25685079299442,True,True,False
MAXHEALTH,2026-03-13T09:45:00+05:30,1005.3,STOP_LOSS,2,-2.0,-2.18,0.2934722350549908,1.4184491360990574,True,False,False
MAXHEALTH,2026-03-13T10:43:00+05:30,993.4,STOP_LOSS,3,-2.0,-2.18,0.8990918102767242,1.0275334974591448,True,True,False
MAXHEALTH,2026-03-16T10:19:00+05:30,976.2,STOP_LOSS,2,-2.0,-2.18,0.0,2.323874053564433,False,False,False
MAXHEALTH,2026-03-19T09:18:00+05:30,963.8,STOP_LOSS,2,-2.0,-2.18,0.0,1.2655233874463936,False,False,False
MAXHEALTH,2026-03-19T11:56:00+05:30,948.2,STOP_LOSS,5,-2.0,-2.18,0.320807795988443,1.3473927431514752,True,False,False
MAXHEALTH,2026-03-23T10:12:00+05:30,944.7,STOP_LOSS,18,-2.0,-2.18,1.2269853863978806,1.2269853863978806,True,True,True
MAXHEALTH,2026-03-27T11:19:00+05:30,972.0,VWAP_Z_TARGET,37,12.922013310794943,12.742013310794944,6.53442718557246,0.8810463620996931,True,True,True
MAXHEALTH,2026-03-30T09:18:00+05:30,955.6,STOP_LOSS,7,-2.0,-2.18,0.12027374424876887,1.0824636982389881,False,False,False
MAXHEALTH,2026-04-02T09:16:00+05:30,940.95,STOP_LOSS,4,-2.0,-2.18,0.3662290686118025,1.1305332118016953,True,False,False
MAXHEALTH,2026-04-06T09:31:00+05:30,927.45,TIME_HORIZON,40,-0.01994641136492032,-0.1999464113649203,1.7752306114754823,0.3590354045680896,True,True,True
MAXHEALTH,2026-04-07T09:16:00+05:30,916.3,STOP_LOSS,1,-2.0,-2.18,0.21156817009467696,1.8390156323611582,False,False,False
MAXHEALTH,2026-04-10T10:04:00+05:30,946.3,STOP_LOSS,2,-2.0,-2.18,0.49664246918676996,4.745694705561939,True,False,False
MAXHEALTH,2026-04-13T09:17:00+05:30,938.75,STOP_LOSS,1,-2.0,-2.18,0.0,1.149915662569494,False,False,False
MAXHEALTH,2026-08-18T09:16:00+05:30,987.1,STOP_LOSS,1,-2.0,-2.18,0.614091580618321,1.4621228109959867,True,True,False
MAXHEALTH,2026-08-19T11:49:00+05:30,1002.2,TIME_HORIZON,40,4.0586051119113264,3.8786051119113263,4.76886100649574,0.20293025559561248,True,True,True
MAXHEALTH,2026-08-19T12:49:00+05:30,1001.8,TIME_HORIZON,40,3.388036350321275,3.208036350321275,4.658549981691673,0.4235045437900791,True,True,True
MAXHEALTH,2026-08-19T14:50:00+05:30,1000.4,STOP_LOSS,3,-2.0,-2.18,0.1870210173433363,1.3091471214030352,False,False,False
MAXHEALTH,2026-08-19T15:12:00+05:30,995.2,STOP_LOSS,6,-2.0,-2.18,4.151318925089382,1.2076564145714737,True,True,True
MAXHEALTH,2026-08-21T10:37:00+05:30,986.9,VWAP_Z_TARGET,17,23.27632427296508,23.09632427296508,13.341307814992074,0.5677152261698446,True,True,True
MAXHEALTH,2026-08-24T14:24:00+05:30,987.4,STOP_LOSS,20,-2.0,-2.18,2.4449485453463247,1.700833770675678,True,True,True
NTPC,2023-07-24T11:59:00+05:30,193.1,VWAP_Z_TARGET,39,15.564777148620019,15.384777148620019,7.987188273634002,0.6143990979718643,True,True,True
NTPC,2026-08-06T10:36:00+05:30,344.55,STOP_LOSS,3,-2.0,-2.18,1.1781760148950102,1.5709013531934959,True,True,True
NTPC,2026-08-17T11:48:00+05:30,336.45,STOP_LOSS,1,-2.0,-2.18,0.0,1.0301293353677945,False,False,False
NTPC,2026-08-19T10:30:00+05:30,334.6,TIME_HORIZON,40,10.17130193769767,9.99130193769767,5.424694366771975,0.8476084948081392,True,True,True
ONGC,2023-07-04T09:37:00+05:30,144.85,TIME_HORIZON,40,1.5023563241150146,1.3223563241150147,1.3702492215403836,0.6851246107701918,True,True,True
ONGC,2024-11-11T13:53:00+05:30,239.1,STOP_LOSS,15,-2.0,-2.18,1.6758236520930645,1.160185605295159,True,True,True
ONGC,2024-11-13T09:17:00+05:30,236.9,STOP_LOSS,12,-2.0,-2.18,3.395309502171015,1.37647682520447,True,True,True
ONGC,2024-11-18T09:36:00+05:30,231.8,STOP_LOSS,6,-2.0,-2.18,0.1360310928212081,1.088248742569742,False,False,False
ONGC,2024-11-21T09:17:00+05:30,232.65,STOP_LOSS,32,-2.0,-2.18,1.7422984924708753,1.178613686083253,True,True,True
ONGC,2024-11-26T10:00:00+05:30,243.2,TIME_HORIZON,40,2.6516128705909896,2.4716128705909894,2.6516128705909896,0.39774193058858814,True,True,True
ONGC,2024-11-26T11:58:00+05:30,242.6,STOP_LOSS,1,-2.0,-2.18,0.0,1.101561052806612,False,False,False
ONGC,2024-11-26T13:04:00+05:30,241.9,STOP_LOSS,6,-2.0,-2.18,0.2660417034040487,1.862291923828946,True,False,False
ONGC,2024-11-27T09:22:00+05:30,240.2,TIME_HORIZON,40,1.5076357342416566,1.3276357342416567,1.275691775127571,0.05798598977850498,True,True,True
ONGC,2024-11-27T11:20:00+05:30,239.05,TIME_HORIZON,40,3.376843761650824,3.1968437616508236,2.870317197403181,0.3376843761651592,True,True,True
ONGC,2024-12-04T12:05:00+05:30,248.95,TIME_HORIZON,40,0.9454977597772793,0.7654977597772794,1.3507110853960256,0.6078199884281962,True,True,True
ONGC,2024-12-04T14:26:00+05:30,248.65,STOP_LOSS,3,-2.0,-2.18,0.0,1.1235732472572313,False,False,False
ONGC,2024-12-05T11:26:00+05:30,245.45,STOP_LOSS,5,-2.0,-2.18,0.5566381584340987,1.113276316867881,True,True,False
ONGC,2024-12-09T10:02:00+05:30,246.7,STOP_LOSS,3,-2.0,-2.18,0.0,1.5246237678477574,False,False,False
ONGC,2024-12-10T09:16:00+05:30,245.2,STOP_LOSS,1,-2.0,-2.18,0.7142604592558843,1.2244465015814248,True,True,False
ONGC,2024-12-12T11:36:00+05:30,243.5,STOP_LOSS,32,-2.0,-2.18,1.1695041445376488,1.4034049734452319,True,True,True
ONGC,2024-12-13T10:23:00+05:30,238.25,STOP_LOSS,11,-2.0,-2.18,1.3612273361227543,1.0209205020920897,True,True,True
ONGC,2024-12-17T09:36:00+05:30,238.9,STOP_LOSS,14,-2.0,-2.18,0.9672511035479938,1.3541515449671695,True,True,False
ONGC,2024-12-17T10:05:00+05:30,238.1,STOP_LOSS,3,-2.0,-2.18,0.47931061585836876,1.6775871555043587,True,False,False
ONGC,2024-12-17T10:23:00+05:30,237.05,TIME_HORIZON,40,10.236720606932758,10.056720606932759,6.514276749866229,0.6979582231999909,True,True,True
ONGC,2024-12-17T15:25:00+05:30,235.6,STOP_LOSS,1,-2.0,-2.18,0.0,1.6414345091858227,False,False,False
ONGC,2024-12-19T09:16:00+05:30,229.8,STOP_LOSS,2,-2.0,-2.18,1.9816566459060783,1.3719161394734656,True,True,True
ONGC,2024-12-20T15:02:00+05:30,227.2,STOP_LOSS,1,-2.0,-2.18,0.2014173502080378,1.3092127763519021,False,False,False
ONGC,2024-12-27T10:58:00+05:30,228.25,STOP_LOSS,1,-2.0,-2.18,0.0,1.451492578860155,False,False,False
ONGC,2024-12-27T13:00:00+05:30,226.6,STOP_LOSS,3,-2.0,-2.18,0.0,1.147084278286926,False,False,False
ONGC,2024-12-30T09:19:00+05:30,224.15,TIME_HORIZON,40,1.0264645890022077,0.8464645890022078,1.4113888098780083,0.8981565153769409,True,True,True
ONGC,2024-12-30T15:13:00+05:30,221.35,STOP_LOSS,4,-2.0,-2.18,0.13566130264421675,1.0174597698316834,False,False,False
ONGC,2025-01-09T13:31:00+05:30,250.4,STOP_LOSS,2,-2.0,-2.18,0.8936664266360222,1.0053747299655489,True,True,False
ONGC,2025-01-09T14:01:00+05:30,250.3,STOP_LOSS,7,-2.0,-2.18,1.9241285236853403,1.0689602909363272,True,True,True
ONGC,2025-01-13T10:46:00+05:30,247.55,STOP_LOSS,4,-2.0,-2.18,0.8930577349236968,1.6372725140269044,True,True,False
ONGC,2025-01-13T13:51:00+05:30,244.25,STOP_LOSS,1,-2.0,-2.18,0.0,1.3918820235650284,False,False,False
ONGC,2025-01-23T09:19:00+05:30,249.9,STOP_LOSS,14,-2.0,-2.18,2.0512359319595674,1.1395755177553082,True,True,True
ONGC,2025-01-24T09:45:00+05:30,248.9,STOP_LOSS,5,-2.0,-2.18,0.6605803793214059,1.3211607586428744,True,True,False
ONGC,2025-01-24T10:22:00+05:30,246.6,TIME_HORIZON,40,12.214226900082421,12.034226900082421,6.565146958794319,0.0,True,True,True
ONGC,2025-01-24T14:40:00+05:30,245.0,STOP_LOSS,3,-2.0,-2.18,0.2956132653951191,1.1824530615805604,True,False,False
ONGC,2025-01-27T14:50:00+05:30,238.45,STOP_LOSS,11,-2.0,-2.18,1.2196771903768282,1.5681563876272089,True,True,True
ONGC,2025-01-29T11:24:00+05:30,235.8,TIME_HORIZON,40,11.461965708766172,11.281965708766172,7.24800772760211,0.8427915962328124,True,True,True
ONGC,2025-02-01T09:16:00+05:30,244.6,VWAP_Z_TARGET,15,3.4587901719688463,3.278790171968846,1.7293950859844232,0.13946734564390534,True,True,True
ONGC,2025-02-01T12:36:00+05:30,243.5,STOP_LOSS,21,-2.0,-2.18,3.1537036205087268,1.2228646691768443,True,True,True
ONGC,2025-02-03T09:16:00+05:30,241.95,STOP_LOSS,1,-2.0,-2.18,0.41631181513657345,1.1299892125134696,True,False,False
ONGC,2025-02-03T09:39:00+05:30,234.1,TIME_HORIZON,40,1.9463276147502835,1.7663276147502835,2.2243744168574477,0.5560936042143554,True,True,True
ONGC,2025-02-06T11:52:00+05:30,245.75,STOP_LOSS,3,-2.0,-2.18,0.0,1.4083613288540728,False,False,False
ONGC,2025-02-07T09:16:00+05:30,238.75,STOP_LOSS,5,-2.0,-2.18,0.5041175044022013,1.0082350088044025,True,True,False
ONGC,2025-02-10T09:18:00+05:30,235.3,STOP_LOSS,2,-2.0,-2.18,0.0,1.4087768664710871,False,False,False
ONGC,2025-02-10T09:41:00+05:30,232.65,STOP_LOSS,3,-2.0,-2.18,0.2701832351141383,1.08073294045663,True,False,False
ONGC,2025-02-11T09:25:00+05:30,228.85,TIME_HORIZON,40,-0.7708301943648833,-0.9508301943648834,2.184018884033982,0.7065943448344947,True,True,True
ONGC,2025-02-11T13:11:00+05:30,227.55,STOP_LOSS,1,-2.0,-2.18,0.22723542145818446,1.3634125287496235,False,False,False
ONGC,2025-02-13T14:13:00+05:30,224.4,STOP_LOSS,14,-2.0,-2.18,0.6173178194060056,1.0803061839605537,True,True,False
ONGC,2025-02-14T10:50:00+05:30,220.0,STOP_LOSS,10,-2.0,-2.18,0.3052227431459759,1.8313364588759422,True,False,False
ONGC,2025-02-17T09:16:00+05:30,214.85,VWAP_Z_TARGET,5,10.790015313032626,10.610015313032626,5.395007656516313,0.2997226475842396,True,True,True
ONGC,2025-02-21T10:12:00+05:30,228.25,STOP_LOSS,1,-2.0,-2.18,0.0,1.3756335639048778,False,False,False
ONGC,2025-02-24T09:16:00+05:30,224.25,TIME_HORIZON,40,1.7453862539598408,1.5653862539598409,3.85439464416136,0.7272442724832738,True,True,True
ONGC,2025-02-25T15:00:00+05:30,222.25,STOP_LOSS,19,-2.0,-2.18,1.8346597154745146,1.3104712253389603,True,True,True
ONGC,2025-02-28T09:21:00+05:30,216.1,TIME_HORIZON,40,0.6138070263515131,0.4338070263515131,2.199475177759511,0.10230117105857582,True,True,True
ONGC,2025-02-28T11:45:00+05:30,215.5,STOP_LOSS,4,-2.0,-2.18,0.2436186935637303,1.461712161382105,False,False,False
ONGC,2025-02-28T12:45:00+05:30,213.5,STOP_LOSS,4,-2.0,-2.18,1.667219894173394,1.4290456235772722,True,True,True
ONGC,2025-03-04T09:17:00+05:30,207.5,VWAP_Z_TARGET,12,4.289719217681808,4.109719217681809,2.299909701046262,0.2842585023765109,True,True,True
ONGC,2025-03-10T12:00:00+05:30,218.8,STOP_LOSS,2,-2.0,-2.18,0.19703725532743055,1.5762980426200044,False,False,False
ONGC,2025-03-10T13:41:00+05:30,214.85,STOP_LOSS,6,-2.0,-2.18,1.5419034030949934,1.5419034030949934,True,True,True
ONGC,2025-03-20T09:46:00+05:30,221.35,VWAP_Z_TARGET,13,9.23531855670232,9.05531855670232,4.61765927835116,0.40153558942181516,True,True,True
ONGC,2025-03-25T11:30:00+05:30,229.85,STOP_LOSS,20,-2.0,-2.18,2.40746024565925,1.6667032469948089,True,True,True
ONGC,2025-04-03T09:16:00+05:30,236.7,STOP_LOSS,1,-2.0,-2.18,0.0,1.6045136045135544,False,False,False
ONGC,2025-04-04T09:16:00+05:30,224.15,STOP_LOSS,2,-2.0,-2.18,0.23670105647984674,1.2426805465191744,False,False,False
ONGC,2025-04-07T09:16:00+05:30,200.55,TIME_HORIZON,40,0.3871880965430689,0.2071880965430689,0.6263336855843804,0.29608501500352785,True,True,False
ONGC,2025-05-02T09:17:00+05:30,229.0,VWAP_Z_TARGET,24,5.882042793207083,5.702042793207084,2.9830359879836017,0.8823064189810721,True,True,True
ONGC,2025-05-05T09:16:00+05:30,224.5,TIME_HORIZON,40,6.355066934047933,6.175066934047933,4.017571050260193,0.6208973441311166,True,True,True
ONGC,2025-05-08T10:56:00+05:30,224.95,STOP_LOSS,6,-2.0,-2.18,0.5534616681234233,1.3836541703082437,True,True,False
ONGC,2025-05-08T11:32:00+05:30,224.3,STOP_LOSS,31,-2.0,-2.18,3.895854755290777,2.856960153879962,True,True,True
ONGC,2025-05-09T09:16:00+05:30,220.05,STOP_LOSS,1,-2.0,-2.18,0.0,1.1363170580715922,False,False,False
ONGC,2025-05-22T13:45:00+05:30,230.7,STOP_LOSS,5,-2.0,-2.18,0.726918305865661,1.0176856282119089,True,True,False
ONGC,2025-05-28T12:02:00+05:30,231.1,TIME_HORIZON,40,2.715151515151429,2.535151515151429,2.327272727272669,0.5818181818181949,True,True,True
ONGC,2025-05-28T13:31:00+05:30,230.65,STOP_LOSS,15,-2.0,-2.18,0.9108960624112906,1.2145280832151117,True,True,False
ONGC,2025-05-30T10:22:00+05:30,230.05,STOP_LOSS,2,-2.0,-2.18,0.0,2.042423846254504,False,False,False
ONGC,2025-05-30T12:37:00+05:30,229.5,STOP_LOSS,2,-2.0,-2.18,0.0,1.259146341463406,False,False,False
ONGC,2025-06-04T10:23:00+05:30,225.0,STOP_LOSS,30,-2.0,-2.18,2.227619555248263,1.670714666436237,True,True,True
ONGC,2025-06-05T13:32:00+05:30,225.9,STOP_LOSS,23,-2.0,-2.18,0.774583001398242,1.0844162019575212,True,True,False
ONGC,2025-06-17T12:54:00+05:30,240.4,STOP_LOSS,1,-2.0,-2.18,0.9410059341355625,1.17625741766952,True,True,False
ONGC,2025-06-18T14:29:00+05:30,238.4,TIME_HORIZON,40,11.033975659792617,10.853975659792617,6.166045221648782,0.9735860876288036,True,True,True
ONGC,2025-06-19T09:18:00+05:30,237.45,TIME_HORIZON,40,2.454274567265149,2.2742745672651488,2.454274567265149,0.6607662296482928,True,True,True
ONGC,2025-06-24T09:16:00+05:30,235.25,STOP_LOSS,3,-2.0,-2.18,0.3753932178099737,1.0725520508856565,True,False,False
ONGC,2025-06-25T14:44:00+05:30,231.1,STOP_LOSS,19,-2.0,-2.18,1.7290385237941164,1.4408654364950424,True,True,True
ONGC,2025-07-01T10:16:00+05:30,231.7,STOP_LOSS,8,-2.0,-2.18,1.2296697233242861,2.2134055019836594,True,True,True
ONGC,2025-07-01T10:54:00+05:30,230.2,TIME_HORIZON,40,4.8966054408266,4.7166054408266005,3.578288591373318,0.1883309784932649,True,True,True
ONGC,2025-07-02T11:42:00+05:30,230.75,STOP_LOSS,19,-2.0,-2.18,0.6294316071996158,2.098105357331973,True,True,False
ONGC,2025-07-02T13:28:00+05:30,229.25,STOP_LOSS,3,-2.0,-2.18,0.2707005084661489,1.0828020338642879,True,False,False
ONGC,2025-07-07T11:27:00+05:30,232.45,STOP_LOSS,1,-2.0,-2.18,0.0,1.1072015091359366,False,False,False
ONGC,2025-07-07T11:49:00+05:30,231.75,STOP_LOSS,27,-2.0,-2.18,2.128552393453152,1.7028419147624247,True,True,True
ONGC,2025-07-10T13:48:00+05:30,231.35,TIME_HORIZON,40,2.431095915927074,2.251095915927074,3.4035342822979873,0.48621918318538726,True,True,True
ONGC,2025-07-11T09:17:00+05:30,231.05,STOP_LOSS,21,-2.0,-2.18,1.6893503380429435,1.6893503380430308,True,True,True
ONGC,2025-07-11T11:10:00+05:30,229.65,TIME_HORIZON,40,17.649167052077797,17.469167052077797,10.589500231246676,0.0,True,True,True
ONGC,2025-07-16T09:48:00+05:30,231.1,TIME_HORIZON,40,4.713082249041128,4.533082249041128,3.4038927354184936,0.2618379027244079,True,True,True
ONGC,2025-07-22T09:33:00+05:30,233.1,STOP_LOSS,2,-2.0,-2.18,0.0,1.0120474942122768,False,False,False
ONGC,2025-07-22T11:16:00+05:30,233.35,VWAP_Z_TARGET,17,3.9700858359079807,3.7900858359079805,2.31588340427953,0.6616809726512675,True,True,True
ONGC,2025-07-23T12:55:00+05:30,233.1,TIME_HORIZON,40,2.965703402255447,2.785703402255447,2.3301955303436515,0.0,True,True,True
ONGC,2025-07-25T09:45:00+05:30,232.25,STOP_LOSS,1,-2.0,-2.18,0.2892371144903737,1.4461855724515398,True,False,False
ONGC,2025-07-25T10:17:00+05:30,230.85,STOP_LOSS,3,-2.0,-2.18,0.4435899076547742,1.1089747691369987,True,False,False
ONGC,2025-07-30T09:55:00+05:30,229.1,TIME_HORIZON,40,7.681597319459166,7.501597319459166,3.840798659729583,0.7201497486993139,True,True,True
ONGC,2025-07-31T10:13:00+05:30,228.7,TIME_HORIZON,40,14.426069086994557,14.246069086994558,8.600156571092898,0.8322732165572448,True,True,True
ONGC,2025-08-06T12:14:00+05:30,222.4,STOP_LOSS,2,-2.0,-2.18,0.35473018436267645,1.0641905530884326,True,False,False
ONGC,2025-08-07T10:31:00+05:30,221.65,STOP_LOSS,1,-2.0,-2.18,0.0,1.3162919217298035,False,False,False
ONGC,2025-08-07T13:35:00+05:30,221.1,STOP_LOSS,16,-2.0,-2.18,3.62260607021699,3.0188383918475203,True,True,True
ONGC,2025-08-08T15:19:00+05:30,222.0,VWAP_Z_TARGET,14,10.252025352253574,10.072025352253574,5.126012676126787,0.24409584172037604,True,True,True
ONGC,2025-08-11T11:42:00+05:30,221.15,STOP_LOSS,4,-2.0,-2.18,0.7903410078078991,1.5806820156157981,True,True,False
ONGC,2025-10-13T09:16:00+05:30,232.35,STOP_LOSS,1,-2.0,-2.18,0.20166606535234427,2.1174936861997007,False,False,False
ONGC,2025-11-04T09:19:00+05:30,244.0,STOP_LOSS,8,-2.0,-2.18,1.1391012754177323,1.3143476254819872,True,True,True
ONGC,2025-11-04T10:44:00+05:30,243.7,STOP_LOSS,14,-2.0,-2.18,1.7469531859999563,1.3587413668887813,True,True,True
ONGC,2025-11-11T10:33:00+05:30,236.2,STOP_LOSS,1,-2.0,-2.18,0.17589150488782457,1.0553490293266474,False,False,False
ONGC,2025-11-24T09:18:00+05:30,239.7,TIME_HORIZON,40,2.5720138684734533,2.392013868473453,1.671809014507759,0.12860069342366534,True,True,True
ONGC,2025-11-27T10:20:00+05:30,239.1,STOP_LOSS,6,-2.0,-2.18,0.24929931918730616,1.4957959151234117,False,False,False
ONGC,2025-12-10T14:30:00+05:30,233.1,TIME_HORIZON,40,7.649587845482028,7.469587845482028,6.37465653790175,0.0,True,True,True
ONGC,2025-12-15T09:17:00+05:30,229.65,STOP_LOSS,3,-2.0,-2.18,0.4073872347292744,1.7653446838269158,True,False,False
ONGC,2026-01-05T09:40:00+05:30,233.3,STOP_LOSS,8,-2.0,-2.18,0.6719559043659674,1.306580925156081,True,True,False
ONGC,2026-01-20T11:10:00+05:30,236.05,STOP_LOSS,4,-2.0,-2.18,0.20981627486804114,1.4687139240768843,False,False,False
ONGC,2026-02-01T12:31:00+05:30,254.0,STOP_LOSS,1,-2.0,-2.18,0.21426891091147737,3.1711798814898553,False,False,False
ONGC,2026-02-06T09:20:00+05:30,260.2,STOP_LOSS,14,-2.0,-2.18,0.3071144508649068,1.2898806936326226,True,False,False
ONGC,2026-02-13T09:16:00+05:30,263.4,STOP_LOSS,4,-2.0,-2.18,0.7623808970840891,1.327107487516706,True,True,False
ONGC,2026-03-04T12:49:00+05:30,277.9,STOP_LOSS,1,-2.0,-2.18,0.0,1.534571966133593,False,False,False
ONGC,2026-03-12T11:47:00+05:30,269.35,STOP_LOSS,2,-2.0,-2.18,0.2636333719144472,1.7136169174445812,True,False,False
ONGC,2026-04-06T10:53:00+05:30,282.5,STOP_LOSS,10,-2.0,-2.18,0.6432120034635349,1.1577816062343336,True,True,False
ONGC,2026-04-08T09:16:00+05:30,277.2,STOP_LOSS,4,-2.0,-2.18,0.5533047421695957,1.042766629473455,True,True,False
ONGC,2026-05-05T10:03:00+05:30,290.1,STOP_LOSS,16,-2.0,-2.18,1.14138013127915,2.054484236302548,True,True,True
ONGC,2026-05-18T09:17:00+05:30,296.25,STOP_LOSS,3,-2.0,-2.18,0.14964563835557224,1.1472832273928717,False,False,False
ONGC,2026-05-27T09:16:00+05:30,279.0,STOP_LOSS,1,-2.0,-2.18,0.05707308878025398,1.3412175863356766,False,False,False
ONGC,2026-05-27T15:26:00+05:30,272.9,STOP_LOSS,5,-2.0,-2.18,6.0800639128520055,7.817225030809548,True,True,True
ONGC,2026-05-29T15:28:00+05:30,262.0,VWAP_Z_TARGET,3,12.160831905244784,11.980831905244784,9.230510964222011,0.0,True,True,True
ONGC,2026-06-02T09:16:00+05:30,262.65,STOP_LOSS,3,-2.0,-2.18,1.138564479899193,1.138564479899031,True,True,True
ONGC,2026-06-04T12:56:00+05:30,266.3,STOP_LOSS,2,-2.0,-2.18,0.16156178787393716,1.2924943029913136,False,False,False
ONGC,2026-06-05T10:28:00+05:30,265.55,STOP_LOSS,10,-2.0,-2.18,0.8845766434872365,1.5480091261028526,True,True,False
ONGC,2026-06-05T10:58:00+05:30,265.0,TIME_HORIZON,40,4.5030633351424605,4.323063335142461,4.5030633351424605,0.0,True,True,True
ONGC,2026-06-05T12:43:00+05:30,265.0,STOP_LOSS,1,-2.0,-2.18,0.546537621297699,3.825763349083272,True,True,False
ONGC,2026-06-08T09:17:00+05:30,263.4,STOP_LOSS,4,-2.0,-2.18,0.9027752008939,1.0532377343761596,True,True,False
ONGC,2026-06-09T09:31:00+05:30,262.35,TIME_HORIZON,40,1.8941255304890496,1.7141255304890497,1.8941255304891393,0.7892189710371489,True,True,True
ONGC,2026-06-09T13:35:00+05:30,260.1,STOP_LOSS,4,-2.0,-2.18,0.9560046974472818,1.6730082205329468,True,True,False
ONGC,2026-06-10T12:34:00+05:30,256.6,STOP_LOSS,1,-2.0,-2.18,0.34294791405393776,2.5149513697293098,True,False,False
ONGC,2026-06-10T13:40:00+05:30,253.85,STOP_LOSS,5,-2.0,-2.18,0.39311241065629354,1.3103747021875953,True,False,False
ONGC,2026-06-11T13:15:00+05:30,251.25,TIME_HORIZON,40,0.6910834674455085,0.5110834674455085,2.24602126919805,0.5183126005841805,True,True,True
ONGC,2026-06-12T09:16:00+05:30,248.75,STOP_LOSS,8,-2.0,-2.18,0.9390394525065923,1.7123660604532216,True,True,False
ONGC,2026-06-12T10:49:00+05:30,246.1,STOP_LOSS,1,-2.0,-2.18,0.499660599889747,1.498981799669099,True,False,False
ONGC,2026-06-15T10:33:00+05:30,243.15,STOP_LOSS,10,-2.0,-2.18,1.43238873081744,1.2277617692721579,True,True,True
ONGC,2026-06-23T10:52:00+05:30,243.7,VWAP_Z_TARGET,38,15.642405971863827,15.462405971863827,8.0734998564459,0.7568906115416777,True,True,True
ONGC,2026-06-23T15:02:00+05:30,244.15,STOP_LOSS,29,-2.0,-2.18,2.2602164511237492,1.6144403222312755,True,True,True
ONGC,2026-06-24T14:56:00+05:30,240.6,STOP_LOSS,5,-2.0,-2.18,0.4423048518849351,2.8749815372522667,True,False,False
ONGC,2026-06-25T10:26:00+05:30,236.35,STOP_LOSS,1,-2.0,-2.18,0.0,1.3323685271586063,False,False,False
ONGC,2026-06-29T13:12:00+05:30,232.35,STOP_LOSS,5,-2.0,-2.18,1.3256569722364484,1.5742176545307414,True,True,True
ONGC,2026-06-30T10:02:00+05:30,229.9,STOP_LOSS,6,-2.0,-2.18,2.3973185931054704,3.1729216673454963,True,True,True
ONGC,2026-07-02T09:16:00+05:30,232.44,VWAP_Z_TARGET,22,5.834761708426859,5.654761708426859,2.9173808542134294,0.0,True,True,True
ONGC,2026-07-08T12:12:00+05:30,241.92,STOP_LOSS,4,-2.0,-2.18,0.3398128719160191,1.0194386157478965,True,False,False
ONGC,2026-07-09T15:05:00+05:30,243.25,STOP_LOSS,2,-2.0,-2.18,0.45839326692764853,1.0886840089529821,True,False,False
ONGC,2026-07-15T12:36:00+05:30,246.76,STOP_LOSS,21,-2.0,-2.18,3.8364622208980803,2.0754631686824214,True,True,True
ONGC,2026-07-20T15:26:00+05:30,249.04,VWAP_Z_TARGET,6,20.623353669201954,20.443353669201954,11.149173430304593,0.1570306116944372,True,True,True
ONGC,2026-07-27T09:16:00+05:30,247.2,STOP_LOSS,1,-2.0,-2.18,0.0,1.9113981371762874,False,False,False
ONGC,2026-07-28T09:17:00+05:30,237.0,TIME_HORIZON,40,2.414951215715446,2.2349512157154456,3.100275209364395,0.0,True,True,True
ONGC,2026-07-31T09:17:00+05:30,239.95,STOP_LOSS,1,-2.0,-2.18,0.0,1.0204548339063826,False,False,False
ONGC,2026-08-03T12:28:00+05:30,240.88,STOP_LOSS,5,-2.0,-2.18,0.5686583242888329,1.232093035959048,True,True,False
ONGC,2026-08-03T15:00:00+05:30,240.21,STOP_LOSS,7,-2.0,-2.18,2.67874694789346,1.0302872876514058,True,True,True
ONGC,2026-08-05T11:25:00+05:30,239.76,STOP_LOSS,11,-2.0,-2.18,0.49812807105016554,2.490640355250828,True,False,False
ONGC,2026-08-05T14:53:00+05:30,239.35,STOP_LOSS,23,-2.0,-2.18,9.474282061407061,5.31484115639908,True,True,True
ONGC,2026-08-06T10:05:00+05:30,237.46,STOP_LOSS,6,-2.0,-2.18,0.5696607586266395,1.0793572268715812,True,True,False
ONGC,2026-08-12T10:08:00+05:30,239.29,STOP_LOSS,2,-2.0,-2.18,0.33843036797339493,1.26911387989963,True,False,False
ONGC,2026-08-12T10:47:00+05:30,239.01,STOP_LOSS,4,-2.0,-2.18,0.0,3.497301719661548,False,False,False
ONGC,2026-08-13T10:42:00+05:30,238.66,TIME_HORIZON,40,1.860183834049885,1.6801838340498851,2.5577527718186333,0.9300919170249425,True,True,True
ONGC,2026-08-14T10:18:00+05:30,237.84,STOP_LOSS,1,-2.0,-2.18,0.0,1.0195620920897892,False,False,False
ONGC,2026-08-19T12:20:00+05:30,238.59,TIME_HORIZON,40,0.15398355881066952,-0.02601644118933047,1.6553232572138767,0.9239013528635794,True,True,True
ONGC,2026-08-20T09:23:00+05:30,236.09,STOP_LOSS,5,-2.0,-2.18,0.07745890629406167,1.4827847776293288,False,False,False
ONGC,2026-08-24T13:07:00+05:30,236.2,STOP_LOSS,10,-2.0,-2.18,0.6172251476690498,1.049282751037069,True,True,False
RELIANCE,2023-07-05T14:37:00+05:30,1230.7,STOP_LOSS,1,-2.0,-2.18,0.6047941185554705,1.2095882371113995,True,True,False
RELIANCE,2023-08-28T14:13:00+05:30,1229.85,VWAP_Z_TARGET,1,2.8037590499926752,2.623759049992675,1.457399506184259,0.05551998118792127,True,True,True
RELIANCE,2023-08-28T15:08:00+05:30,1228.0,STOP_LOSS,1,-2.0,-2.18,0.5905557847690629,1.1072920964420558,True,True,False
RELIANCE,2023-08-31T14:49:00+05:30,1201.7,VWAP_Z_TARGET,12,8.38318006609004,8.20318006609004,4.229014944054317,0.1871245550466557,True,True,True
RELIANCE,2023-09-07T12:23:00+05:30,1208.4,STOP_LOSS,1,-2.0,-2.18,0.09983943949778823,5.790687490877166,False,False,False
RELIANCE,2023-09-18T15:13:00+05:30,1218.4,STOP_LOSS,2,-2.0,-2.18,0.21731603554745035,1.5212122488336348,False,False,False
RELIANCE,2023-09-20T09:16:00+05:30,1209.5,STOP_LOSS,12,-2.0,-2.18,1.568064093495635,16.726016997286774,True,True,True
RELIANCE,2023-10-04T09:16:00+05:30,1153.0,STOP_LOSS,3,-2.0,-2.18,0.3248498868140338,1.1044896151677446,True,False,False
RELIANCE,2023-10-09T09:16:00+05:30,1150.55,STOP_LOSS,7,-2.0,-2.18,1.2318235277910219,1.0055702267681623,True,True,True
RELIANCE,2023-10-13T09:33:00+05:30,1167.0,STOP_LOSS,21,-2.0,-2.18,2.582459942892636,1.1738454285875617,True,True,True
RELIANCE,2023-10-20T09:16:00+05:30,1149.3,VWAP_Z_TARGET,8,12.919514059541283,12.739514059541284,6.517953039048067,0.0,True,True,True
RELIANCE,2023-10-23T13:41:00+05:30,1142.3,STOP_LOSS,1,-2.0,-2.18,0.1670106510394777,3.173202369749317,False,False,False
RELIANCE,2023-11-09T09:21:00+05:30,1162.8,STOP_LOSS,25,-2.0,-2.18,0.9978660022972523,1.4833143277390495,True,True,False
SBILIFE,2023-07-04T13:57:00+05:30,1284.55,TIME_HORIZON,40,5.744408503998999,5.564408503998999,3.109358731522416,0.8959169226420622,True,True,True
SBILIFE,2023-07-21T14:07:00+05:30,1302.8,STOP_LOSS,33,-2.0,-2.18,3.296859517459237,1.6678230500086846,True,True,True
SBILIFE,2023-07-26T09:17:00+05:30,1286.2,STOP_LOSS,12,-2.0,-2.18,1.3879315424463297,1.1457421457778525,True,True,True
SBILIFE,2023-07-28T09:19:00+05:30,1285.1,VWAP_Z_TARGET,39,5.566531190163564,5.386531190163565,2.884017290831313,0.9571411096208572,True,True,True
SBILIFE,2023-07-28T11:02:00+05:30,1286.15,TIME_HORIZON,40,0.9551180201099072,0.7751180201099073,2.2872563113162454,0.8797139658908725,True,True,True
SBILIFE,2023-08-31T15:07:00+05:30,1293.6,STOP_LOSS,2,-2.0,-2.18,0.05181278548375469,1.088068495154843,False,False,False
SBILIFE,2023-09-04T10:11:00+05:30,1311.85,STOP_LOSS,2,-2.0,-2.18,0.0,1.0282082399995833,False,False,False
SBILIFE,2023-09-12T09:56:00+05:30,1337.35,STOP_LOSS,35,-2.0,-2.18,1.2246094264161318,1.079316782603994,True,True,True
SBILIFE,2023-09-22T09:54:00+05:30,1324.35,STOP_LOSS,2,-2.0,-2.18,1.2437692270135317,1.5075990630466218,True,True,True
SBILIFE,2023-09-25T09:29:00+05:30,1303.8,STOP_LOSS,22,-2.0,-2.18,0.07984703545526428,1.1424268149751542,False,False,False
SBILIFE,2023-10-04T12:23:00+05:30,1271.0,TIME_HORIZON,40,-0.7825608037212864,-0.9625608037212865,1.519088618988521,0.8285937921755475,True,True,True
SBILIFE,2023-12-21T09:17:00+05:30,1392.9,STOP_LOSS,1,-2.0,-2.18,0.07172064945491786,1.0578795794604157,False,False,False
SBILIFE,2023-12-21T10:05:00+05:30,1384.25,STOP_LOSS,1,-2.0,-2.18,0.10515231975014931,1.6035728761893886,False,False,False
SBILIFE,2023-12-22T13:50:00+05:30,1389.1,TIME_HORIZON,40,1.5253588623389915,1.3453588623389916,3.2766968153946427,0.05649477267916482,True,True,True
SBILIFE,2024-01-03T14:23:00+05:30,1426.0,STOP_LOSS,10,-2.0,-2.18,1.1829442529688659,1.284339474651973,True,True,True
SBILIFE,2024-01-11T14:14:00+05:30,1427.05,TIME_HORIZON,40,7.040219856171226,6.860219856171226,4.832693291100458,0.6562916815074228,True,True,True
SBILIFE,2024-01-16T09:18:00+05:30,1422.2,VWAP_Z_TARGET,33,5.40898189817414,5.2289818981741405,2.886000408757342,0.07260378386812533,True,True,True
SBILIFE,2024-01-16T10:06:00+05:30,1419.2,TIME_HORIZON,40,0.7634611110760149,0.5834611110760148,2.481248610997211,0.5010213541436416,True,True,True
SBILIFE,2024-01-17T09:16:00+05:30,1393.05,TIME_HORIZON,40,2.30410191377248,2.12410191377248,3.3659923609893534,0.550980892423854,True,True,True
SBILIFE,2024-01-23T10:39:00+05:30,1426.2,STOP_LOSS,1,-2.0,-2.18,0.0,1.8284576542903912,False,False,False
SBILIFE,2024-01-23T10:59:00+05:30,1415.3,STOP_LOSS,3,-2.0,-2.18,1.0062921181137436,1.3225553552351799,True,True,True
SBILIFE,2024-01-23T11:42:00+05:30,1402.0,STOP_LOSS,2,-2.0,-2.18,0.6669491140557875,1.4854775722153135,True,True,False
SBILIFE,2024-01-23T12:10:00+05:30,1400.0,STOP_LOSS,4,-2.0,-2.18,0.42551029106091814,1.1513807875767024,True,False,False
SBILIFE,2024-02-05T14:04:00+05:30,1418.35,STOP_LOSS,1,-2.0,-2.18,0.7936939796551223,1.1758429328222846,True,True,False
SBILIFE,2024-02-14T13:32:00+05:30,1441.3,STOP_LOSS,21,-2.0,-2.18,1.1617927407775739,1.2751383740241946,True,True,True
SBILIFE,2024-03-05T12:07:00+05:30,1495.85,STOP_LOSS,11,-2.0,-2.18,1.8567956479992345,1.9069793141610982,True,True,True
SBILIFE,2024-03-13T10:08:00+05:30,1508.0,TIME_HORIZON,40,3.1259058593327596,2.9459058593327594,2.7529284556623166,0.7459548073407244,True,True,True
SBILIFE,2024-03-13T11:58:00+05:30,1491.7,STOP_LOSS,2,-2.0,-2.18,0.7181575551202728,1.3764686473139092,True,True,False
SBILIFE,2024-03-15T10:01:00+05:30,1485.0,STOP_LOSS,35,-2.0,-2.18,2.9954784625981046,1.023455141387663,True,True,True
SBILIFE,2024-03-18T11:15:00+05:30,1485.0,STOP_LOSS,1,-2.0,-2.18,0.0,4.576420563368648,False,False,False
SBILIFE,2024-03-19T09:19:00+05:30,1478.1,STOP_LOSS,3,-2.0,-2.18,0.02521241889286243,1.0084967557131215,False,False,False
SBILIFE,2024-03-19T11:09:00+05:30,1465.95,STOP_LOSS,1,-2.0,-2.18,0.0,1.427364757312018,False,False,False
SBILIFE,2024-03-20T10:03:00+05:30,1455.45,STOP_LOSS,13,-2.0,-2.18,2.733414347295542,1.081976512471214,True,True,True
SBILIFE,2024-03-27T15:01:00+05:30,1478.65,STOP_LOSS,8,-2.0,-2.18,1.120433458274334,1.189031425107607,True,True,True
SBILIFE,2024-04-02T10:15:00+05:30,1472.3,STOP_LOSS,4,-2.0,-2.18,0.5787645150518461,1.2101439860173224,True,True,False
SBILIFE,2024-04-03T10:45:00+05:30,1463.25,STOP_LOSS,2,-2.0,-2.18,0.6723792050102999,2.390681617814192,True,True,False
SBILIFE,2024-04-04T10:55:00+05:30,1450.75,VWAP_Z_TARGET,19,5.205063934750158,5.0250639347501584,2.799234964909272,0.1513099981032039,True,True,True
SBILIFE,2024-04-10T09:34:00+05:30,1498.8,TIME_HORIZON,40,-0.926449642702733,-1.106449642702733,1.016521135743314,0.7077045881757167,True,True,True
SBILIFE,2024-04-10T10:39:00+05:30,1489.6,STOP_LOSS,1,-2.0,-2.18,0.3766758118264412,1.318365341392354,True,False,False
SBILIFE,2024-04-15T09:16:00+05:30,1476.85,STOP_LOSS,2,-2.0,-2.18,0.4247897883064009,1.3653957481276284,True,False,False
SBILIFE,2024-04-18T15:10:00+05:30,1453.2,STOP_LOSS,11,-2.0,-2.18,0.7150837600131971,1.213088521450979,True,True,False
SBILIFE,2024-04-23T14:42:00+05:30,1469.15,STOP_LOSS,27,-2.0,-2.18,4.450291046369043,2.6202648216940423,True,True,True
SBILIFE,2024-04-24T09:16:00+05:30,1460.85,VWAP_Z_TARGET,37,6.188107219531306,6.008107219531306,3.1625566417161726,0.45668687967020094,True,True,True
SBILIFE,2024-04-25T09:17:00+05:30,1448.1,STOP_LOSS,24,-2.0,-2.18,1.4715763558586274,1.3366818565715421,True,True,True
SBILIFE,2024-04-26T13:30:00+05:30,1424.65,STOP_LOSS,1,-2.0,-2.18,0.0,2.129395804945544,False,False,False
SBILIFE,2024-05-03T12:13:00+05:30,1453.9,STOP_LOSS,4,-2.0,-2.18,0.09507422076894916,1.2835019803821106,False,False,False
SBILIFE,2024-05-03T12:49:00+05:30,1447.7,STOP_LOSS,3,-2.0,-2.18,0.6396611523100713,2.771864993344208,True,True,False
SBILIFE,2024-05-03T14:27:00+05:30,1444.6,STOP_LOSS,41,-2.0,-2.18,5.155218876055448,2.3389418974693883,True,True,True
SBILIFE,2024-05-08T13:52:00+05:30,1425.15,STOP_LOSS,8,-2.0,-2.18,1.2981908818537204,1.0337445911058538,True,True,True
SBILIFE,2024-05-09T13:15:00+05:30,1418.1,STOP_LOSS,1,-2.0,-2.18,0.9843905371968011,1.1870591772078491,True,True,False
SBILIFE,2024-05-13T13:24:00+05:30,1421.7,VWAP_Z_TARGET,28,16.375604917490524,16.195604917490524,8.187802458745262,0.7732924544371765,True,True,True
SBILIFE,2024-05-13T14:57:00+05:30,1423.85,STOP_LOSS,1,-2.0,-2.18,0.6384341374100708,1.5090261429687064,True,True,False
SBILIFE,2024-05-14T12:26:00+05:30,1422.8,STOP_LOSS,1,-2.0,-2.18,2.0384802637205026,1.2230881582323014,True,True,True
SBILIFE,2024-05-18T09:56:00+05:30,1433.25,STOP_LOSS,3,-2.0,-2.18,1.4058113736968916,2.1477673764814167,True,True,True
SBILIFE,2024-05-21T09:20:00+05:30,1427.95,TIME_HORIZON,40,0.25619543187273564,0.07619543187273564,0.6067786544353975,0.5932946843368453,True,True,False
SBILIFE,2024-05-24T14:50:00+05:30,1436.25,STOP_LOSS,12,-2.0,-2.18,1.9165081351022069,2.0056480483626897,True,True,True
SBILIFE,2024-05-24T15:25:00+05:30,1434.0,VWAP_Z_TARGET,12,11.61803181666729,11.43803181666729,10.843496362222805,0.4259944999444321,True,True,True
SBILIFE,2024-05-27T13:41:00+05:30,1431.8,STOP_LOSS,8,-2.0,-2.18,0.3556624265442787,1.104425429795356,True,False,False
SBILIFE,2024-05-27T14:47:00+05:30,1425.8,STOP_LOSS,1,-2.0,-2.18,0.3662666752802708,1.2678461836622983,True,False,False
SBILIFE,2024-05-29T10:11:00+05:30,1419.05,STOP_LOSS,10,-2.0,-2.18,1.5958027896232925,1.4939430370940903,True,True,True
SBILIFE,2024-05-29T11:32:00+05:30,1414.0,STOP_LOSS,2,-2.0,-2.18,0.6515351009273811,1.085891834879133,True,True,False
SBILIFE,2024-05-30T09:28:00+05:30,1402.85,STOP_LOSS,36,-2.0,-2.18,0.3439759748143976,1.2399133975867298,True,False,False
SBILIFE,2024-05-30T11:48:00+05:30,1383.2,STOP_LOSS,7,-2.0,-2.18,0.9854729796810955,1.1332939266332374,True,True,False
SBILIFE,2024-06-04T09:16:00+05:30,1375.5,STOP_LOSS,7,-2.0,-2.18,2.1691373153361058,1.3482357248204433,True,True,True
SBILIFE,2024-06-04T10:56:00+05:30,1363.05,STOP_LOSS,11,-2.0,-2.18,1.5527233591507825,1.1330683972181386,True,True,True
SBILIFE,2024-06-04T12:02:00+05:30,1340.2,STOP_LOSS,1,-2.0,-2.18,0.0,1.694329062884469,False,False,False
SBILIFE,2024-06-10T11:21:00+05:30,1418.85,VWAP_Z_TARGET,31,6.177056505178427,5.997056505178428,3.0885282525892137,0.2190445569212152,True,True,True
SBILIFE,2024-06-25T09:27:00+05:30,1446.0,VWAP_Z_TARGET,18,1.9797643860358447,1.7997643860358448,1.099869103353255,0.15712415762189355,True,True,True
SBILIFE,2024-06-25T10:01:00+05:30,1445.15,STOP_LOSS,6,-2.0,-2.18,0.263288740129139,1.1139139005465912,True,False,False
SBILIFE,2024-06-25T10:29:00+05:30,1439.8,STOP_LOSS,16,-2.0,-2.18,0.6008026443156509,1.1493615804298738,True,True,False
SBILIFE,2024-06-25T11:04:00+05:30,1434.0,STOP_LOSS,3,-2.0,-2.18,0.4756625954448417,1.1212046892628302,True,False,False
SBILIFE,2024-06-27T09:19:00+05:30,1440.0,TIME_HORIZON,40,5.580266919370474,5.400266919370474,2.976142356997586,0.0,True,True,True
SBILIFE,2024-11-21T11:36:00+05:30,1488.45,STOP_LOSS,1,-2.0,-2.18,0.0,2.021970132282623,False,False,False
SBILIFE,2024-12-19T09:16:00+05:30,1384.9,STOP_LOSS,3,-2.0,-2.18,0.5492549628435478,1.5527015295770354,True,True,False
SBILIFE,2024-12-20T15:14:00+05:30,1395.05,STOP_LOSS,20,-2.0,-2.18,3.0157003334519255,1.0831036408876233,True,True,True
SBILIFE,2025-01-23T09:19:00+05:30,1453.35,STOP_LOSS,7,-2.0,-2.18,0.4535898747696392,1.039937761666845,True,False,False
SBILIFE,2025-01-23T14:51:00+05:30,1451.45,STOP_LOSS,4,-2.0,-2.18,0.9734580933626003,1.3141684260396431,True,True,False
SBILIFE,2025-01-24T10:03:00+05:30,1421.05,STOP_LOSS,13,-2.0,-2.18,1.5468969959938625,1.0934961523404305,True,True,True
SBILIFE,2025-01-27T12:49:00+05:30,1425.55,STOP_LOSS,3,-2.0,-2.18,0.17863772570283357,1.4067720899094336,False,False,False
SBILIFE,2025-03-04T15:06:00+05:30,1393.5,STOP_LOSS,6,-2.0,-2.18,0.8976555056308699,1.2071918868828844,True,True,False
SBILIFE,2025-03-12T10:11:00+05:30,1408.9,STOP_LOSS,14,-2.0,-2.18,0.9610509431485921,1.659997083620512,True,True,False
SBILIFE,2025-03-13T10:53:00+05:30,1403.85,STOP_LOSS,1,-2.0,-2.18,1.27739608025893,1.4902954269685365,True,True,True
SBILIFE,2025-03-13T11:48:00+05:30,1392.25,STOP_LOSS,41,-2.0,-2.18,2.196765825323869,1.5133275685563985,True,True,True
SBILIFE,2026-08-18T09:20:00+05:30,1784.7,STOP_LOSS,9,-2.0,-2.18,0.45049490910119394,1.0432513684449667,True,False,False
SBILIFE,2026-08-18T10:09:00+05:30,1778.2,VWAP_Z_TARGET,24,11.684888118087885,11.504888118087885,6.677078924621694,0.0,True,True,True
SBILIFE,2026-08-19T09:17:00+05:30,1760.7,STOP_LOSS,18,-2.0,-2.18,0.8896913677542287,1.083102534657355,True,True,False
SBILIFE,2026-08-20T15:06:00+05:30,1776.2,STOP_LOSS,11,-2.0,-2.18,3.6543170180781823,7.613160454329619,True,True,True
SBIN,2023-07-11T15:09:00+05:30,587.5,VWAP_Z_TARGET,24,9.479538785965968,9.299538785965968,4.739769392982984,0.17999124277147635,True,True,True
SHRIRAMFIN,2023-07-06T15:02:00+05:30,355.45,STOP_LOSS,1,-2.0,-2.18,0.0,1.7325110449732382,False,False,False
SHRIRAMFIN,2023-07-17T12:08:00+05:30,353.1,STOP_LOSS,2,-2.0,-2.18,0.22834463282623374,1.0275508477185062,False,False,False
SHRIRAMFIN,2023-07-17T12:50:00+05:30,351.75,STOP_LOSS,14,-2.0,-2.18,4.060289141802594,2.2737619194094156,True,True,True
SHRIRAMFIN,2023-08-02T13:46:00+05:30,362.8,STOP_LOSS,6,-2.0,-2.18,0.6883190732926349,1.1119000414727689,True,True,False
SHRIRAMFIN,2023-08-03T14:00:00+05:30,358.45,TIME_HORIZON,40,10.203224555702711,10.023224555702711,5.1016122778513555,0.2354590282084884,True,True,True
SHRIRAMFIN,2023-08-14T09:28:00+05:30,355.8,TIME_HORIZON,40,0.5242666174111906,0.34426661741119063,0.9436799113401492,0.47183995567008946,True,True,False
SHRIRAMFIN,2023-08-28T09:39:00+05:30,370.1,TIME_HORIZON,40,0.31826872641744264,0.13826872641744264,1.6443884198236547,0.8487166037799877,True,True,True
SHRIRAMFIN,2023-09-18T12:19:00+05:30,380.7,TIME_HORIZON,40,8.03466461962753,7.854664619627531,4.545928666368199,0.8457541704870453,True,True,True
SHRIRAMFIN,2023-10-09T09:17:00+05:30,363.1,STOP_LOSS,6,-2.0,-2.18,0.39591399209662814,1.4313813560417195,True,False,False
SHRIRAMFIN,2023-10-16T09:20:00+05:30,372.3,VWAP_Z_TARGET,33,4.473582223638945,4.293582223638945,2.6841493341833766,0.976054303339397,True,True,True
SHRIRAMFIN,2023-10-19T09:16:00+05:30,367.0,STOP_LOSS,1,-2.0,-2.18,0.0,1.1618618216275367,False,False,False
SHRIRAMFIN,2023-10-25T10:18:00+05:30,368.4,STOP_LOSS,18,-2.0,-2.18,1.4075991780805497,1.1823833095876106,True,True,True
SHRIRAMFIN,2023-11-17T09:16:00+05:30,400.55,STOP_LOSS,9,-2.0,-2.18,1.7864023769178903,1.3244017621977777,True,True,True
SHRIRAMFIN,2024-01-02T09:58:00+05:30,406.0,STOP_LOSS,2,-2.0,-2.18,0.0,1.5968585049794668,False,False,False
SHRIRAMFIN,2024-01-05T10:18:00+05:30,424.85,TIME_HORIZON,40,0.24285015799020745,0.06285015799020746,0.898545584563751,0.46141530018141624,True,True,False
SHRIRAMFIN,2024-01-09T11:08:00+05:30,436.35,STOP_LOSS,11,-2.0,-2.18,3.4125550919871217,1.9195622392428064,True,True,True
SHRIRAMFIN,2024-01-09T14:22:00+05:30,432.85,STOP_LOSS,19,-2.0,-2.18,1.9094344100924003,1.5541907989124353,True,True,True
SHRIRAMFIN,2024-01-18T09:17:00+05:30,451.5,STOP_LOSS,2,-2.0,-2.18,0.0,1.9874998924057694,False,False,False
SHRIRAMFIN,2024-01-23T09:16:00+05:30,453.85,STOP_LOSS,1,-2.0,-2.18,0.41972379891302186,2.046153519701116,True,False,False
SHRIRAMFIN,2024-01-24T09:17:00+05:30,447.25,STOP_LOSS,3,-2.0,-2.18,0.3055002154435475,1.634426152622986,True,False,False
SHRIRAMFIN,2024-02-27T10:08:00+05:30,489.3,TIME_HORIZON,40,1.5143435595038874,1.3343435595038875,3.11281731675806,0.2523905932506638,True,True,True
SHRIRAMFIN,2024-02-27T13:20:00+05:30,476.65,STOP_LOSS,1,-2.0,-2.18,0.29345701094921006,1.6466198947704904,True,False,False
SHRIRAMFIN,2024-02-28T15:00:00+05:30,463.0,VWAP_Z_TARGET,31,6.9689608450445775,6.788960845044578,4.10801902444733,0.014671496515886657,True,True,True
SHRIRAMFIN,2024-03-06T10:00:00+05:30,480.2,STOP_LOSS,1,-2.0,-2.18,0.3806720563348928,1.3469934301080182,True,False,False
SHRIRAMFIN,2024-04-15T09:16:00+05:30,494.0,STOP_LOSS,1,-2.0,-2.18,0.37687369106038443,2.4810851328140964,True,False,False
SHRIRAMFIN,2024-05-09T12:56:00+05:30,483.25,STOP_LOSS,25,-2.0,-2.18,1.4362308086245128,1.4362308086245128,True,True,True
SHRIRAMFIN,2024-05-09T14:04:00+05:30,480.4,STOP_LOSS,16,-2.0,-2.18,1.2291368346308416,1.0242806955256625,True,True,True
SHRIRAMFIN,2024-05-09T14:35:00+05:30,476.4,STOP_LOSS,10,-2.0,-2.18,1.9634636909541188,1.4180571101334716,True,True,True
SHRIRAMFIN,2024-05-13T09:44:00+05:30,459.9,STOP_LOSS,36,-2.0,-2.18,1.1445398439594985,1.7331603351386544,True,True,True
SHRIRAMFIN,2024-05-15T09:16:00+05:30,464.2,STOP_LOSS,1,-2.0,-2.18,0.08140618973936137,2.930622830616315,False,False,False
SHRIRAMFIN,2024-05-16T09:32:00+05:30,459.4,STOP_LOSS,2,-2.0,-2.18,0.487824373528806,1.064344087699181,True,False,False
SHRIRAMFIN,2024-05-16T09:53:00+05:30,454.85,TIME_HORIZON,40,6.237087400389037,6.057087400389038,3.9302194577793887,0.0,True,True,True
SHRIRAMFIN,2024-05-21T13:50:00+05:30,471.35,STOP_LOSS,3,-2.0,-2.18,0.5912140280236643,1.2361747858678005,True,True,False
SHRIRAMFIN,2024-05-22T09:18:00+05:30,471.0,STOP_LOSS,26,-2.0,-2.18,1.3687215483283417,1.5536839197240613,True,True,True
SHRIRAMFIN,2024-05-22T11:19:00+05:30,466.75,TIME_HORIZON,40,11.620273029222668,11.440273029222668,7.304171618368497,0.9960234025048379,True,True,True
SHRIRAMFIN,2024-05-29T09:17:00+05:30,473.25,VWAP_Z_TARGET,19,3.8935625901669533,3.713562590166953,2.0417462363070547,0.7834607650945546,True,True,True
SHRIRAMFIN,2024-05-29T11:39:00+05:30,474.55,VWAP_Z_TARGET,13,15.695957568542788,15.515957568542788,7.847978784271394,0.13530997903919378,True,True,True
SHRIRAMFIN,2024-05-29T15:06:00+05:30,474.0,STOP_LOSS,25,-2.0,-2.18,4.03576455339886,3.632188098058997,True,True,True
SHRIRAMFIN,2024-05-30T09:39:00+05:30,471.1,STOP_LOSS,4,-2.0,-2.18,0.5258700263963367,1.2095010607116103,True,True,False
SHRIRAMFIN,2025-01-17T10:57:00+05:30,537.0,STOP_LOSS,4,-2.0,-2.18,0.5610435126694064,1.0098783228049486,True,True,False
SHRIRAMFIN,2025-01-20T09:16:00+05:30,497.35,TIME_HORIZON,40,3.3104918664817404,3.1304918664817403,2.8236548272932493,0.778939262701586,True,True,True
SHRIRAMFIN,2025-02-01T12:30:00+05:30,527.95,STOP_LOSS,7,-2.0,-2.18,0.48714690477704325,1.4157706920083901,True,False,False
SHRIRAMFIN,2025-02-24T09:42:00+05:30,569.55,TIME_HORIZON,40,10.709379006492199,10.5293790064922,5.430822529358592,0.38066513056251644,True,True,True
SHRIRAMFIN,2025-05-30T10:26:00+05:30,642.2,STOP_LOSS,3,-2.0,-2.18,0.4455079757234248,1.0395186100215497,True,False,False
SHRIRAMFIN,2025-06-13T09:16:00+05:30,650.35,TIME_HORIZON,40,3.8793479755122795,3.6993479755122793,2.7131636147754614,0.0,True,True,True
SHRIRAMFIN,2025-06-19T12:35:00+05:30,655.35,STOP_LOSS,1,-2.0,-2.18,0.0,1.4473607159929665,False,False,False
SHRIRAMFIN,2025-07-16T09:16:00+05:30,658.0,TIME_HORIZON,40,2.3396103605038,2.1596103605038,1.2750876464745686,0.13452759572896586,True,True,True
SHRIRAMFIN,2025-07-18T10:18:00+05:30,658.05,STOP_LOSS,2,-2.0,-2.18,0.19538388198844156,1.269995232924537,False,False,False
SHRIRAMFIN,2025-07-25T09:20:00+05:30,611.0,TIME_HORIZON,40,1.5013985041702371,1.3213985041702372,2.272950513257701,0.37534962604254746,True,True,True
SHRIRAMFIN,2025-08-26T09:27:00+05:30,614.9,STOP_LOSS,4,-2.0,-2.18,0.0,1.540059782971838,False,False,False
SHRIRAMFIN,2025-09-02T14:06:00+05:30,583.05,TIME_HORIZON,40,2.3823418620485155,2.2023418620485153,2.8786630833086044,0.7941139540160966,True,True,True
SHRIRAMFIN,2025-10-13T09:17:00+05:30,661.0,VWAP_Z_TARGET,11,5.389201780002833,5.209201780002833,2.7885985954666404,0.0,True,True,True
SHRIRAMFIN,2025-10-16T09:17:00+05:30,668.7,STOP_LOSS,1,-2.0,-2.18,0.0,1.089925730078714,False,False,False
SHRIRAMFIN,2026-05-14T09:45:00+05:30,908.7,STOP_LOSS,9,-2.0,-2.18,1.5789331186895132,1.8522100046166505,True,True,True
SHRIRAMFIN,2026-05-20T09:16:00+05:30,917.7,TIME_HORIZON,40,4.220557136859419,4.0405571368594195,2.973574346423682,0.6522679211510186,True,True,True
SHRIRAMFIN,2026-06-08T09:16:00+05:30,905.0,TIME_HORIZON,40,0.6700387963859794,0.4900387963859794,1.8498897204569864,0.4661139453120015,True,True,True
SHRIRAMFIN,2026-06-19T14:53:00+05:30,996.0,STOP_LOSS,3,-2.0,-2.18,0.2057819823322332,1.4816302727920414,False,False,False
SHRIRAMFIN,2026-06-22T10:53:00+05:30,993.9,STOP_LOSS,1,-2.0,-2.18,0.0,1.146408365610884,False,False,False
SUNPHARMA,2023-09-22T09:31:00+05:30,1131.35,STOP_LOSS,20,-2.0,-2.18,1.4723906723440776,1.0488262323546225,True,True,True
SUNPHARMA,2023-09-25T14:10:00+05:30,1124.5,STOP_LOSS,10,-2.0,-2.18,0.49539080206355407,1.1971944383204747,True,False,False
SUNPHARMA,2023-09-28T15:04:00+05:30,1131.1,STOP_LOSS,10,-2.0,-2.18,0.5885228723443918,1.1514577937171973,True,True,False
SUNPHARMA,2023-10-04T09:16:00+05:30,1128.0,TIME_HORIZON,40,-0.7520469973360906,-0.9320469973360905,3.0708585724555726,0.6893764142247378,True,True,True
SUNPHARMA,2023-10-05T11:36:00+05:30,1112.0,TIME_HORIZON,40,4.382053027102121,4.202053027102122,2.9064637424656388,0.0223574134035615,True,True,True
SUNPHARMA,2023-10-09T09:16:00+05:30,1115.15,VWAP_Z_TARGET,16,5.374341130721891,5.194341130721892,2.7529404743033297,0.15972692171728514,True,True,True
SUNPHARMA,2023-10-23T12:11:00+05:30,1130.3,STOP_LOSS,6,-2.0,-2.18,0.4260769967976779,1.3390991327926427,True,False,False
SUNPHARMA,2023-10-31T10:17:00+05:30,1090.35,STOP_LOSS,2,-2.0,-2.18,0.31539224070084976,1.358612729172679,True,False,False
TATACONSUM,2023-07-05T10:06:00+05:30,840.65,STOP_LOSS,8,-2.0,-2.18,1.442553093166654,1.442553093166654,True,True,True
TATACONSUM,2023-07-05T11:03:00+05:30,833.35,STOP_LOSS,3,-2.0,-2.18,0.7158416173632339,1.6873409552134782,True,True,False
TATACONSUM,2023-07-07T10:42:00+05:30,827.25,STOP_LOSS,7,-2.0,-2.18,0.2041422922176639,2.2795889297642744,False,False,False
TATACONSUM,2023-07-10T09:31:00+05:30,817.55,STOP_LOSS,22,-2.0,-2.18,0.7695984467422092,1.1287443885552246,True,True,False
TATACONSUM,2023-07-13T14:00:00+05:30,828.6,STOP_LOSS,6,-2.0,-2.18,0.45055037253445923,1.401712270107396,True,False,False
TATACONSUM,2023-07-18T10:43:00+05:30,839.3,STOP_LOSS,2,-2.0,-2.18,0.0,1.4382714968570427,False,False,False
TATACONSUM,2023-07-20T09:53:00+05:30,844.95,TIME_HORIZON,40,2.676353797832865,2.4963537978328647,1.8352140327996616,0.6882052622999492,True,True,True
TATACONSUM,2023-07-21T14:04:00+05:30,850.9,STOP_LOSS,17,-2.0,-2.18,0.7242141283423718,1.0863211925136034,True,True,False
TATACONSUM,2023-07-21T14:46:00+05:30,844.3,STOP_LOSS,5,-2.0,-2.18,0.6266202633016932,1.118964755895808,True,True,False
TATACONSUM,2023-07-27T09:51:00+05:30,850.45,STOP_LOSS,1,-2.0,-2.18,0.5946812062221679,1.420627325975275,True,True,False
TATACONSUM,2023-07-27T11:49:00+05:30,840.8,STOP_LOSS,3,-2.0,-2.18,1.4504517065850233,1.6413006153461145,True,True,True
TATACONSUM,2023-07-28T09:16:00+05:30,834.4,VWAP_Z_TARGET,14,6.0818193435747565,5.901819343574757,3.0547951040786323,0.7636987760196581,True,True,True
TATACONSUM,2023-08-01T13:22:00+05:30,843.55,VWAP_Z_TARGET,31,8.69832571602684,8.51832571602684,4.402856226630821,0.805400529261731,True,True,True
TATACONSUM,2023-08-02T09:17:00+05:30,839.6,STOP_LOSS,11,-2.0,-2.18,0.7403538391192332,1.2418838591677934,True,True,False
TATACONSUM,2023-08-02T10:06:00+05:30,829.95,STOP_LOSS,11,-2.0,-2.18,1.1192360931252645,1.529622660604579,True,True,True
TATACONSUM,2023-08-03T09:16:00+05:30,826.55,STOP_LOSS,1,-2.0,-2.18,0.12323121703802963,1.602005821493358,False,False,False
TATACONSUM,2023-08-03T12:40:00+05:30,826.2,TIME_HORIZON,40,2.418313468998949,2.238313468998949,4.030522448331756,0.9788411660234526,True,True,True
TATACONSUM,2023-08-07T09:44:00+05:30,820.8,STOP_LOSS,11,-2.0,-2.18,0.3947998094917062,1.1843994284751185,True,False,False
TATACONSUM,2023-08-11T09:46:00+05:30,832.75,STOP_LOSS,19,-2.0,-2.18,1.1746776873982507,1.0214588586071947,True,True,True
TATACONSUM,2023-08-11T10:43:00+05:30,829.35,STOP_LOSS,17,-2.0,-2.18,1.2454519790622274,1.3110020832234912,True,True,True
TATACONSUM,2023-08-17T09:31:00+05:30,825.0,TIME_HORIZON,40,1.7219855812080624,1.5419855812080625,2.3438137077555212,0.23916466405668138,True,True,True
TATACONSUM,2023-08-18T10:40:00+05:30,826.9,STOP_LOSS,3,-2.0,-2.18,0.8493893515309064,1.0617366894136935,True,True,False
TATACONSUM,2023-08-23T09:18:00+05:30,835.4,STOP_LOSS,11,-2.0,-2.18,0.37866314858284456,1.1630368135043634,True,False,False
TATACONSUM,2023-08-25T09:33:00+05:30,829.95,STOP_LOSS,18,-2.0,-2.18,1.6551229997611383,1.0421144813311414,True,True,True
TATACONSUM,2023-08-25T10:13:00+05:30,827.05,STOP_LOSS,16,-2.0,-2.18,2.1371123110689383,1.4841057715755954,True,True,True
TATACONSUM,2023-08-25T11:20:00+05:30,825.4,STOP_LOSS,14,-2.0,-2.18,0.5917778568193669,1.01447632597603,True,True,False
TATACONSUM,2023-08-29T12:46:00+05:30,826.8,STOP_LOSS,35,-2.0,-2.18,1.8707326469730972,1.0830557429842833,True,True,True
TATACONSUM,2023-08-31T10:34:00+05:30,830.65,STOP_LOSS,3,-2.0,-2.18,0.334654726414002,1.3386189056556275,True,False,False
TATACONSUM,2023-08-31T15:21:00+05:30,820.35,STOP_LOSS,1,-2.0,-2.18,0.041116899014738285,1.2335069704432704,False,False,False
TATACONSUM,2023-09-04T10:16:00+05:30,828.3,STOP_LOSS,18,-2.0,-2.18,1.6305410058456424,1.6984802144224798,True,True,True
TATACONSUM,2023-09-08T13:03:00+05:30,843.5,TIME_HORIZON,40,4.87786069238306,4.697860692383061,3.5645905059723186,0.09380501331497683,True,True,True
TATACONSUM,2023-09-08T15:14:00+05:30,842.8,STOP_LOSS,3,-2.0,-2.18,0.0,1.5310967897051844,False,False,False
TATACONSUM,2023-09-12T09:57:00+05:30,846.35,VWAP_Z_TARGET,8,7.532304568049694,7.352304568049695,4.008015274742058,0.0,True,True,True
TATACONSUM,2023-09-15T11:35:00+05:30,863.6,TIME_HORIZON,40,1.3117679349049334,1.1317679349049334,2.673988482690896,0.25226306440480367,True,True,True
TATACONSUM,2023-09-21T09:18:00+05:30,853.35,STOP_LOSS,5,-2.0,-2.18,0.6915315313367146,1.204603312651107,True,True,False
TATACONSUM,2023-09-28T12:48:00+05:30,870.75,STOP_LOSS,7,-2.0,-2.18,1.096093108216385,1.2895213037839477,True,True,True
TATACONSUM,2023-09-28T13:17:00+05:30,867.6,STOP_LOSS,8,-2.0,-2.18,1.3180177477573707,1.7134230720846717,True,True,True
TATACONSUM,2023-09-28T13:57:00+05:30,864.55,STOP_LOSS,7,-2.0,-2.18,0.8364235681912532,1.1948908117017127,True,True,False
TATACONSUM,2023-10-03T09:16:00+05:30,854.75,VWAP_Z_TARGET,12,6.821974000918839,6.6419740009188395,3.4400166770590808,0.36287095749568293,True,True,True
TATACONSUM,2023-10-04T11:57:00+05:30,854.05,STOP_LOSS,1,-2.0,-2.18,0.27370755367681765,1.505391545222134,True,False,False
TATACONSUM,2023-10-09T09:22:00+05:30,858.9,VWAP_Z_TARGET,11,2.0960867033625643,1.9160867033625644,1.2092807904014793,0.6127022671367421,True,True,True
TATACONSUM,2023-10-12T10:35:00+05:30,872.6,VWAP_Z_TARGET,31,18.18907687426687,18.00907687426687,9.094538437133435,0.13473390277237782,True,True,True
TATACONSUM,2023-10-18T14:45:00+05:30,882.35,STOP_LOSS,1,-2.0,-2.18,0.0,1.0578845223417994,False,False,False
TATACONSUM,2023-10-19T09:16:00+05:30,877.1,STOP_LOSS,5,-2.0,-2.18,1.8421597353053054,1.2209663361907483,True,True,True
TATACONSUM,2023-10-23T12:17:00+05:30,877.15,TIME_HORIZON,40,5.799443119096109,5.619443119096109,4.938588281105251,0.0,True,True,True
TATACONSUM,2023-10-23T13:33:00+05:30,877.05,STOP_LOSS,2,-2.0,-2.18,0.036810244475748856,1.2883585566494524,False,False,False
TATACONSUM,2023-10-23T14:57:00+05:30,876.85,STOP_LOSS,6,-2.0,-2.18,1.1031585398249786,2.8778048865000008,True,True,True
TATACONSUM,2023-10-26T09:16:00+05:30,872.9,STOP_LOSS,1,-2.0,-2.18,0.21694985840062245,1.7717571769379645,False,False,False
TATACONSUM,2024-10-21T09:16:00+05:30,1041.0,STOP_LOSS,3,-2.0,-2.18,0.17057420576644275,1.0792098787915727,False,False,False
TATACONSUM,2024-11-04T09:18:00+05:30,989.2,TIME_HORIZON,40,-0.7771620456349849,-0.957162045634985,1.4571788355655415,0.9876434329944446,True,True,True
TATACONSUM,2024-11-07T10:02:00+05:30,995.0,STOP_LOSS,1,-2.0,-2.18,0.28994828175346116,1.087306056575541,True,False,False
TATACONSUM,2024-11-11T10:14:00+05:30,985.45,VWAP_Z_TARGET,26,9.19687784574188,9.016877845741881,4.691650522658851,0.27963479936380253,True,True,True
TATACONSUM,2024-11-19T15:00:00+05:30,918.8,STOP_LOSS,1,-2.0,-2.18,0.4048413297087389,1.653102096310575,True,False,False
TATACONSUM,2024-12-09T09:16:00+05:30,962.15,STOP_LOSS,3,-2.0,-2.18,1.6907570763138495,1.6907570763138495,True,True,True
TATACONSUM,2024-12-12T09:40:00+05:30,923.95,STOP_LOSS,2,-2.0,-2.18,0.894236230823307,1.1625071000703264,True,True,False
TATACONSUM,2024-12-13T09:56:00+05:30,913.6,STOP_LOSS,12,-2.0,-2.18,1.25584161425511,1.25584161425511,True,True,True
TATACONSUM,2025-01-16T09:25:00+05:30,943.65,STOP_LOSS,23,-2.0,-2.18,0.3263922247707504,1.0811742445530863,True,False,False
TATACONSUM,2025-01-29T09:25:00+05:30,948.7,STOP_LOSS,3,-2.0,-2.18,0.07941546256921757,1.2309396698230828,False,False,False
TATACONSUM,2025-02-25T09:16:00+05:30,995.95,VWAP_Z_TARGET,7,10.685986662942792,10.505986662942792,5.342993331471396,0.5101350416983019,True,True,True
TATACONSUM,2025-02-28T09:16:00+05:30,994.15,STOP_LOSS,20,-2.0,-2.18,1.7407276319183518,1.3144269873669039,True,True,True
TATACONSUM,2025-03-21T13:42:00+05:30,960.95,VWAP_Z_TARGET,27,12.943917535672904,12.763917535672904,6.565080476726207,0.5121693988936007,True,True,True
TATACONSUM,2025-03-25T11:29:00+05:30,959.65,TIME_HORIZON,40,4.991123643578923,4.811123643578923,4.694032950508752,0.2970906930701707,True,True,True
TATACONSUM,2025-06-18T12:23:00+05:30,1061.3,TIME_HORIZON,40,3.6916745805633813,3.511674580563381,2.823045267489717,0.9772079772077796,True,True,True
TATACONSUM,2025-07-22T12:11:00+05:30,1075.5,TIME_HORIZON,40,7.1672517480638005,6.987251748063801,4.108058928768293,0.0,True,True,True
TATACONSUM,2025-07-23T09:27:00+05:30,1075.5,STOP_LOSS,11,-2.0,-2.18,0.4934405193708875,1.0417077631163318,True,False,False
TATACONSUM,2025-07-25T09:27:00+05:30,1058.6,TIME_HORIZON,40,0.7247374624393994,0.5447374624393995,2.111191738410272,0.12604129781553058,True,True,True
TATACONSUM,2025-08-22T09:33:00+05:30,1083.0,STOP_LOSS,14,-2.0,-2.18,0.45790310790802885,1.0823164368735743,True,False,False
TATACONSUM,2025-08-26T09:38:00+05:30,1071.8,TIME_HORIZON,40,8.044756504672868,7.864756504672869,4.950619387491095,0.876672183201559,True,True,True
TATACONSUM,2025-09-16T13:40:00+05:30,1090.5,TIME_HORIZON,40,3.2387640016612513,3.058764001661251,1.8402068191256729,0.3680413638251346,True,True,True
TATACONSUM,2025-09-26T12:36:00+05:30,1121.7,TIME_HORIZON,40,0.7427308114091603,0.5627308114091603,3.2803944170575936,0.0,True,True,True
TATACONSUM,2025-10-07T11:28:00+05:30,1126.5,STOP_LOSS,4,-2.0,-2.18,0.3649051969780668,1.0217345515386533,True,False,False
TATACONSUM,2025-10-10T09:17:00+05:30,1108.4,VWAP_Z_TARGET,16,8.049921386339665,7.869921386339666,4.328731311522258,0.0,True,True,True
TATACONSUM,2025-10-31T12:48:00+05:30,1159.8,TIME_HORIZON,40,5.289697488698746,5.109697488698746,3.570545804871714,0.8816162481164577,True,True,True
TATACONSUM,2025-11-07T13:39:00+05:30,1170.2,STOP_LOSS,3,-2.0,-2.18,0.0,1.0149862182382408,False,False,False
TATACONSUM,2025-11-27T12:18:00+05:30,1178.5,TIME_HORIZON,40,0.7901948422304337,0.6101948422304337,0.8560444124164029,0.7243452720446141,True,True,False
TATACONSUM,2025-12-03T09:28:00+05:30,1148.2,TIME_HORIZON,40,-1.1657393248863117,-1.3457393248863116,0.3022287138593796,0.8419228457512306,True,False,False
TATACONSUM,2026-01-02T09:16:00+05:30,1169.6,VWAP_Z_TARGET,26,5.896987903132841,5.716987903132841,2.977400755013189,0.3468816413607012,True,True,True
TATACONSUM,2026-01-14T09:49:00+05:30,1177.5,TIME_HORIZON,40,3.976267641842234,3.796267641842234,4.940211312591962,0.0,True,True,True
TATACONSUM,2026-01-14T12:37:00+05:30,1170.3,STOP_LOSS,6,-2.0,-2.18,0.8083766520146831,1.0508896476190512,True,True,False
TATACONSUM,2026-01-28T09:20:00+05:30,1143.3,STOP_LOSS,2,-2.0,-2.18,0.11844300789410014,1.226233493491821,False,False,False
TATACONSUM,2026-02-01T12:20:00+05:30,1116.0,STOP_LOSS,10,-2.0,-2.18,1.1202517884737204,3.075200987967131,True,True,True
TATACONSUM,2026-02-13T10:36:00+05:30,1138.3,STOP_LOSS,1,-2.0,-2.18,0.15724638088187945,1.1793478566138276,False,False,False
TATACONSUM,2026-02-16T09:16:00+05:30,1121.4,TIME_HORIZON,40,3.0036358481307457,2.8236358481307455,2.416718498496053,0.051786824967803964,True,True,True
TATACONSUM,2026-03-09T09:18:00+05:30,1090.9,TIME_HORIZON,40,-1.2478896545536904,-1.4278896545536903,0.6239448272768211,0.7191228517767111,True,True,False
TATACONSUM,2026-03-13T09:16:00+05:30,1049.7,VWAP_Z_TARGET,14,13.15428047643537,12.97428047643537,6.577140238217685,0.0,True,True,True
TATACONSUM,2026-03-19T09:16:00+05:30,1060.3,STOP_LOSS,6,-2.0,-2.18,0.13812305508547265,1.0359229131408094,False,False,False
TATACONSUM,2026-06-12T12:06:00+05:30,1099.5,STOP_LOSS,15,-2.0,-2.18,0.8229818402701911,1.851709140607891,True,True,False
TATACONSUM,2026-06-30T09:21:00+05:30,1073.0,TIME_HORIZON,40,-0.4784234999658735,-0.6584234999658736,1.2821749799085498,0.7559091299460888,True,True,True
TATACONSUM,2026-07-07T11:38:00+05:30,1111.0,TIME_HORIZON,40,3.485546717506587,3.3055467175065867,3.305259818325108,0.5408606975441632,True,True,True
TATACONSUM,2026-07-24T14:16:00+05:30,1080.0,TIME_HORIZON,40,5.01445314872178,4.834453148721781,3.3900528329386796,0.0,True,True,True
TATACONSUM,2026-07-28T11:05:00+05:30,1095.5,STOP_LOSS,11,-2.0,-2.18,0.9967516104304578,1.063201717792428,True,True,False
TATACONSUM,2026-07-31T11:28:00+05:30,1083.5,STOP_LOSS,38,-2.0,-2.18,1.2727262864313227,1.2727262864313227,True,True,True
TATACONSUM,2026-08-04T13:37:00+05:30,1085.9,STOP_LOSS,18,-2.0,-2.18,1.9626661289551772,1.8224756911727897,True,True,True
TATACONSUM,2026-08-12T09:25:00+05:30,1066.9,TIME_HORIZON,40,-0.18089154605374505,-0.36089154605374507,0.7416553388203383,0.5245854835558771,True,True,False
TATACONSUM,2026-08-17T09:16:00+05:30,1078.1,STOP_LOSS,1,-2.0,-2.18,0.06680790791292696,1.9374293294721474,False,False,False
TATACONSUM,2026-08-24T11:18:00+05:30,1042.4,VWAP_Z_TARGET,25,9.719169452261863,9.539169452261863,5.38780045723213,0.5282157311011987,True,True,True
TATASTEEL,2023-07-04T09:27:00+05:30,106.27,TIME_HORIZON,40,-0.9854210449604057,-1.1654210449604057,0.5186426552423324,0.6223711862907768,True,True,False
TATASTEEL,2023-07-06T09:16:00+05:30,105.83,STOP_LOSS,3,-2.0,-2.18,1.4446039599081684,1.4446039599081684,True,True,True
TATASTEEL,2023-07-07T12:42:00+05:30,105.29,TIME_HORIZON,40,1.871156218801096,1.691156218801096,1.2474374792007308,0.24948749584019933,True,True,True
TATASTEEL,2023-07-21T09:17:00+05:30,110.13,STOP_LOSS,1,-2.0,-2.18,0.22110180664150123,1.0612886718789418,False,False,False
TATASTEEL,2023-07-24T09:22:00+05:30,109.15,TIME_HORIZON,40,1.1383194597977073,0.9583194597977074,2.39047086557529,0.11383194597979499,True,True,True
TATASTEEL,2023-07-24T10:34:00+05:30,108.76,TIME_HORIZON,40,3.391710591233766,3.211710591233766,3.7308816503573357,0.4239638239043413,True,True,True
TATASTEEL,2023-10-09T09:16:00+05:30,116.87,STOP_LOSS,1,-2.0,-2.18,0.0,1.0730558923435265,False,False,False
TATASTEEL,2023-10-20T12:50:00+05:30,117.22,TIME_HORIZON,40,1.2696257959906987,1.0896257959906988,1.5416884665601434,0.6801566764236117,True,True,True
TATASTEEL,2023-10-23T09:34:00+05:30,115.75,STOP_LOSS,3,-2.0,-2.18,0.0,1.5015391017706177,False,False,False
TATASTEEL,2023-10-23T10:16:00+05:30,114.77,STOP_LOSS,2,-2.0,-2.18,0.9086843555513894,1.1510001836983692,True,True,False
TATASTEEL,2023-10-23T14:51:00+05:30,114.09,STOP_LOSS,7,-2.0,-2.18,0.5931608645826596,1.4235860749985179,True,True,False
TATASTEEL,2023-10-26T09:16:00+05:30,114.24,STOP_LOSS,1,-2.0,-2.18,0.0,2.542944422447387,False,False,False
TATASTEEL,2023-10-31T10:19:00+05:30,112.67,STOP_LOSS,5,-2.0,-2.18,0.6940840555026537,1.665801733206428,True,True,False
TATASTEEL,2023-11-01T09:29:00+05:30,111.84,VWAP_Z_TARGET,29,4.343857324670667,4.163857324670667,2.1719286623353335,0.23354071638016513,True,True,True
TATASTEEL,2023-11-01T12:18:00+05:30,111.89,STOP_LOSS,13,-2.0,-2.18,0.39174147423062494,1.4886176020764417,True,False,False
TATASTEEL,2023-11-01T12:49:00+05:30,111.7,STOP_LOSS,24,-2.0,-2.18,2.573854091924258,1.3313038406505653,True,True,True
TATASTEEL,2023-11-01T14:03:00+05:30,111.4,STOP_LOSS,2,-2.0,-2.18,0.7859263205284281,1.4932600090041923,True,True,False
TATASTEEL,2023-11-01T14:33:00+05:30,111.06,STOP_LOSS,15,-2.0,-2.18,2.1230727916552103,1.3269204947845852,True,True,True
TATASTEEL,2023-11-01T15:13:00+05:30,110.62,STOP_LOSS,3,-2.0,-2.18,0.3578800454401776,1.431520181760812,True,False,False
TATASTEEL,2023-11-02T09:17:00+05:30,109.5,TIME_HORIZON,40,1.1903293491575053,1.0103293491575054,3.09896089177207,0.615687594391794,True,True,True
TATASTEEL,2023-11-03T14:47:00+05:30,111.06,STOP_LOSS,34,-2.0,-2.18,1.951932163212807,1.46394912240964,True,True,True
TATASTEEL,2023-11-08T10:10:00+05:30,112.92,TIME_HORIZON,40,2.9633867528104574,2.783386752810457,4.127574405700269,0.0,True,True,True
TATASTEEL,2023-11-08T11:07:00+05:30,112.82,STOP_LOSS,3,-2.0,-2.18,0.7021355785578659,2.1064067356729987,True,True,False
TATASTEEL,2023-11-10T09:31:00+05:30,112.67,TIME_HORIZON,40,0.5532277584571116,0.3732277584571116,1.1064555169143018,0.5532277584571902,True,True,True
TATASTEEL,2025-01-13T09:16:00+05:30,122.64,STOP_LOSS,3,-2.0,-2.18,0.4856135182121973,1.0374470616351517,True,False,False
TATASTEEL,2025-01-15T14:36:00+05:30,122.93,TIME_HORIZON,40,14.455381136284739,14.27538113628474,8.633074845281172,0.2007691824485022,True,True,True
TATASTEEL,2025-11-17T11:23:00+05:30,172.67,VWAP_Z_TARGET,27,22.9092154673954,22.7292154673954,11.4546077336977,0.6158391254674037,True,True,True
TATASTEEL,2025-11-18T10:01:00+05:30,170.67,TIME_HORIZON,40,7.434591044858414,7.254591044858414,5.169364085878083,0.6969929104553216,True,True,True
TATASTEEL,2025-11-20T12:12:00+05:30,172.64,STOP_LOSS,21,-2.0,-2.18,8.080896809254588,1.643572232390427,True,True,True
TATASTEEL,2025-11-21T09:16:00+05:30,170.54,TIME_HORIZON,40,1.1149558223521103,0.9349558223521104,2.315677477192699,0.40738770432092825,True,True,True
TATASTEEL,2025-11-24T14:16:00+05:30,165.93,STOP_LOSS,13,-2.0,-2.18,1.320631740496989,1.5682501918401892,True,True,True
TATASTEEL,2025-11-24T15:02:00+05:30,165.28,VWAP_Z_TARGET,33,7.754716608142534,7.574716608142534,3.877358304071267,0.8429039791458912,True,True,True
TATASTEEL,2025-11-27T12:24:00+05:30,168.15,STOP_LOSS,3,-2.0,-2.18,0.4833457864946206,1.160029887587529,True,False,False
TATASTEEL,2025-11-27T13:13:00+05:30,167.78,STOP_LOSS,2,-2.0,-2.18,0.6240286022909528,2.3178205227951123,True,True,False
TATASTEEL,2025-12-02T11:24:00+05:30,167.52,STOP_LOSS,7,-2.0,-2.18,1.1682245604610673,1.168224560461344,True,True,True
TATASTEEL,2025-12-03T11:26:00+05:30,165.06,TIME_HORIZON,40,12.843521274928772,12.663521274928772,8.907603464869835,0.27620475860056176,True,True,True
TATASTEEL,2025-12-08T11:59:00+05:30,165.69,STOP_LOSS,3,-2.0,-2.18,0.18150634423971465,2.72259516359443,False,False,False
TATASTEEL,2025-12-08T13:22:00+05:30,164.88,STOP_LOSS,1,-2.0,-2.18,0.0,1.0117178828528475,False,False,False
TATASTEEL,2025-12-09T09:17:00+05:30,161.89,STOP_LOSS,14,-2.0,-2.18,1.4789376026363543,1.408512002510747,True,True,True
TATASTEEL,2025-12-18T09:16:00+05:30,169.08,STOP_LOSS,33,-2.0,-2.18,2.7693689190726998,1.0000498874429953,True,True,True
TATASTEEL,2025-12-26T09:55:00+05:30,168.5,STOP_LOSS,3,-2.0,-2.18,0.5105217656378004,1.148673972684915,True,True,False
TATASTEEL,2025-12-30T09:16:00+05:30,170.94,TIME_HORIZON,40,2.4969981028902732,2.316998102890273,1.9687869657403525,0.3361343600044205,True,True,True
TATASTEEL,2026-07-23T14:10:00+05:30,183.95,STOP_LOSS,1,-2.0,-2.18,0.0,2.6614247160175406,False,False,False
TATASTEEL,2026-07-24T09:48:00+05:30,181.45,STOP_LOSS,33,-2.0,-2.18,2.0038711335871127,1.1303888445875534,True,True,True
TATASTEEL,2026-07-28T13:44:00+05:30,182.41,STOP_LOSS,3,-2.0,-2.18,0.9282751081965259,1.1271912028098652,True,True,False
TATASTEEL,2026-07-30T13:03:00+05:30,186.6,STOP_LOSS,4,-2.0,-2.18,0.9491116639791416,2.2936865212827757,True,True,False
TATASTEEL,2026-08-07T10:19:00+05:30,188.01,TIME_HORIZON,40,5.5311991705023145,5.351199170502315,4.916621484890873,0.3841110535069596,True,True,True
TATASTEEL,2026-08-07T13:54:00+05:30,187.29,STOP_LOSS,2,-2.0,-2.18,0.6314188032001021,1.6646495720727443,True,True,False
TATASTEEL,2026-08-11T10:06:00+05:30,189.6,STOP_LOSS,1,-2.0,-2.18,0.15472307108298175,4.796415203563199,False,False,False
TATASTEEL,2026-08-11T10:42:00+05:30,189.2,STOP_LOSS,3,-2.0,-2.18,0.5315908585349377,1.8225972292619341,True,True,False
TATASTEEL,2026-08-12T10:58:00+05:30,186.56,STOP_LOSS,1,-2.0,-2.18,0.0,1.5730497786987543,False,False,False
TATASTEEL,2026-08-12T11:32:00+05:30,184.96,STOP_LOSS,32,-2.0,-2.18,0.7998632820535099,2.8143337701885156,True,True,False
TATASTEEL,2026-08-13T12:46:00+05:30,183.72,TIME_HORIZON,40,1.4391076984282938,1.2591076984282938,0.9385484989750515,0.6882688992483414,True,True,False
TATASTEEL,2026-08-14T09:19:00+05:30,182.81,STOP_LOSS,12,-2.0,-2.18,1.2358368857330275,1.1783561003500675,True,True,True
TATASTEEL,2026-08-14T10:33:00+05:30,180.82,STOP_LOSS,1,-2.0,-2.18,0.7725864605161582,3.090345842064084,True,True,False
TATASTEEL,2026-08-19T09:35:00+05:30,182.51,TIME_HORIZON,40,12.930269716100115,12.750269716100116,9.57432185085273,0.04935217448888677,True,True,True
TATASTEEL,2026-08-21T11:41:00+05:30,183.06,STOP_LOSS,7,-2.0,-2.18,0.5251359618383503,1.3566012347490302,True,True,False
TCS,2023-08-29T11:57:00+05:30,3365.15,VWAP_Z_TARGET,20,10.451877897669434,10.271877897669434,5.678183665560611,0.07537411945439192,True,True,True
TCS,2023-11-01T15:20:00+05:30,3329.4,STOP_LOSS,9,-2.0,-2.18,1.0723949685815002,1.876691195017964,True,True,True
TCS,2024-10-16T09:18:00+05:30,4074.4,TIME_HORIZON,40,1.326534411397484,1.146534411397484,1.160717609972787,0.386905869990929,True,True,True
TCS,2024-10-22T10:29:00+05:30,4058.0,VWAP_Z_TARGET,38,10.674875496908783,10.494875496908783,5.46910129822653,0.0,True,True,True
TCS,2024-10-22T13:27:00+05:30,4054.45,STOP_LOSS,10,-2.0,-2.18,0.21075232851367398,1.0387079048169334,False,False,False
TCS,2024-10-31T09:17:00+05:30,4037.0,STOP_LOSS,3,-2.0,-2.18,0.48014490120186487,1.2745664650085788,True,False,False
TCS,2024-11-18T09:27:00+05:30,4096.25,STOP_LOSS,12,-2.0,-2.18,0.21231113609005217,1.0762995093454306,False,False,False
TCS,2025-01-07T09:57:00+05:30,4046.2,STOP_LOSS,7,-2.0,-2.18,0.5751066937127493,1.6778886012442438,True,True,False
TCS,2025-01-17T09:16:00+05:30,4120.35,TIME_HORIZON,40,1.8603176618528627,1.6803176618528628,1.8210497428691519,0.9964234442114462,True,True,True
TCS,2025-01-27T09:52:00+05:30,4116.05,STOP_LOSS,3,-2.0,-2.18,0.552776397277775,1.0342268078100898,True,True,False
TCS,2025-02-01T11:55:00+05:30,4084.25,STOP_LOSS,20,-2.0,-2.18,3.9928535377012033,1.6933547533383766,True,True,True
TCS,2025-02-03T09:18:00+05:30,4008.75,VWAP_Z_TARGET,23,8.380851366719487,8.200851366719487,4.190425683359743,0.7901271691888562,True,True,True
TCS,2025-02-11T10:22:00+05:30,4007.3,TIME_HORIZON,40,-1.1281389581813783,-1.3081389581813783,3.060906438006716,0.713381988261765,True,True,True
TCS,2025-02-19T09:19:00+05:30,3824.3,STOP_LOSS,2,-2.0,-2.18,0.3375351013352214,1.485154445874993,True,False,False
TCS,2025-02-24T09:17:00+05:30,3744.1,STOP_LOSS,8,-2.0,-2.18,0.602213575142681,1.0355135865257885,True,True,False
TCS,2025-02-28T09:16:00+05:30,3576.7,STOP_LOSS,5,-2.0,-2.18,1.0637462357419016,1.0920373590328578,True,True,True
TCS,2025-02-28T09:40:00+05:30,3526.85,STOP_LOSS,3,-2.0,-2.18,0.2987232164166445,1.2375676108688942,True,False,False
TCS,2025-03-11T09:16:00+05:30,3542.0,TIME_HORIZON,40,5.937108196364405,5.757108196364405,4.491259032039403,0.4179032468314651,True,True,True
TCS,2025-03-12T09:16:00+05:30,3538.05,STOP_LOSS,6,-2.0,-2.18,0.9566786993796522,1.109252457470404,True,True,False
TCS,2025-03-19T09:19:00+05:30,3483.4,STOP_LOSS,1,-2.0,-2.18,0.0,1.087859233489385,False,False,False
TCS,2025-03-21T09:16:00+05:30,3478.95,VWAP_Z_TARGET,20,7.717480255676693,7.5374802556766936,3.864174973088843,0.0,True,True,True
TCS,2025-04-03T09:16:00+05:30,3463.4,STOP_LOSS,30,-2.0,-2.18,0.7982374878503428,1.1705602737027918,True,True,False
TCS,2025-04-04T09:16:00+05:30,3348.8,STOP_LOSS,6,-2.0,-2.18,1.5482444256203456,1.1274128871128672,True,True,True
TCS,2025-04-07T09:16:00+05:30,3091.7,TIME_HORIZON,40,1.0810589283928098,0.9010589283928099,0.7346143127441245,0.4008136611701974,True,True,False
TCS,2025-05-09T09:16:00+05:30,3421.5,STOP_LOSS,9,-2.0,-2.18,0.8485720894954815,1.1617355987140394,True,True,False
TCS,2025-05-15T10:06:00+05:30,3521.2,STOP_LOSS,2,-2.0,-2.18,0.5669071934817475,1.0671194230242338,True,True,False
TCS,2025-05-19T09:16:00+05:30,3510.9,TIME_HORIZON,40,3.8586515570808615,3.6786515570808613,2.6667120708621876,0.7272851102351672,True,True,True
TCS,2025-05-22T09:16:00+05:30,3493.6,STOP_LOSS,3,-2.0,-2.18,0.37979310249675224,1.154571031590113,True,False,False
TCS,2025-05-27T09:16:00+05:30,3517.0,STOP_LOSS,1,-2.0,-2.18,0.13698281122003897,1.455442369212583,False,False,False
TCS,2025-05-30T15:01:00+05:30,3475.6,STOP_LOSS,1,-2.0,-2.18,0.0,12.480418021294842,False,False,False
TCS,2025-06-13T09:16:00+05:30,3399.7,TIME_HORIZON,40,8.173122653630308,7.993122653630309,4.554027751653768,0.48254598693016887,True,True,True
TCS,2025-06-18T10:10:00+05:30,3491.1,STOP_LOSS,13,-2.0,-2.18,0.9122252661349246,1.1592862757130722,True,True,False
TCS,2025-06-23T09:17:00+05:30,3402.1,STOP_LOSS,10,-2.0,-2.18,1.0977423341530312,1.137903639061031,True,True,True
TCS,2025-07-11T09:16:00+05:30,3314.2,TIME_HORIZON,40,-1.0232529810531368,-1.2032529810531367,0.7011177833142126,0.6253212661991463,True,True,False
TCS,2025-07-21T09:22:00+05:30,3169.9,STOP_LOSS,5,-2.0,-2.18,0.09767650992573722,1.102349183447905,False,False,False
TCS,2025-07-28T09:16:00+05:30,3096.0,STOP_LOSS,2,-2.0,-2.18,0.21446611203053506,1.8899826122691854,False,False,False
TCS,2025-07-31T09:16:00+05:30,3036.8,STOP_LOSS,1,-2.0,-2.18,0.24024591147603008,2.40245911476112,False,False,False
TCS,2025-08-06T10:36:00+05:30,3029.1,STOP_LOSS,1,-2.0,-2.18,0.9250015368909779,1.0223701197215138,True,True,False
TCS,2025-08-18T12:10:00+05:30,3007.6,STOP_LOSS,1,-2.0,-2.18,0.0,1.2787743738583135,False,False,False
TCS,2025-09-05T10:09:00+05:30,3077.3,STOP_LOSS,1,-2.0,-2.18,3.429270562935367,1.5882937344122028,True,True,True
TCS,2025-09-15T09:17:00+05:30,3120.9,STOP_LOSS,2,-2.0,-2.18,0.07192659637822427,1.0609172965785831,False,False,False
TCS,2025-09-22T09:16:00+05:30,3068.0,TIME_HORIZON,40,2.7541873560718964,2.574187356071896,1.5005306463753159,0.05014626838787093,True,True,True
TCS,2025-09-25T09:16:00+05:30,3022.0,STOP_LOSS,2,-2.0,-2.18,0.555506322983211,1.076293500780001,True,True,False
TCS,2025-10-14T11:20:00+05:30,2972.7,TIME_HORIZON,40,1.8095723216844426,1.6295723216844427,2.0062649653457796,0.8654476321098108,True,True,True
TCS,2025-10-28T10:06:00+05:30,3069.6,STOP_LOSS,27,-2.0,-2.18,0.5484590805282767,1.206609977162109,True,True,False
TCS,2025-10-28T11:04:00+05:30,3054.2,STOP_LOSS,13,-2.0,-2.18,2.9052500436162436,1.4772457848895926,True,True,True
TCS,2025-11-07T09:16:00+05:30,2983.1,STOP_LOSS,1,-2.0,-2.18,0.1612508815882522,1.7737596974707746,False,False,False
TCS,2025-11-13T14:13:00+05:30,3104.0,TIME_HORIZON,40,0.7965946672466407,0.6165946672466407,1.9914866681167152,0.3485101669204478,True,True,True
TCS,2025-12-08T13:36:00+05:30,3216.2,STOP_LOSS,33,-2.0,-2.18,1.9556348689023848,1.4717664477305643,True,True,True
TCS,2025-12-26T10:59:00+05:30,3288.2,STOP_LOSS,4,-2.0,-2.18,2.494303242039634,1.4253161383081885,True,True,True
TCS,2025-12-29T10:02:00+05:30,3268.0,STOP_LOSS,2,-2.0,-2.18,0.1470197650738572,1.5804624745436724,False,False,False
TCS,2025-12-29T11:07:00+05:30,3257.2,STOP_LOSS,4,-2.0,-2.18,0.22696171434056697,1.4071626289114738,False,False,False
TCS,2025-12-31T10:13:00+05:30,3219.4,STOP_LOSS,12,-2.0,-2.18,0.23673835236055998,1.3415173300434124,False,False,False
TCS,2025-12-31T14:58:00+05:30,3200.0,VWAP_Z_TARGET,33,6.802525237446904,6.622525237446904,4.4216414043405265,0.0,True,True,True
TCS,2026-01-08T09:16:00+05:30,3265.7,STOP_LOSS,7,-2.0,-2.18,0.6106575912450993,1.272203315093957,True,True,False
TCS,2026-01-12T11:33:00+05:30,3181.6,STOP_LOSS,1,-2.0,-2.18,0.0,2.0043538901945515,False,False,False
TCS,2026-01-14T10:07:00+05:30,3224.0,STOP_LOSS,4,-2.0,-2.18,0.13830649812242524,1.9708675982440484,False,False,False
TCS,2026-01-14T10:31:00+05:30,3209.7,STOP_LOSS,1,-2.0,-2.18,0.057326564753388126,1.1751945774428272,False,False,False
TCS,2026-01-19T11:18:00+05:30,3166.3,STOP_LOSS,4,-2.0,-2.18,0.5722529654720803,1.612712902694367,True,True,False
TCS,2026-01-20T10:31:00+05:30,3135.8,STOP_LOSS,1,-2.0,-2.18,0.08861848278468214,1.1963495175944179,False,False,False
TCS,2026-01-29T09:16:00+05:30,3177.4,STOP_LOSS,2,-2.0,-2.18,0.49428822038080145,1.0676625560225492,True,False,False
TCS,2026-01-30T09:16:00+05:30,3111.2,STOP_LOSS,1,-2.0,-2.18,0.5353266574122894,1.1853661699842433,True,True,False
TCS,2026-02-04T09:16:00+05:30,3062.3,TIME_HORIZON,40,-0.6824885663484639,-0.8624885663484638,0.04618343682056511,0.7979471583998942,False,False,False
TCS,2026-02-05T11:54:00+05:30,2986.5,TIME_HORIZON,40,6.823215591362164,6.643215591362164,5.200621639757863,0.5408646505348934,True,True,True
TCS,2026-02-06T09:17:00+05:30,2957.9,STOP_LOSS,6,-2.0,-2.18,0.6603213822028963,1.2370577793168194,True,True,False
TCS,2026-02-11T12:01:00+05:30,2945.1,STOP_LOSS,15,-2.0,-2.18,2.933500427639945,1.294191365135235,True,True,True
TCS,2026-02-12T09:16:00+05:30,2861.3,STOP_LOSS,1,-2.0,-2.18,0.021790434032711314,1.6560729864875958,False,False,False
TCS,2026-02-13T09:16:00+05:30,2598.7,TIME_HORIZON,40,1.2791625006075507,1.0991625006075507,1.0327437504905006,0.05814375002761251,True,True,True
TCS,2026-02-18T09:44:00+05:30,2689.8,STOP_LOSS,6,-2.0,-2.18,0.5880891889605909,1.0291560806810898,True,True,False
TCS,2026-02-18T10:05:00+05:30,2664.1,STOP_LOSS,4,-2.0,-2.18,1.1806130192907371,1.0306939057299789,True,True,True
TCS,2026-02-19T15:24:00+05:30,2671.4,STOP_LOSS,1,-2.0,-2.18,0.03003502503413407,1.0812609012297827,False,False,False
TCS,2026-02-24T09:16:00+05:30,2618.7,STOP_LOSS,4,-2.0,-2.18,0.6210695356529569,1.5109602136033753,True,True,False
TCS,2026-02-27T14:30:00+05:30,2634.8,STOP_LOSS,32,-2.0,-2.18,6.48588325851566,1.1792515015484644,True,True,True
TCS,2026-03-04T12:43:00+05:30,2586.0,TIME_HORIZON,40,11.524865249773535,11.344865249773536,7.957645053414664,0.0,True,True,True
TCS,2026-03-04T13:38:00+05:30,2583.0,TIME_HORIZON,40,9.019442313190797,8.839442313190798,4.74707490167933,0.9098560228219434,True,True,True
TCS,2026-03-05T10:12:00+05:30,2561.8,STOP_LOSS,2,-2.0,-2.18,0.35616706963714173,2.1963635960962025,True,False,False
TCS,2026-03-09T09:16:00+05:30,2522.4,STOP_LOSS,2,-2.0,-2.18,0.30886705206304205,1.4600987915708779,True,False,False
TCS,2026-03-10T12:22:00+05:30,2499.4,STOP_LOSS,2,-2.0,-2.18,0.17778435254802466,1.1733767268170274,False,False,False
TCS,2026-03-10T12:43:00+05:30,2491.7,TIME_HORIZON,40,3.625165921093579,3.445165921093579,2.361850524348817,0.8788281020831935,True,True,True
TCS,2026-03-11T10:46:00+05:30,2480.2,STOP_LOSS,7,-2.0,-2.18,0.7054269118650209,1.0077527312356789,True,True,False
TCS,2026-03-12T10:13:00+05:30,2444.2,STOP_LOSS,2,-2.0,-2.18,0.1771944302573034,1.417555442058427,False,False,False
TCS,2026-03-13T09:17:00+05:30,2424.8,STOP_LOSS,1,-2.0,-2.18,0.1563960218610124,1.133871158492762,False,False,False
TCS,2026-03-16T10:05:00+05:30,2388.6,STOP_LOSS,13,-2.0,-2.18,1.946941358522996,1.408970719983764,True,True,True
TCS,2026-03-17T09:35:00+05:30,2360.4,TIME_HORIZON,40,7.027518526767747,6.847518526767748,3.607459510407429,0.06246683134906084,True,True,True
TCS,2026-03-19T09:16:00+05:30,2407.9,STOP_LOSS,1,-2.0,-2.18,0.7575770636841408,1.0204099225132996,True,True,False
TCS,2026-03-23T09:16:00+05:30,2353.0,VWAP_Z_TARGET,20,6.661181898850651,6.481181898850651,3.3305909494253254,0.4613006855159742,True,True,True
TCS,2026-03-25T14:25:00+05:30,2388.0,STOP_LOSS,6,-2.0,-2.18,1.7566815473460793,1.519292149056057,True,True,True
TCS,2026-03-25T14:54:00+05:30,2383.1,STOP_LOSS,1,-2.0,-2.18,0.5035777628280876,1.342874034207852,True,True,False
TCS,2026-03-30T09:17:00+05:30,2359.2,VWAP_Z_TARGET,20,9.991104471409542,9.811104471409543,5.0898079382652135,0.5655342153627743,True,True,True
TCS,2026-03-30T13:55:00+05:30,2351.9,STOP_LOSS,34,-2.0,-2.18,2.788063725840323,1.528073388201006,True,True,True
TCS,2026-04-09T09:16:00+05:30,2533.2,VWAP_Z_TARGET,5,6.010480165387949,5.830480165387949,3.0670762983872657,0.25971210591181176,True,True,True
TCS,2026-04-10T09:16:00+05:30,2537.8,STOP_LOSS,23,-2.0,-2.18,0.9776491411412372,2.227757878994015,True,True,False
TCS,2026-04-13T09:16:00+05:30,2498.9,STOP_LOSS,1,-2.0,-2.18,0.0,1.0876125898499003,False,False,False
TCS,2026-04-20T09:16:00+05:30,2570.0,STOP_LOSS,1,-2.0,-2.18,0.022756867693616713,2.0026043570401337,False,False,False
TCS,2026-04-22T09:16:00+05:30,2566.5,STOP_LOSS,15,-2.0,-2.18,1.1133378301317882,1.0471989491338696,True,True,True
TCS,2026-04-22T11:45:00+05:30,2536.7,STOP_LOSS,10,-2.0,-2.18,0.6716312750389876,1.4308666294306671,True,True,False
TCS,2026-04-22T12:13:00+05:30,2520.0,STOP_LOSS,1,-2.0,-2.18,0.09018109817210578,1.1422939101793685,False,False,False
TCS,2026-04-23T14:45:00+05:30,2520.0,STOP_LOSS,2,-2.0,-2.18,0.6259861450310225,1.1381566273292258,True,True,False
TCS,2026-04-24T09:16:00+05:30,2495.0,STOP_LOSS,8,-2.0,-2.18,1.284499879688145,1.9695664821885153,True,True,True
TCS,2026-04-30T10:52:00+05:30,2458.0,STOP_LOSS,1,-2.0,-2.18,0.5454881500910568,1.0909763001821136,True,True,False
TCS,2026-04-30T11:32:00+05:30,2440.0,TIME_HORIZON,40,12.247519309468643,12.067519309468643,7.307686521316327,0.8165012872979095,True,True,True
TCS,2026-05-04T12:18:00+05:30,2431.1,STOP_LOSS,26,-2.0,-2.18,2.4345827468275565,1.6057886202478224,True,True,True
TCS,2026-05-08T10:22:00+05:30,2381.9,STOP_LOSS,5,-2.0,-2.18,2.4081779110928405,1.0450583387762749,True,True,True
TCS,2026-05-12T09:16:00+05:30,2341.0,STOP_LOSS,3,-2.0,-2.18,0.6818456242289,1.3550602911890486,True,True,False
TCS,2026-05-12T09:34:00+05:30,2306.6,TIME_HORIZON,40,-1.2924557371739536,-1.4724557371739535,0.9693418028804913,0.8770235359394721,True,True,False
TCS,2026-05-13T11:07:00+05:30,2287.0,TIME_HORIZON,40,2.962420016226504,2.782420016226504,3.6029432629783575,0.7606213555176897,True,True,True
TCS,2026-05-13T12:02:00+05:30,2280.1,STOP_LOSS,1,-2.0,-2.18,1.3864435700108493,1.050336037886949,True,True,True
TCS,2026-05-13T12:34:00+05:30,2279.5,STOP_LOSS,4,-2.0,-2.18,1.5110230710651065,1.0338578907288523,True,True,True
TCS,2026-05-14T09:16:00+05:30,2229.4,TIME_HORIZON,40,-0.23001418465170753,-0.4100141846517075,2.2590678849719805,0.27930293850563415,True,True,True
TCS,2026-05-20T13:23:00+05:30,2323.2,TIME_HORIZON,40,5.24946062529991,5.06946062529991,3.368403901234228,0.0,True,True,True
TCS,2026-05-25T09:16:00+05:30,2306.0,STOP_LOSS,1,-2.0,-2.18,0.47428100717243865,1.530634159511159,True,False,False
TCS,2026-05-26T11:31:00+05:30,2286.5,TIME_HORIZON,40,8.18908119179898,8.00908119179898,4.246190247599565,0.0,True,True,True
TCS,2026-05-26T14:02:00+05:30,2279.0,STOP_LOSS,2,-2.0,-2.18,0.19511217290289398,1.1706730374171421,False,False,False
TCS,2026-05-27T14:41:00+05:30,2265.7,VWAP_Z_TARGET,16,10.126521139922465,9.946521139922465,5.182396112784012,0.0,True,True,True
TCS,2026-05-29T15:05:00+05:30,2264.3,STOP_LOSS,3,-2.0,-2.18,0.02810890140410327,1.574098478631253,False,False,False
TCS,2026-06-03T09:16:00+05:30,2351.2,STOP_LOSS,4,-2.0,-2.18,0.5455755651657042,1.375596510460504,True,True,False
TCS,2026-06-05T10:48:00+05:30,2222.5,STOP_LOSS,41,-2.0,-2.18,2.8447220954518775,1.691456381079509,True,True,True
TCS,2026-06-05T12:33:00+05:30,2215.5,STOP_LOSS,2,-2.0,-2.18,0.1810705338744852,1.0864232032467054,False,False,False
TCS,2026-06-08T09:16:00+05:30,2162.0,STOP_LOSS,8,-2.0,-2.18,0.49113430328240204,1.0827278958725255,True,False,False
TCS,2026-06-09T12:50:00+05:30,2140.7,STOP_LOSS,1,-2.0,-2.18,0.0,1.2537912768593302,False,False,False
TCS,2026-06-09T14:05:00+05:30,2135.3,STOP_LOSS,8,-2.0,-2.18,0.7538495362677088,1.0470132448164209,True,True,False
TCS,2026-06-11T09:16:00+05:30,2132.7,STOP_LOSS,1,-2.0,-2.18,0.2536773345262971,1.1838275611227198,True,False,False
TCS,2026-06-18T09:16:00+05:30,2196.2,STOP_LOSS,5,-2.0,-2.18,0.9433423326548105,1.1641245807228353,True,True,False
TCS,2026-06-18T11:27:00+05:30,2187.5,STOP_LOSS,2,-2.0,-2.18,0.0,1.0594244000659587,False,False,False
TCS,2026-06-19T09:16:00+05:30,2073.2,TIME_HORIZON,40,0.5498258553545126,0.36982585535451257,0.34147079437807093,0.3848780987481509,True,False,False
TCS,2026-06-23T09:16:00+05:30,2096.2,STOP_LOSS,15,-2.0,-2.18,0.5654894381679816,1.1111371416633313,True,True,False
TCS,2026-06-30T09:27:00+05:30,2066.2,STOP_LOSS,5,-2.0,-2.18,0.4338213145370369,1.2443821916982414,True,False,False
TCS,2026-07-01T13:43:00+05:30,2003.1,STOP_LOSS,1,-2.0,-2.18,0.0,1.0806317129681982,False,False,False
TCS,2026-07-01T14:05:00+05:30,1997.6,STOP_LOSS,1,-2.0,-2.18,0.12478757747823085,1.1854819860428385,False,False,False
TCS,2026-07-01T14:38:00+05:30,1986.7,STOP_LOSS,1,-2.0,-2.18,0.0,1.2259085837442165,False,False,False
TCS,2026-07-06T09:16:00+05:30,2081.9,STOP_LOSS,1,-2.0,-2.18,0.0,1.2235686776123285,False,False,False
TCS,2026-07-06T09:57:00+05:30,2062.7,STOP_LOSS,8,-2.0,-2.18,0.6814866333000092,1.3926031202215938,True,True,False
TCS,2026-07-08T09:38:00+05:30,2084.0,STOP_LOSS,15,-2.0,-2.18,0.23977941689740703,1.246852967866473,False,False,False
TCS,2026-07-08T13:59:00+05:30,2070.8,STOP_LOSS,7,-2.0,-2.18,0.530898344823023,1.5302364056665525,True,True,False
TCS,2026-07-09T09:17:00+05:30,2027.5,STOP_LOSS,1,-2.0,-2.18,0.08934715748337155,1.1168394685422078,False,False,False
TCS,2026-07-10T15:22:00+05:30,2065.6,VWAP_Z_TARGET,9,23.37889687578945,23.19889687578945,11.689448437894725,0.483035059417132,True,True,True
TCS,2026-07-15T09:16:00+05:30,2153.0,TIME_HORIZON,40,4.489264384721704,4.309264384721704,3.303787642435899,0.6801915734426851,True,True,True
TCS,2026-07-20T11:56:00+05:30,2249.2,STOP_LOSS,5,-2.0,-2.18,1.2471090203565822,1.6808860709152114,True,True,True
TCS,2026-07-20T15:13:00+05:30,2249.3,STOP_LOSS,3,-2.0,-2.18,0.34780953878403936,1.6396735399824163,True,False,False
TCS,2026-07-21T09:49:00+05:30,2235.6,STOP_LOSS,35,-2.0,-2.18,1.9567644219165612,1.32369357953173,True,True,True
TCS,2026-07-22T09:17:00+05:30,2209.0,STOP_LOSS,1,-2.0,-2.18,0.0,1.6495487940011466,False,False,False
TCS,2026-07-22T10:27:00+05:30,2203.9,TIME_HORIZON,40,7.0967938610484556,6.916793861048456,4.981403383235861,0.9894568363962013,True,True,True
TCS,2026-07-23T09:18:00+05:30,2196.7,VWAP_Z_TARGET,32,7.645737656661934,7.4657376566619345,3.9469879461339197,0.7695385303782845,True,True,True
TCS,2026-07-31T09:16:00+05:30,2346.9,TIME_HORIZON,40,1.2692942144471577,1.0892942144471578,0.7921507688703128,0.31037486265680353,True,True,False
TCS,2026-08-05T10:05:00+05:30,2432.7,STOP_LOSS,3,-2.0,-2.18,0.15747660011114123,1.2073206008512074,False,False,False
TCS,2026-08-06T12:28:00+05:30,2391.2,TIME_HORIZON,40,-0.0646708638485026,-0.2446708638485026,1.5197653004412814,0.7113795023341167,True,True,True
TCS,2026-08-06T13:51:00+05:30,2385.1,STOP_LOSS,41,-2.0,-2.18,3.7003604699737527,1.1385724522996161,True,True,True
TCS,2026-08-06T14:59:00+05:30,2375.4,STOP_LOSS,5,-2.0,-2.18,1.2657755747781598,1.6877007663711996,True,True,True
TCS,2026-08-10T15:11:00+05:30,2424.1,VWAP_Z_TARGET,8,17.865250733987597,17.685250733987598,9.231375379267838,0.0,True,True,True
TCS,2026-08-12T09:19:00+05:30,2426.8,VWAP_Z_TARGET,13,2.857042544706091,2.677042544706091,1.4753580353810258,0.0,True,True,True
TCS,2026-08-12T09:48:00+05:30,2428.3,STOP_LOSS,13,-2.0,-2.18,0.3850375523878537,2.271721559088372,True,False,False
TCS,2026-08-12T10:21:00+05:30,2417.0,STOP_LOSS,8,-2.0,-2.18,1.1340814496785454,2.387539894059981,True,True,True
TCS,2026-08-12T10:51:00+05:30,2395.7,STOP_LOSS,2,-2.0,-2.18,0.2644596076946293,2.01650450867106,True,False,False
TCS,2026-08-14T11:00:00+05:30,2336.9,TIME_HORIZON,40,4.131722606484968,3.9517226064849678,2.739007121152865,0.8124173664436651,True,True,True
TCS,2026-08-17T09:21:00+05:30,2339.5,STOP_LOSS,5,-2.0,-2.18,0.05929483772812097,1.1710730451301363,False,False,False
TCS,2026-08-18T09:16:00+05:30,2302.6,STOP_LOSS,1,-2.0,-2.18,0.24040533253916122,2.098082902160106,False,False,False
TCS,2026-08-19T10:04:00+05:30,2269.0,STOP_LOSS,10,-2.0,-2.18,1.2914418139723975,1.1215152595023534,True,True,True
TCS,2026-08-19T11:04:00+05:30,2258.8,VWAP_Z_TARGET,28,25.54693748872205,25.36693748872205,13.27934869463287,0.3161749689198302,True,True,True
TCS,2026-08-21T09:16:00+05:30,2283.1,STOP_LOSS,1,-2.0,-2.18,0.26734339937987195,1.2178977082859332,True,False,False
TECHM,2024-04-16T12:26:00+05:30,1119.9,STOP_LOSS,16,-2.0,-2.18,1.1626705376303021,1.162670537630491,True,True,True
TECHM,2024-04-18T15:02:00+05:30,1102.6,STOP_LOSS,11,-2.0,-2.18,1.0678328029841322,1.384227707572,True,True,True
TECHM,2024-04-23T12:46:00+05:30,1122.2,TIME_HORIZON,40,11.062239345508457,10.882239345508458,5.964932980421334,0.3253599807502052,True,True,True
TECHM,2024-04-25T12:25:00+05:30,1096.0,TIME_HORIZON,40,9.25552066198063,9.07552066198063,5.008870005307188,0.10888847837626744,True,True,True
TECHM,2024-04-30T09:18:00+05:30,1200.5,STOP_LOSS,1,-2.0,-2.18,0.28944137012176163,1.0337191790062243,True,False,False
TECHM,2024-05-30T13:25:00+05:30,1173.0,STOP_LOSS,20,-2.0,-2.18,0.8212290006484989,1.2318435009728004,True,True,False
TECHM,2024-06-04T09:16:00+05:30,1138.2,VWAP_Z_TARGET,39,5.6128949439684135,5.432894943968414,2.8064474719842067,0.9567434563582523,True,True,True
TECHM,2025-02-28T09:20:00+05:30,1478.0,STOP_LOSS,7,-2.0,-2.18,0.4786571131911888,1.3106087623091933,True,False,False
TECHM,2025-03-04T09:18:00+05:30,1391.1,TIME_HORIZON,40,2.7294701994283606,2.5494701994283604,1.6376821196570255,0.22634630922087937,True,True,True
TECHM,2025-03-11T09:16:00+05:30,1397.2,TIME_HORIZON,40,-0.43099789519657516,-0.6109978951965751,3.310847467645981,0.7640417233029427,True,True,True
TECHM,2025-03-19T09:24:00+05:30,1348.5,TIME_HORIZON,40,0.757295872367022,0.5772958723670221,1.532622598838087,0.9015427051988748,True,True,True
TECHM,2025-03-21T09:16:00+05:30,1327.6,VWAP_Z_TARGET,20,8.882748608752525,8.702748608752525,4.460768951993608,0.7176019618424148,True,True,True
TECHM,2025-04-03T09:16:00+05:30,1333.5,STOP_LOSS,30,-2.0,-2.18,1.0823748646337825,1.6891607735951613,True,True,True
TECHM,2025-04-04T09:20:00+05:30,1285.4,TIME_HORIZON,40,-0.7738685593672158,-0.9538685593672158,1.783262332454732,0.7738685593671775,True,True,True
TECHM,2025-04-07T09:16:00+05:30,1193.7,STOP_LOSS,1,-2.0,-2.18,0.0,1.4052780868223127,False,False,False
TECHM,2025-04-16T09:16:00+05:30,1232.5,VWAP_Z_TARGET,12,5.213147606791653,5.033147606791653,2.829994415115491,0.14894707447973893,True,True,True
TECHM,2025-04-25T09:16:00+05:30,1338.9,VWAP_Z_TARGET,6,4.346428617340809,4.166428617340809,2.246405464143758,0.16327257759441413,True,True,True
TECHM,2025-09-05T10:11:00+05:30,1454.0,STOP_LOSS,1,-2.0,-2.18,0.0,3.2814855232748315,False,False,False
TECHM,2025-09-22T09:16:00+05:30,1428.0,TIME_HORIZON,40,2.3894680204584335,2.2094680204584334,1.3051384732206939,0.26418210787246926,True,True,True
TECHM,2025-09-25T14:12:00+05:30,1401.8,TIME_HORIZON,40,9.488930972399402,9.308930972399402,7.195772654069654,0.31629769907987215,True,True,True
TECHM,2025-09-29T11:41:00+05:30,1363.2,STOP_LOSS,8,-2.0,-2.18,0.8661697487918352,1.6168501977447327,True,True,False
TECHM,2025-10-03T12:22:00+05:30,1365.5,TIME_HORIZON,40,4.025575880135866,3.845575880135866,3.4504936115450904,0.6709293133560503,True,True,True
TECHM,2025-10-10T12:34:00+05:30,1415.7,TIME_HORIZON,40,5.89499607541033,5.714996075410331,3.525438829412071,0.8669111875603582,True,True,True
TECHM,2025-10-15T09:16:00+05:30,1405.6,TIME_HORIZON,40,3.3836459110154724,3.2036459110154722,3.240000565736501,0.2713300966380006,True,True,True
TECHM,2025-10-31T09:16:00+05:30,1388.8,VWAP_Z_TARGET,10,11.064150131021666,10.884150131021666,5.865907181532948,0.715354534333289,True,True,True
TECHM,2025-11-04T10:20:00+05:30,1378.6,STOP_LOSS,24,-2.0,-2.18,2.259642946549156,1.2167308173724398,True,True,True
TECHM,2025-11-04T11:12:00+05:30,1374.4,TIME_HORIZON,40,2.176417617534179,1.9964176175341792,2.584495920821799,0.8161566065755491,True,True,True
TECHM,2025-11-07T09:22:00+05:30,1361.2,STOP_LOSS,13,-2.0,-2.18,0.07588837356263213,1.1838586275770544,False,False,False
TECHM,2025-12-24T09:16:00+05:30,1583.6,STOP_LOSS,1,-2.0,-2.18,0.04709607264576703,1.4599782520167435,False,False,False
TECHM,2026-01-05T09:33:00+05:30,1549.1,STOP_LOSS,5,-2.0,-2.18,0.05073851372574327,1.369939870594722,False,False,False
TECHM,2026-01-08T10:23:00+05:30,1557.6,STOP_LOSS,3,-2.0,-2.18,0.33974031726258036,1.3589612690501498,True,False,False
TECHM,2026-01-21T10:55:00+05:30,1622.0,STOP_LOSS,2,-2.0,-2.18,0.7563364687311743,1.7351248400303352,True,True,False
TECHM,2026-01-29T09:57:00+05:30,1693.2,TIME_HORIZON,40,9.70654895129757,9.52654895129757,6.678437526320059,0.16592391369743142,True,True,True
TECHM,2026-02-04T09:16:00+05:30,1574.2,TIME_HORIZON,40,1.6609145400451462,1.4809145400451462,1.077349971921172,0.0822975672995358,True,True,True
TECHM,2026-02-06T09:21:00+05:30,1580.4,STOP_LOSS,10,-2.0,-2.18,0.41018540149346766,1.2159067258556826,True,False,False
TECHM,2026-02-12T09:16:00+05:30,1554.2,STOP_LOSS,3,-2.0,-2.18,0.04598120184584507,2.574947303368212,False,False,False
TECHM,2026-02-18T09:16:00+05:30,1464.2,STOP_LOSS,28,-2.0,-2.18,1.6995141905172542,1.182995171830655,True,True,True
TECHM,2026-02-24T09:17:00+05:30,1377.3,STOP_LOSS,6,-2.0,-2.18,0.7171513311454699,1.329718093165551,True,True,False
TECHM,2026-03-09T09:16:00+05:30,1274.5,TIME_HORIZON,40,1.418931837633995,1.238931837633995,2.1541965171352526,0.3998807906059323,True,True,True
TECHM,2026-04-09T09:16:00+05:30,1401.2,STOP_LOSS,1,-2.0,-2.18,0.5285276244904822,1.3741718236752858,True,True,False
TECHM,2026-04-09T09:45:00+05:30,1401.3,STOP_LOSS,3,-2.0,-2.18,0.4716895264255254,1.0159466723011505,True,False,False
TECHM,2026-04-13T09:23:00+05:30,1383.4,TIME_HORIZON,40,0.9109152896377669,0.7309152896377669,0.8374543791831062,0.9256074717287525,True,True,False
TECHM,2026-04-22T09:17:00+05:30,1407.9,TIME_HORIZON,40,1.832781218347662,1.652781218347662,2.086962555198813,0.6287643595791393,True,True,True
TECHM,2026-05-12T09:16:00+05:30,1386.2,STOP_LOSS,18,-2.0,-2.18,0.7726322590361872,1.0744417352222315,True,True,False
TECHM,2026-05-14T09:16:00+05:30,1313.9,TIME_HORIZON,40,-1.5142618565132067,-1.6942618565132066,3.397382370382115,0.9706806772520329,True,True,True
TECHM,2026-06-03T09:17:00+05:30,1503.9,STOP_LOSS,2,-2.0,-2.18,0.09291244788563258,1.2078618225134172,False,False,False
TECHM,2026-06-11T09:16:00+05:30,1426.0,STOP_LOSS,1,-2.0,-2.18,0.13286738110743732,2.1037335342014094,False,False,False
TECHM,2026-06-18T09:16:00+05:30,1406.7,STOP_LOSS,1,-2.0,-2.18,0.07176001322737201,1.411280260138552,False,False,False
TECHM,2026-06-19T09:16:00+05:30,1323.9,TIME_HORIZON,40,1.3557001160754416,1.1757001160754417,0.7776350919620594,0.3096776914893169,True,True,False
TECHM,2026-07-09T09:17:00+05:30,1408.7,STOP_LOSS,3,-2.0,-2.18,0.19823553949772865,1.4619871037958545,False,False,False
TECHM,2026-07-15T09:16:00+05:30,1459.3,TIME_HORIZON,40,5.3104447209451004,5.130444720945101,3.622153046656226,0.2148734858185675,True,True,True
TECHM,2026-07-22T09:17:00+05:30,1556.1,TIME_HORIZON,40,1.694885437498165,1.514885437498165,1.714145499287899,0.8667027805388166,True,True,True
TECHM,2026-07-31T09:16:00+05:30,1618.0,TIME_HORIZON,40,5.384383782113285,5.204383782113285,3.315384458430864,0.06647387385324648,True,True,True
TITAN,2023-07-17T15:23:00+05:30,3023.6,STOP_LOSS,8,-2.0,-2.18,3.542653160737052,9.447075095298839,True,True,True
TITAN,2023-07-20T10:01:00+05:30,2967.65,TIME_HORIZON,40,4.208853769483625,4.028853769483625,3.660359528247671,0.3693940808323562,True,True,True
TITAN,2023-07-21T14:52:00+05:30,2975.5,STOP_LOSS,1,-2.0,-2.18,0.8370634232616158,1.452551234483458,True,True,False
TITAN,2023-07-27T11:46:00+05:30,2985.25,TIME_HORIZON,40,6.723460604982578,6.543460604982578,3.6866559079365935,0.39990843747106536,True,True,True
TITAN,2023-07-28T09:45:00+05:30,2978.4,STOP_LOSS,27,-2.0,-2.18,1.5289122613818937,1.093855926842337,True,True,True
TITAN,2023-08-02T09:41:00+05:30,2976.85,TIME_HORIZON,40,4.6816034674167,4.5016034674167,4.567418016991902,0.6394385223788039,True,True,True
TITAN,2023-08-03T09:33:00+05:30,2933.75,STOP_LOSS,18,-2.0,-2.18,0.28408041143868556,1.2768975194563945,True,False,False
TITAN,2023-08-16T09:16:00+05:30,2980.3,TIME_HORIZON,40,4.566119773343885,4.386119773343886,3.6989109791817145,0.39820811976837334,True,True,True
TITAN,2025-02-24T09:16:00+05:30,3162.0,VWAP_Z_TARGET,16,4.277064576592554,4.097064576592555,2.1504793960521114,0.7048793575948695,True,True,True
TITAN,2025-02-25T09:16:00+05:30,3149.5,VWAP_Z_TARGET,19,8.530775174783177,8.350775174783177,4.461047568464595,0.0978299905365035,True,True,True
TITAN,2025-03-04T09:16:00+05:30,3044.05,STOP_LOSS,1,-2.0,-2.18,0.1005692303472757,1.1188326876138353,False,False,False
TITAN,2025-03-12T10:51:00+05:30,3024.9,TIME_HORIZON,40,3.2159297542835503,3.03592975428355,2.7849288593796517,0.9448865772894843,True,True,True
TITAN,2025-03-25T10:58:00+05:30,3057.05,TIME_HORIZON,40,1.6817143235325822,1.5017143235325823,5.465571551480892,0.5465571551481657,True,True,True
TITAN,2025-04-07T09:16:00+05:30,2970.95,TIME_HORIZON,40,1.6848038940253691,1.5048038940253692,1.288031096486869,0.6928719001791327,True,True,True
TITAN,2025-09-25T09:16:00+05:30,3398.0,STOP_LOSS,1,-2.0,-2.18,0.3479185034690541,1.2922687271706432,True,False,False
TITAN,2025-10-09T09:19:00+05:30,3529.3,TIME_HORIZON,40,6.736067370135602,6.556067370135603,5.07554843703235,0.4542929156603223,True,True,True
TITAN,2025-12-08T13:57:00+05:30,3774.8,STOP_LOSS,21,-2.0,-2.18,1.9327433057663914,1.1952491496187732,True,True,True
TITAN,2025-12-16T09:16:00+05:30,3837.6,STOP_LOSS,1,-2.0,-2.18,0.0,1.2445853568645717,False,False,False
TITAN,2026-01-29T09:17:00+05:30,3932.4,STOP_LOSS,1,-2.0,-2.18,0.0661866207181536,1.704305483493029,False,False,False
TITAN,2026-02-01T10:54:00+05:30,3916.4,STOP_LOSS,9,-2.0,-2.18,0.8157985917394563,2.3237899279853327,True,True,False
TITAN,2026-02-19T13:01:00+05:30,4221.3,STOP_LOSS,4,-2.0,-2.18,0.10682177929873118,1.196403928145867,False,False,False
TITAN,2026-03-12T09:23:00+05:30,4036.8,TIME_HORIZON,40,2.348319941917363,2.1683199419173627,1.4545563819338956,0.13143581764462983,True,True,True
TITAN,2026-03-30T09:17:00+05:30,3918.4,VWAP_Z_TARGET,29,9.265208498724139,9.085208498724139,4.632604249362069,0.24441961070254897,True,True,True
TITAN,2026-04-02T09:16:00+05:30,3982.3,STOP_LOSS,4,-2.0,-2.18,0.3831005096500048,1.1270928037529822,True,False,False
TITAN,2026-04-17T10:38:00+05:30,4385.3,STOP_LOSS,2,-2.0,-2.18,0.3458959870601857,1.0232756283864173,True,False,False
TITAN,2026-05-07T10:36:00+05:30,4268.4,TIME_HORIZON,40,1.213573537873375,1.033573537873375,1.1352784709137047,0.7242293693759257,True,True,True
TITAN,2026-05-08T13:53:00+05:30,4242.9,STOP_LOSS,1,-2.0,-2.18,1.1750985466989687,2.0391415957423282,True,True,True
TITAN,2026-05-18T09:16:00+05:30,4100.6,STOP_LOSS,1,-2.0,-2.18,0.0,1.1664781153897383,False,False,False
TITAN,2026-06-09T09:41:00+05:30,4147.1,STOP_LOSS,2,-2.0,-2.18,0.1677950415895757,1.4786938040086783,False,False,False
TITAN,2026-06-11T09:17:00+05:30,3977.6,STOP_LOSS,1,-2.0,-2.18,0.10926166185057738,1.2439019964525302,False,False,False
TITAN,2026-06-23T12:01:00+05:30,4333.5,STOP_LOSS,1,-2.0,-2.18,0.0,2.294647326582708,False,False,False
TITAN,2026-06-25T10:25:00+05:30,4226.6,TIME_HORIZON,40,3.6005693679008934,3.4205693679008933,4.28639210464392,0.20574682102303293,True,True,True
TITAN,2026-07-03T14:53:00+05:30,4455.0,VWAP_Z_TARGET,39,5.9217392377622025,5.741739237762203,2.9608696188811012,0.7402174047202753,True,True,True
TITAN,2026-07-13T09:16:00+05:30,4531.0,VWAP_Z_TARGET,39,7.7576585491992365,7.577658549199237,4.675374572062021,0.5454603667405848,True,True,True
TRENT,2023-07-05T09:25:00+05:30,1148.9,TIME_HORIZON,40,-0.7302674520311889,-0.9102674520311889,1.5579038976665032,0.5355294648228829,True,True,True
TRENT,2023-07-07T12:38:00+05:30,1146.2,STOP_LOSS,1,-2.0,-2.18,0.256887334528964,2.363363477666539,True,False,False
TRENT,2023-07-10T12:35:00+05:30,1125.8,STOP_LOSS,7,-2.0,-2.18,0.6230995958390726,1.4538990569576262,True,True,False
TRENT,2023-07-12T11:38:00+05:30,1114.0,TIME_HORIZON,40,10.88612823198048,10.70612823198048,5.843289418636584,0.24013518158776992,True,True,True
TRENT,2023-07-13T14:44:00+05:30,1108.3,STOP_LOSS,2,-2.0,-2.18,0.678233709120053,1.6277609018880346,True,True,False
TRENT,2023-07-28T09:17:00+05:30,1129.1,VWAP_Z_TARGET,35,7.397381115285218,7.217381115285218,3.950057877093979,0.0,True,True,True
TRENT,2023-07-28T11:35:00+05:30,1131.2,STOP_LOSS,3,-2.0,-2.18,0.0,1.2220870277524407,False,False,False
TRENT,2023-08-01T09:47:00+05:30,1157.1,TIME_HORIZON,40,-0.13501510037294692,-0.3150151003729469,3.915437910819145,0.5400604014922482,True,True,True
TRENT,2025-01-21T09:17:00+05:30,4016.0,STOP_LOSS,22,-2.0,-2.18,2.9365931483537686,1.134015797923371,True,True,True
TRENT,2025-01-21T10:06:00+05:30,3948.6,STOP_LOSS,8,-2.0,-2.18,0.78243226453106,1.2639290427039813,True,True,False
TRENT,2025-02-04T09:35:00+05:30,3954.3,STOP_LOSS,4,-2.0,-2.18,0.33553654640503555,1.1175531747200351,True,False,False
TRENT,2025-02-06T14:12:00+05:30,3675.5,STOP_LOSS,2,-2.0,-2.18,0.4434424348126578,1.2471818479106203,True,False,False
TRENT,2025-02-24T09:17:00+05:30,3307.3,TIME_HORIZON,40,1.3802276954898964,1.2002276954898965,1.2198982157108118,0.9131809500464045,True,True,True
TRENT,2025-02-28T09:16:00+05:30,3154.1,TIME_HORIZON,40,1.6417557456335834,1.4617557456335835,3.107124510331363,0.37312630582581724,True,True,True
TRENT,2025-03-10T09:18:00+05:30,3285.7,STOP_LOSS,34,-2.0,-2.18,2.498584865328596,1.1268127824030922,True,True,True
TRENT,2025-03-21T11:31:00+05:30,3448.1,STOP_LOSS,13,-2.0,-2.18,2.3824523917042293,1.0087861478386968,True,True,True
TRENT,2025-04-07T09:16:00+05:30,3337.7,STOP_LOSS,7,-2.0,-2.18,0.0,1.7072804530756753,False,False,False
TRENT,2025-06-03T15:21:00+05:30,3717.7,STOP_LOSS,2,-2.0,-2.18,0.0947249615187854,1.1682745253975875,False,False,False
TRENT,2025-06-04T09:35:00+05:30,3700.3,STOP_LOSS,4,-2.0,-2.18,0.4162790933918285,1.1386457554542633,True,False,False
TRENT,2025-06-10T11:34:00+05:30,3890.0,TIME_HORIZON,40,-0.8629474318768637,-1.0429474318768637,2.8702381973293756,0.43147371593843187,True,True,True
TRENT,2025-06-26T12:50:00+05:30,4023.3,STOP_LOSS,7,-2.0,-2.18,1.1491608019280997,1.0513598826151551,True,True,True
TRENT,2025-07-04T09:16:00+05:30,3828.0,TIME_HORIZON,40,0.3044256661257533,0.12442566612575329,0.36404235907537763,0.7610641653143831,True,False,False
TRENT,2025-07-08T10:16:00+05:30,3614.0,STOP_LOSS,1,-2.0,-2.18,0.18395658909012763,1.4164657359939492,False,False,False
TRENT,2025-07-24T09:23:00+05:30,3520.0,STOP_LOSS,23,-2.0,-2.18,0.22483789259814607,1.0531880232229212,False,False,False
TRENT,2025-08-20T09:26:00+05:30,3634.0,TIME_HORIZON,40,0.8669132636537209,0.686913263653721,1.55810086575611,0.7029026462057543,True,True,True
TRENT,2025-09-08T13:43:00+05:30,3600.7,STOP_LOSS,4,-2.0,-2.18,0.4407819465002086,1.1867206251927032,True,False,False
TRENT,2025-10-06T15:21:00+05:30,3174.7,STOP_LOSS,2,-2.0,-2.18,0.0,1.0686464370978552,False,False,False
TRENT,2025-10-13T09:17:00+05:30,3093.3,TIME_HORIZON,40,2.4521233042834054,2.2721233042834053,2.530861208549471,0.40493779336795627,True,True,True
TRENT,2025-10-31T10:09:00+05:30,3140.0,STOP_LOSS,1,-2.0,-2.18,0.8702775831157792,1.0791442030635345,True,True,False
TRENT,2025-11-10T09:16:00+05:30,2950.4,STOP_LOSS,3,-2.0,-2.18,0.5601143893032725,1.0174229729749589,True,True,False
TRENT,2025-11-13T15:01:00+05:30,2897.4,STOP_LOSS,1,-2.0,-2.18,0.13749616904685538,1.5353738876901804,False,False,False
TRENT,2025-11-18T09:46:00+05:30,2922.3,STOP_LOSS,5,-2.0,-2.18,0.17104922460721728,1.9243037768329445,False,False,False
TRENT,2025-11-25T15:02:00+05:30,2829.5,STOP_LOSS,15,-2.0,-2.18,0.9258108677000874,1.2668990821158042,True,True,False
TRENT,2025-12-15T09:16:00+05:30,2684.7,STOP_LOSS,2,-2.0,-2.18,0.39217241507328554,1.2680241420702663,True,False,False
TRENT,2026-01-06T09:16:00+05:30,2740.7,TIME_HORIZON,40,0.42566148210378335,0.24566148210378336,0.23186438456059558,0.43950413192828386,False,False,False
TRENT,2026-01-13T13:02:00+05:30,2582.3,STOP_LOSS,1,-2.0,-2.18,0.32202992806173586,1.5654232614112553,True,False,False
TRENT,2026-01-20T09:40:00+05:30,2585.3,STOP_LOSS,15,-2.0,-2.18,1.7824678844779849,1.0694807306867908,True,True,True
TRENT,2026-01-29T10:06:00+05:30,2518.8,STOP_LOSS,5,-2.0,-2.18,0.6994126496787771,1.027262329215822,True,True,False
TRENT,2026-02-01T12:31:00+05:30,2474.5,TIME_HORIZON,40,2.3275383364013194,2.147538336401319,2.7567974558196453,0.4197200278756627,True,True,True
TRENT,2026-02-11T09:37:00+05:30,2770.0,STOP_LOSS,4,-2.0,-2.18,0.267697459763601,2.587742111047827,True,False,False
TRENT,2026-02-19T10:41:00+05:30,2749.9,STOP_LOSS,4,-2.0,-2.18,0.7671219443517634,1.022829259135733,True,True,False
TRENT,2026-02-19T11:04:00+05:30,2732.0,STOP_LOSS,10,-2.0,-2.18,0.7915459601887596,1.2555556609890028,True,True,False
TRENT,2026-02-26T12:01:00+05:30,2571.3,STOP_LOSS,8,-2.0,-2.18,0.6932815479252827,1.188482653586199,True,True,False
TRENT,2026-03-09T09:17:00+05:30,2412.5,STOP_LOSS,3,-2.0,-2.18,0.0,1.0152694569382672,False,False,False
TRENT,2026-03-11T11:36:00+05:30,2438.5,TIME_HORIZON,40,4.581504353822764,4.401504353822764,2.290752176911382,0.5028480388342678,True,True,True
TRENT,2026-03-12T09:22:00+05:30,2363.5,TIME_HORIZON,40,0.2317436856430065,0.05174368564300649,0.7497589829627483,0.40214345449820754,True,True,False
TRENT,2026-03-19T09:16:00+05:30,2390.8,STOP_LOSS,1,-2.0,-2.18,0.12516294033563585,1.8148626348673955,False,False,False
TRENT,2026-03-23T09:16:00+05:30,2322.9,TIME_HORIZON,40,-0.7929348779593032,-0.9729348779593032,0.5371494334562843,0.6138850668071696,True,True,False
TRENT,2026-03-27T09:19:00+05:30,2279.4,VWAP_Z_TARGET,14,13.80193039193059,13.62193039193059,7.087118399709975,0.704722842747924,True,True,True
TRENT,2026-04-02T09:16:00+05:30,2276.9,TIME_HORIZON,40,2.2374206018226652,2.057420601822665,1.6701872098112924,0.5120857011213912,True,True,True
TRENT,2026-04-13T09:19:00+05:30,2545.9,TIME_HORIZON,40,3.607983490720223,3.427983490720223,1.8888189434177969,0.1244132238179538,True,True,True
TRENT,2026-04-23T10:02:00+05:30,2849.3,STOP_LOSS,12,-2.0,-2.18,1.2774227129398439,1.0059703864401561,True,True,True
TRENT,2026-04-28T09:16:00+05:30,2816.5,STOP_LOSS,26,-2.0,-2.18,2.344311748656304,1.6060478278087587,True,True,True
TRENT,2026-04-30T09:16:00+05:30,2783.8,STOP_LOSS,5,-2.0,-2.18,0.7024063946569531,1.1523854912341291,True,True,False
TRENT,2026-05-04T12:12:00+05:30,2739.5,STOP_LOSS,2,-2.0,-2.18,0.0,1.8759591646002405,False,False,False
TRENT,2026-05-29T15:07:00+05:30,2805.9,STOP_LOSS,3,-2.0,-2.18,0.12789347667053863,1.087094551699772,False,False,False
TRENT,2026-06-02T09:17:00+05:30,2731.7,TIME_HORIZON,40,4.264786443023475,4.084786443023475,4.050723803026166,0.09056496307578027,True,True,True
TRENT,2026-06-11T09:17:00+05:30,2704.5,STOP_LOSS,1,-2.0,-2.18,0.16805324113082762,1.1296912320459962,False,False,False
TRENT,2026-06-19T11:18:00+05:30,3143.3,TIME_HORIZON,40,2.4942750902470845,2.3142750902470843,3.3257001203295125,0.48135133320565276,True,True,True
TRENT,2026-07-07T09:16:00+05:30,3028.5,TIME_HORIZON,40,-0.6920383785577318,-0.8720383785577317,0.2922844445908545,0.3859131663957241,True,False,False
TRENT,2026-07-13T09:16:00+05:30,2875.1,TIME_HORIZON,40,6.057360348626762,5.8773603486267625,3.7452875369857654,0.21633429816522834,True,True,True
TRENT,2026-07-14T09:21:00+05:30,2881.2,STOP_LOSS,11,-2.0,-2.18,0.6231253642554707,1.4266291234269004,True,True,False
TRENT,2026-08-12T11:06:00+05:30,2986.1,STOP_LOSS,1,-2.0,-2.18,0.9654330177733491,1.4351031345278455,True,True,False
ULTRACEMCO,2023-07-05T14:41:00+05:30,8209.0,STOP_LOSS,1,-2.0,-2.18,0.0,1.1049587657543327,False,False,False
ULTRACEMCO,2023-07-07T11:43:00+05:30,8183.0,STOP_LOSS,2,-2.0,-2.18,0.5880077369439071,1.4700193423597678,True,True,False
ULTRACEMCO,2023-07-12T09:30:00+05:30,8073.0,STOP_LOSS,12,-2.0,-2.18,0.4420105484725928,1.0313579464360498,True,False,False
ULTRACEMCO,2023-07-18T09:22:00+05:30,8007.0,TIME_HORIZON,40,1.7050000141020978,1.5250000141020978,1.5500000128200888,0.0,True,True,True
ULTRACEMCO,2023-07-21T09:17:00+05:30,7988.0,STOP_LOSS,1,-2.0,-2.18,0.5120042768273717,1.974873639191291,True,True,False
ULTRACEMCO,2023-07-28T11:18:00+05:30,8081.0,STOP_LOSS,4,-2.0,-2.18,0.6499349587674388,1.2070220662823863,True,True,False
ULTRACEMCO,2023-08-01T14:54:00+05:30,8122.0,STOP_LOSS,21,-2.0,-2.18,1.6036372794634217,1.1225460956243953,True,True,True
ULTRACEMCO,2023-08-03T09:16:00+05:30,7980.0,STOP_LOSS,2,-2.0,-2.18,1.9355404440160047,2.31505817813679,True,True,True
ULTRACEMCO,2023-08-09T10:17:00+05:30,7961.0,STOP_LOSS,2,-2.0,-2.18,0.0,1.4502250463330686,False,False,False
ULTRACEMCO,2023-08-09T12:46:00+05:30,7943.0,STOP_LOSS,5,-2.0,-2.18,0.18659695356032394,1.1195817213619437,False,False,False
ULTRACEMCO,2023-08-09T13:12:00+05:30,7936.0,STOP_LOSS,1,-2.0,-2.18,0.0,1.1852759798612558,False,False,False
ULTRACEMCO,2023-08-11T09:20:00+05:30,7910.0,STOP_LOSS,2,-2.0,-2.18,0.0,1.1099210930706493,False,False,False
ULTRACEMCO,2023-08-11T11:03:00+05:30,7908.0,TIME_HORIZON,40,4.971843811898477,4.791843811898477,4.806115684835195,0.4971843811898477,True,True,True
ULTRACEMCO,2023-08-14T09:34:00+05:30,7890.0,VWAP_Z_TARGET,8,7.155739885101958,6.975739885101958,3.7128839026472424,0.06750698004813167,True,True,True
ULTRACEMCO,2023-08-14T11:00:00+05:30,7899.0,STOP_LOSS,3,-2.0,-2.18,0.8716904871340294,1.089613108917537,True,True,False
ULTRACEMCO,2023-08-14T15:22:00+05:30,7889.0,STOP_LOSS,2,-2.0,-2.18,0.0,2.297015172185705,False,False,False
ULTRACEMCO,2023-08-22T14:35:00+05:30,8047.0,STOP_LOSS,35,-2.0,-2.18,2.132112406614632,1.476077819963976,True,True,True
ULTRACEMCO,2023-08-23T10:32:00+05:30,8011.0,TIME_HORIZON,40,1.9959917943310588,1.8159917943310588,2.5947893326303766,0.39919835886621174,True,True,True
ULTRACEMCO,2023-08-25T09:16:00+05:30,7981.0,STOP_LOSS,1,-2.0,-2.18,0.4019860684441411,2.5459117668128934,True,False,False
ULTRACEMCO,2023-08-25T10:10:00+05:30,7976.0,STOP_LOSS,9,-2.0,-2.18,0.23597764843879823,1.6518435390715875,False,False,False
ULTRACEMCO,2023-09-05T14:12:00+05:30,8295.0,STOP_LOSS,18,-2.0,-2.18,1.2101475563354736,1.2101475563354736,True,True,True
ULTRACEMCO,2023-09-07T12:59:00+05:30,8266.0,TIME_HORIZON,40,10.350123882136517,10.170123882136517,5.544709222573133,0.9241182037621889,True,True,True
ULTRACEMCO,2023-09-08T15:13:00+05:30,8267.0,STOP_LOSS,5,-2.0,-2.18,1.829445807270836,1.5245381727256966,True,True,True
ULTRACEMCO,2023-09-12T09:53:00+05:30,8249.0,STOP_LOSS,4,-2.0,-2.18,0.43165536312078856,1.0483058818647721,True,False,False
ULTRACEMCO,2023-09-18T12:31:00+05:30,8454.0,STOP_LOSS,6,-2.0,-2.18,0.9893947880095989,1.3191930506794651,True,True,False
ULTRACEMCO,2023-09-20T09:17:00+05:30,8396.0,STOP_LOSS,1,-2.0,-2.18,0.05453714760829701,1.1452800997742372,False,False,False
ULTRACEMCO,2023-09-20T10:31:00+05:30,8383.0,STOP_LOSS,7,-2.0,-2.18,1.7053459358145546,1.7053459358145546,True,True,True
ULTRACEMCO,2023-09-21T09:17:00+05:30,8233.0,STOP_LOSS,2,-2.0,-2.18,0.42978145514955884,1.2356216835549816,True,False,False
ULTRACEMCO,2023-09-21T14:51:00+05:30,8139.0,STOP_LOSS,38,-2.0,-2.18,3.645700964046511,1.620311539576227,True,True,True
ULTRACEMCO,2023-09-28T12:40:00+05:30,8012.0,STOP_LOSS,38,-2.0,-2.18,5.789764281163729,3.61860267572733,True,True,True
ULTRACEMCO,2023-09-28T14:37:00+05:30,7985.0,STOP_LOSS,33,-2.0,-2.18,1.597028247063885,1.3151997328761407,True,True,True
ULTRACEMCO,2023-10-04T09:16:00+05:30,8002.0,TIME_HORIZON,40,0.125490530535226,-0.054509469464774,1.0875845979719585,0.4183017684507533,True,True,True
ULTRACEMCO,2023-10-18T11:52:00+05:30,8109.0,STOP_LOSS,1,-2.0,-2.18,0.36715860633844627,1.6522137285230083,True,False,False
ULTRACEMCO,2023-10-19T09:18:00+05:30,8068.0,STOP_LOSS,2,-2.0,-2.18,0.07660865357211853,1.4938687446563115,False,False,False
ULTRACEMCO,2023-10-23T09:16:00+05:30,8218.0,VWAP_Z_TARGET,9,7.545789670129982,7.365789670129982,4.09173101830992,0.3188361832449288,True,True,True
ULTRACEMCO,2023-10-23T12:10:00+05:30,8234.0,STOP_LOSS,23,-2.0,-2.18,3.1549813012885277,1.3284131794899063,True,True,True
ULTRACEMCO,2023-10-25T09:31:00+05:30,8127.0,TIME_HORIZON,40,3.9835341841549634,3.8035341841549632,3.060520165875155,0.5343765368988366,True,True,True
ULTRACEMCO,2023-10-25T12:54:00+05:30,8061.0,STOP_LOSS,4,-2.0,-2.18,1.0639201175684045,1.0639201175684045,True,True,True
ULTRACEMCO,2025-01-13T13:59:00+05:30,10408.0,STOP_LOSS,38,-2.0,-2.18,3.719782173098054,1.582886031105555,True,True,True
ULTRACEMCO,2025-01-14T12:22:00+05:30,10315.0,STOP_LOSS,41,-2.0,-2.18,3.4921834513732946,1.8107617896009673,True,True,True
ULTRACEMCO,2025-01-14T14:19:00+05:30,10279.0,STOP_LOSS,11,-2.0,-2.18,1.4937206246525496,1.2945578746988764,True,True,True
ULTRACEMCO,2025-01-17T10:51:00+05:30,10374.0,STOP_LOSS,6,-2.0,-2.18,2.2550451766488124,1.5375308022605538,True,True,True
ULTRACEMCO,2025-01-27T10:21:00+05:30,10982.0,STOP_LOSS,19,-2.0,-2.18,1.5154182583743332,1.0879925957559315,True,True,True
ULTRACEMCO,2025-01-28T09:27:00+05:30,10880.0,TIME_HORIZON,40,2.360505191266244,2.180505191266244,2.852277106113378,0.8606008509824848,True,True,True
ULTRACEMCO,2025-02-17T09:16:00+05:30,10837.0,VWAP_Z_TARGET,10,11.375044656043837,11.195044656043837,6.060067458678376,0.37254513065645756,True,True,True
ULTRACEMCO,2025-02-25T09:21:00+05:30,10763.0,STOP_LOSS,3,-2.0,-2.18,0.7274039944536188,1.4548079889072376,True,True,False
ULTRACEMCO,2025-02-27T09:16:00+05:30,10364.0,STOP_LOSS,3,-2.0,-2.18,0.0,1.1921608967020045,False,False,False
ULTRACEMCO,2025-02-28T09:17:00+05:30,10085.0,TIME_HORIZON,40,4.239577218580952,4.059577218580952,2.397144128263062,0.6735776889334224,True,True,True
ULTRACEMCO,2025-02-28T12:56:00+05:30,9971.0,STOP_LOSS,4,-2.0,-2.18,0.6595414348016025,1.3790411818578963,True,True,False
ULTRACEMCO,2025-03-12T10:04:00+05:30,10217.0,STOP_LOSS,1,-2.0,-2.18,0.2796205349015039,1.6777232094090233,True,False,False
ULTRACEMCO,2025-03-12T11:40:00+05:30,10159.0,TIME_HORIZON,40,3.188972922065723,3.008972922065723,2.834642597391754,0.23622021644931282,True,True,True
ULTRACEMCO,2025-06-02T10:03:00+05:30,10828.0,STOP_LOSS,1,-2.0,-2.18,0.31795781506310794,4.133451595820403,True,False,False
ULTRACEMCO,2025-06-03T12:52:00+05:30,10805.0,STOP_LOSS,14,-2.0,-2.18,1.5734265734265735,2.097902097902098,True,True,True
ULTRACEMCO,2025-09-10T14:22:00+05:30,12191.0,STOP_LOSS,8,-2.0,-2.18,1.4949101821874624,2.840329346156179,True,True,True
ULTRACEMCO,2025-09-11T15:29:00+05:30,12118.0,STOP_LOSS,2,-2.0,-2.18,5.248462157054765,1.8623575396000778,True,True,True
ULTRACEMCO,2025-09-12T14:14:00+05:30,12110.0,STOP_LOSS,2,-2.0,-2.18,0.3573912724361683,1.072173817308505,True,False,False
ULTRACEMCO,2025-09-19T15:04:00+05:30,12253.0,STOP_LOSS,7,-2.0,-2.18,0.6863670750230177,1.1231461227649382,True,True,False
ULTRACEMCO,2025-09-24T11:03:00+05:30,12095.0,STOP_LOSS,1,-2.0,-2.18,0.0,1.0332626743501692,False,False,False
ULTRACEMCO,2025-09-24T13:32:00+05:30,12022.0,STOP_LOSS,13,-2.0,-2.18,1.104746317512275,1.2274959083469723,True,True,True
ULTRACEMCO,2025-09-24T14:33:00+05:30,11989.0,STOP_LOSS,11,-2.0,-2.18,1.7173489713071108,1.0494910380210123,True,True,True
ULTRACEMCO,2025-09-24T14:59:00+05:30,11972.0,STOP_LOSS,3,-2.0,-2.18,0.3727065415863527,1.2423551386211757,True,False,False
ULTRACEMCO,2025-09-25T15:04:00+05:30,11883.0,STOP_LOSS,28,-2.0,-2.18,6.498519747681742,1.6246299369204356,True,True,True
ULTRACEMCO,2025-09-26T10:11:00+05:30,11825.0,STOP_LOSS,5,-2.0,-2.18,0.17183476835778216,1.116925994325584,False,False,False
ULTRACEMCO,2025-09-26T10:31:00+05:30,11767.0,STOP_LOSS,6,-2.0,-2.18,0.22279526696921417,1.262506512825547,False,False,False
ULTRACEMCO,2025-09-29T12:20:00+05:30,11739.0,STOP_LOSS,25,-2.0,-2.18,1.2284858775864433,1.330859700718647,True,True,True
ULTRACEMCO,2025-10-01T10:46:00+05:30,11838.0,STOP_LOSS,4,-2.0,-2.18,0.0,1.1648137084905796,False,False,False
ULTRACEMCO,2025-10-08T10:25:00+05:30,11840.0,STOP_LOSS,34,-2.0,-2.18,3.511513968014876,1.128700918290496,True,True,True
ULTRACEMCO,2025-10-13T09:18:00+05:30,11942.0,TIME_HORIZON,40,1.1651988861764055,0.9851988861764056,1.9558695589389665,0.041614245934871626,True,True,True
ULTRACEMCO,2025-10-13T10:57:00+05:30,11946.0,STOP_LOSS,1,-2.0,-2.18,1.296058577303552,1.62007322162944,True,True,True
ULTRACEMCO,2025-10-13T11:27:00+05:30,11936.0,STOP_LOSS,15,-2.0,-2.18,1.7904832392759122,2.785196149984752,True,True,True
ULTRACEMCO,2025-10-13T14:00:00+05:30,11912.0,TIME_HORIZON,40,4.648071127751441,4.4680711277514416,3.7386659071044197,0.5052251225816784,True,True,True
ULTRACEMCO,2025-10-14T11:11:00+05:30,11845.0,STOP_LOSS,7,-2.0,-2.18,0.5532274057203331,1.6596822171609995,True,True,False
ULTRACEMCO,2025-10-17T09:16:00+05:30,12038.0,STOP_LOSS,2,-2.0,-2.18,0.05291775494867855,1.2700261187682853,False,False,False
ULTRACEMCO,2025-10-20T09:17:00+05:30,11999.0,STOP_LOSS,1,-2.0,-2.18,0.5183346350804601,1.2217887826896559,True,True,False
ULTRACEMCO,2025-10-23T12:26:00+05:30,12005.0,STOP_LOSS,1,-2.0,-2.18,0.0,1.9746205736562836,False,False,False
ULTRACEMCO,2025-10-23T15:11:00+05:30,11896.0,STOP_LOSS,4,-2.0,-2.18,0.20215524226219414,1.7183195592286502,False,False,False
ULTRACEMCO,2025-10-28T12:23:00+05:30,11700.0,TIME_HORIZON,40,14.278329455670614,14.098329455670614,9.054550386522829,0.6965038758863714,True,True,True
ULTRACEMCO,2025-10-28T14:14:00+05:30,11662.0,STOP_LOSS,11,-2.0,-2.18,0.8205667398542433,1.3676112330904056,True,True,False
ULTRACEMCO,2025-10-31T13:38:00+05:30,11748.0,STOP_LOSS,39,-2.0,-2.18,1.2243187552200587,1.6528303195470793,True,True,True
ULTRACEMCO,2025-11-04T12:39:00+05:30,11645.0,STOP_LOSS,3,-2.0,-2.18,0.6972753931415694,1.9175073311393158,True,True,False
ULTRACEMCO,2025-11-04T13:31:00+05:30,11610.0,STOP_LOSS,4,-2.0,-2.18,0.4772027561941064,1.2725406831842838,True,False,False
ULTRACEMCO,2025-11-04T14:13:00+05:30,11605.0,STOP_LOSS,1,-2.0,-2.18,0.18848441278347816,1.130906476700869,False,False,False
ULTRACEMCO,2025-11-10T14:43:00+05:30,11552.0,STOP_LOSS,3,-2.0,-2.18,1.0371878185981909,3.1115634557945726,True,True,True
ULTRACEMCO,2025-11-10T15:09:00+05:30,11505.0,STOP_LOSS,3,-2.0,-2.18,0.0,1.4780348283932292,False,False,False
ULTRACEMCO,2025-11-14T13:46:00+05:30,11553.0,TIME_HORIZON,40,5.746481506456845,5.566481506456845,3.5667816246973523,0.29723180205811267,True,True,True
ULTRACEMCO,2025-11-17T10:43:00+05:30,11552.0,STOP_LOSS,1,-2.0,-2.18,0.0,2.211266242408111,False,False,False
ULTRACEMCO,2025-11-18T09:49:00+05:30,11501.0,STOP_LOSS,1,-2.0,-2.18,0.0,4.216745928808185,False,False,False
ULTRACEMCO,2025-11-19T13:39:00+05:30,11428.0,STOP_LOSS,2,-2.0,-2.18,0.14945699476347582,1.0461989633443307,False,False,False
ULTRACEMCO,2025-11-24T09:16:00+05:30,11455.0,STOP_LOSS,1,-2.0,-2.18,0.13522929446966808,2.5693565949236934,False,False,False
ULTRACEMCO,2025-11-24T14:23:00+05:30,11364.0,STOP_LOSS,39,-2.0,-2.18,2.473924967842274,2.102836222665933,True,True,True
ULTRACEMCO,2025-11-25T15:22:00+05:30,11336.0,STOP_LOSS,1,-2.0,-2.18,0.0,1.856217837303616,False,False,False
ULTRACEMCO,2025-11-27T13:18:00+05:30,11400.0,STOP_LOSS,11,-2.0,-2.18,0.7433089948299828,1.238848324716638,True,True,False
ULTRACEMCO,2025-11-28T12:49:00+05:30,11334.0,STOP_LOSS,1,-2.0,-2.18,0.2492033801621098,1.246016900810549,False,False,False
ULTRACEMCO,2025-12-03T10:43:00+05:30,11317.0,STOP_LOSS,22,-2.0,-2.18,1.959016427436847,8.48907118555967,True,True,True
ULTRACEMCO,2025-12-05T11:07:00+05:30,11335.0,VWAP_Z_TARGET,20,8.15268314304492,7.97268314304492,4.196233970684885,0.0,True,True,True
ULTRACEMCO,2025-12-08T13:21:00+05:30,11339.0,STOP_LOSS,1,-2.0,-2.18,0.0,2.661085375343523,False,False,False
ULTRACEMCO,2025-12-09T09:16:00+05:30,11230.0,STOP_LOSS,4,-2.0,-2.18,1.0090396124967618,1.1406534749963393,True,True,True
ULTRACEMCO,2025-12-16T09:16:00+05:30,11412.0,STOP_LOSS,12,-2.0,-2.18,1.088962955908961,1.0371075770561535,True,True,True
ULTRACEMCO,2025-12-16T10:04:00+05:30,11381.0,TIME_HORIZON,40,4.126687655194553,3.946687655194553,2.6063290453860337,0.4343881742310056,True,True,True
ULTRACEMCO,2025-12-16T11:40:00+05:30,11353.0,STOP_LOSS,16,-2.0,-2.18,1.6694570885435742,1.3355656708348593,True,True,True
ULTRACEMCO,2025-12-18T09:50:00+05:30,11254.0,STOP_LOSS,1,-2.0,-2.18,0.0,1.588971179315326,False,False,False
ULTRACEMCO,2025-12-18T13:32:00+05:30,11246.0,STOP_LOSS,2,-2.0,-2.18,0.22154890799413127,1.8831657179501158,False,False,False
ULTRACEMCO,2025-12-30T10:36:00+05:30,11495.0,STOP_LOSS,11,-2.0,-2.18,1.7054437302228957,1.1369624868152637,True,True,True
ULTRACEMCO,2026-01-09T09:16:00+05:30,11771.0,STOP_LOSS,5,-2.0,-2.18,0.45993788649570533,1.2484028347740572,True,False,False
ULTRACEMCO,2026-01-09T11:03:00+05:30,11729.0,STOP_LOSS,21,-2.0,-2.18,2.707539411561704,1.7100248915126552,True,True,True
ULTRACEMCO,2026-01-09T12:42:00+05:30,11648.0,STOP_LOSS,2,-2.0,-2.18,0.0,1.1693184471478466,False,False,False
ULTRACEMCO,2026-01-09T13:09:00+05:30,11617.0,TIME_HORIZON,40,14.855526181318245,14.675526181318245,7.899367096415257,0.0,True,True,True
ULTRACEMCO,2026-01-12T10:35:00+05:30,11573.0,STOP_LOSS,28,-2.0,-2.18,1.2850945673339529,1.3839479955904108,True,True,True
ULTRACEMCO,2026-01-13T13:57:00+05:30,11758.0,STOP_LOSS,24,-2.0,-2.18,0.9500946261868032,1.2092113424195676,True,True,False
ULTRACEMCO,2026-01-20T15:12:00+05:30,11824.0,STOP_LOSS,3,-2.0,-2.18,0.049012705459334234,1.1763049310240217,False,False,False
ULTRACEMCO,2026-01-21T10:55:00+05:30,11752.0,TIME_HORIZON,40,15.56831647069547,15.38831647069547,10.643644934046902,0.6354414885998151,True,True,True
ULTRACEMCO,2026-02-19T13:32:00+05:30,12497.0,STOP_LOSS,3,-2.0,-2.18,0.0,1.4205016516961566,False,False,False
ULTRACEMCO,2026-02-19T14:04:00+05:30,12462.0,TIME_HORIZON,40,0.45855174602479776,0.27855174602479776,2.3691840211281217,0.8406782010454625,True,True,True
ULTRACEMCO,2026-03-04T09:22:00+05:30,11856.0,STOP_LOSS,13,-2.0,-2.18,0.009813322966921563,1.030398911526764,False,False,False
ULTRACEMCO,2026-03-06T14:58:00+05:30,11740.0,STOP_LOSS,25,-2.0,-2.18,1.5668442640244848,1.0326928103797741,True,True,True
ULTRACEMCO,2026-03-09T09:25:00+05:30,11325.0,TIME_HORIZON,40,0.234534384613617,0.05453438461361701,0.44394008516148936,0.3266728928546808,True,False,False
ULTRACEMCO,2026-03-11T13:11:00+05:30,11284.0,STOP_LOSS,9,-2.0,-2.18,0.8615004583497351,1.2591160545111513,True,True,False
ULTRACEMCO,2026-03-12T09:16:00+05:30,11132.0,STOP_LOSS,4,-2.0,-2.18,0.7147360636120647,1.515240454857577,True,True,False
ULTRACEMCO,2026-03-19T09:16:00+05:30,10812.0,STOP_LOSS,5,-2.0,-2.18,0.11829899254365162,1.0055414366210387,False,False,False
ULTRACEMCO,2026-03-23T09:16:00+05:30,10446.0,TIME_HORIZON,40,-1.9892157398302923,-2.1692157398302925,0.9765240904621435,0.9946078699151462,True,True,False
ULTRACEMCO,2026-03-23T10:52:00+05:30,10276.0,STOP_LOSS,32,-2.0,-2.18,2.940147218445429,1.430341890054533,True,True,True
ULTRACEMCO,2026-03-30T09:16:00+05:30,10644.0,TIME_HORIZON,40,3.3458711588451417,3.1658711588451416,2.422872218474068,0.8268532174157535,True,True,True
ULTRACEMCO,2026-03-30T11:01:00+05:30,10651.0,STOP_LOSS,1,-2.0,-2.18,0.0,1.0865140563634588,False,False,False
ULTRACEMCO,2026-04-02T09:16:00+05:30,10201.0,TIME_HORIZON,40,1.851999769622088,1.671999769622088,1.7793723276761237,0.7807450009191156,True,True,True
ULTRACEMCO,2026-04-13T09:16:00+05:30,11141.0,STOP_LOSS,1,-2.0,-2.18,0.0,1.861826387139641,False,False,False
ULTRACEMCO,2026-04-16T12:37:00+05:30,11506.0,STOP_LOSS,14,-2.0,-2.18,3.4052739500221016,1.3097207500085006,True,True,True
ULTRACEMCO,2026-06-03T09:17:00+05:30,10881.0,VWAP_Z_TARGET,31,2.607992107637218,2.427992107637218,1.4818136975211467,0.6519980269093045,True,True,True
ULTRACEMCO,2026-06-04T11:04:00+05:30,10795.0,STOP_LOSS,28,-2.0,-2.18,2.120257909731594,1.060128954865797,True,True,True
ULTRACEMCO,2026-06-05T10:37:00+05:30,10709.0,STOP_LOSS,3,-2.0,-2.18,0.0,1.4920602543752066,False,False,False
ULTRACEMCO,2026-06-05T12:32:00+05:30,10712.0,STOP_LOSS,6,-2.0,-2.18,1.1691245168263507,1.039221792734534,True,True,True
ULTRACEMCO,2026-06-05T13:42:00+05:30,10638.0,TIME_HORIZON,40,4.769130122661112,4.589130122661112,2.4667914427557474,0.3289055257007663,True,True,True
ULTRACEMCO,2026-06-08T09:16:00+05:30,10559.0,TIME_HORIZON,40,1.9798557740226224,1.7998557740226224,2.595216352435059,0.2943028853276871,True,True,True
ULTRACEMCO,2026-06-17T10:51:00+05:30,11129.0,VWAP_Z_TARGET,17,10.820451963684919,10.640451963684919,5.631051532121743,0.0,True,True,True
ULTRACEMCO,2026-06-17T12:58:00+05:30,11127.0,STOP_LOSS,1,-2.0,-2.18,0.0,1.4290258666662012,False,False,False
ULTRACEMCO,2026-06-18T09:57:00+05:30,11083.0,STOP_LOSS,2,-2.0,-2.18,0.0,1.3103433959130677,False,False,False
ULTRACEMCO,2026-06-19T12:52:00+05:30,11128.0,STOP_LOSS,1,-2.0,-2.18,0.0,1.2513928853182386,False,False,False
ULTRACEMCO,2026-06-23T11:51:00+05:30,11118.0,STOP_LOSS,4,-2.0,-2.18,0.7605839437415058,1.0371599232838717,True,True,False
ULTRACEMCO,2026-06-23T12:19:00+05:30,11090.0,STOP_LOSS,2,-2.0,-2.18,0.0,2.8527082541844693,False,False,False
ULTRACEMCO,2026-06-29T09:46:00+05:30,11228.0,TIME_HORIZON,40,8.046587855587648,7.866587855587648,4.087155736171503,0.38317085026607844,True,True,True
ULTRACEMCO,2026-06-29T11:38:00+05:30,11203.0,STOP_LOSS,4,-2.0,-2.18,0.0,1.0602543872311117,False,False,False
ULTRACEMCO,2026-06-29T13:00:00+05:30,11108.0,TIME_HORIZON,40,12.120632844530524,11.940632844530525,6.355941613595275,0.5912503826600255,True,True,True
ULTRACEMCO,2026-06-30T15:01:00+05:30,11029.0,STOP_LOSS,1,-2.0,-2.18,1.1233775047523376,1.0369638505406193,True,True,True
WIPRO,2023-09-22T09:16:00+05:30,202.8,STOP_LOSS,4,-2.0,-2.18,0.773331134339039,1.23732981494248,True,True,False
WIPRO,2023-09-25T10:16:00+05:30,197.9,TIME_HORIZON,40,1.141766356878855,0.961766356878855,3.0447102850100993,0.19029439281317853,True,True,True
WIPRO,2023-09-28T11:35:00+05:30,196.5,STOP_LOSS,35,-2.0,-2.18,2.6994826247962362,1.6871766404976236,True,True,True
WIPRO,2023-10-04T09:16:00+05:30,192.5,TIME_HORIZON,40,0.22547093052293035,0.04547093052293036,1.4655610483987267,0.45094186104573253,True,True,True
WIPRO,2023-10-09T15:17:00+05:30,193.7,STOP_LOSS,4,-2.0,-2.18,0.29083570750244997,1.4541785375119192,True,False,False
WIPRO,2023-10-12T10:40:00+05:30,200.05,STOP_LOSS,2,-2.0,-2.18,0.9347033172569051,1.4020549758854906,True,True,False
WIPRO,2023-10-12T13:52:00+05:30,199.8,STOP_LOSS,8,-2.0,-2.18,0.5050401078159205,1.262600269539873,True,True,False
WIPRO,2023-10-13T09:16:00+05:30,196.6,TIME_HORIZON,40,1.450468256548183,1.270468256548183,2.3368655244386782,0.5640709886575962,True,True,True
WIPRO,2023-10-16T09:19:00+05:30,195.5,TIME_HORIZON,40,1.5304696594020368,1.350469659402037,1.2435065982641482,0.8608891834136118,True,True,True
WIPRO,2023-10-16T11:25:00+05:30,195.45,STOP_LOSS,1,-2.0,-2.18,0.0,1.1917126509247504,False,False,False
WIPRO,2023-10-18T11:56:00+05:30,195.9,STOP_LOSS,9,-2.0,-2.18,0.22596271768449008,1.1298135884228357,False,False,False
WIPRO,2023-10-18T12:24:00+05:30,195.5,STOP_LOSS,3,-2.0,-2.18,0.0,1.2980635490642514,False,False,False
WIPRO,2023-10-19T09:16:00+05:30,188.85,STOP_LOSS,19,-2.0,-2.18,0.4188063448590732,1.0309079258069367,True,False,False
WIPRO,2023-10-20T10:26:00+05:30,188.0,STOP_LOSS,1,-2.0,-2.18,0.0,1.533582643037837,False,False,False
WIPRO,2023-10-20T11:24:00+05:30,188.1,STOP_LOSS,1,-2.0,-2.18,0.0,1.2062238128136078,False,False,False
WIPRO,2023-10-20T12:05:00+05:30,187.55,STOP_LOSS,40,-2.0,-2.18,3.098999473406891,2.065999648938058,True,True,True
WIPRO,2023-10-23T11:22:00+05:30,186.3,STOP_LOSS,2,-2.0,-2.18,0.0,1.5545068132007143,False,False,False
WIPRO,2023-10-23T12:51:00+05:30,184.8,STOP_LOSS,1,-2.0,-2.18,0.4969910700568611,1.987964280228292,True,False,False
WIPRO,2023-10-23T13:32:00+05:30,183.35,STOP_LOSS,2,-2.0,-2.18,0.5111672804858874,2.044669121943453,True,True,False
WIPRO,2023-10-30T09:32:00+05:30,182.0,VWAP_Z_TARGET,9,3.0674324611784716,2.8874324611784714,1.5337162305892358,0.19171452882364085,True,True,True
WIPRO,2023-10-30T10:01:00+05:30,182.0,VWAP_Z_TARGET,20,6.426314333561572,6.246314333561572,3.213157166780786,0.68853367859592,True,True,True
WIPRO,2023-10-31T11:01:00+05:30,181.7,STOP_LOSS,1,-2.0,-2.18,0.0,1.1699084668191153,False,False,False
WIPRO,2023-11-09T12:29:00+05:30,182.45,TIME_HORIZON,40,1.574250356973195,1.394250356973195,2.361375535459345,0.78712517848615,True,True,True
WIPRO,2023-11-09T13:38:00+05:30,182.2,TIME_HORIZON,40,0.8254508765293744,0.6454508765293745,0.8254508765292572,0.8254508765291398,True,True,False
WIPRO,2023-11-09T14:47:00+05:30,181.55,VWAP_Z_TARGET,32,9.930126175035934,9.750126175035934,4.965063087517967,0.5841250691198976,True,True,True
WIPRO,2023-11-17T15:12:00+05:30,189.05,STOP_LOSS,2,-2.0,-2.18,0.6872745339467797,1.0309118009202671,True,True,False
WIPRO,2023-11-22T11:16:00+05:30,191.1,STOP_LOSS,2,-2.0,-2.18,0.4247926473886005,1.27437794216556,True,False,False
WIPRO,2023-11-24T09:57:00+05:30,190.75,STOP_LOSS,3,-2.0,-2.18,0.0,1.4859072225483707,False,False,False
WIPRO,2023-11-24T11:12:00+05:30,190.35,TIME_HORIZON,40,4.022446265545278,3.8424462655452776,4.424690892099896,0.4022446265543905,True,True,True
WIPRO,2023-12-05T09:30:00+05:30,193.65,TIME_HORIZON,40,0.33174424959350546,0.15174424959350546,0.5805524367886581,0.5805524367886581,True,True,False
WIPRO,2023-12-07T14:53:00+05:30,199.5,VWAP_Z_TARGET,18,6.056656711014517,5.876656711014517,3.0283283555072584,0.7125478483546134,True,True,True
WIPRO,2024-01-17T09:16:00+05:30,227.4,VWAP_Z_TARGET,19,6.656768992991884,6.476768992991884,3.591151693587738,0.131383598545898,True,True,True
WIPRO,2024-01-18T09:26:00+05:30,227.55,STOP_LOSS,3,-2.0,-2.18,0.16902442039066792,1.453610015359748,False,False,False
WIPRO,2024-01-20T09:30:00+05:30,226.9,VWAP_Z_TARGET,28,5.688659289335746,5.508659289335746,3.0561414267176055,0.27232943406395627,True,True,True
WIPRO,2024-02-08T11:05:00+05:30,234.95,STOP_LOSS,1,-2.0,-2.18,0.2812901310411766,1.68774078624666,True,False,False
WIPRO,2024-02-26T10:00:00+05:30,251.95,TIME_HORIZON,40,1.3337221356668663,1.1537221356668663,2.476912537666898,0.19053173366667195,True,True,True
WIPRO,2024-02-28T10:58:00+05:30,249.7,STOP_LOSS,3,-2.0,-2.18,0.31445184549217264,1.1529901001378868,True,False,False
WIPRO,2024-03-19T09:16:00+05:30,242.15,STOP_LOSS,1,-2.0,-2.18,0.0,3.1414629999058743,False,False,False
WIPRO,2024-03-22T09:16:00+05:30,231.35,STOP_LOSS,2,-2.0,-2.18,0.14561669601545316,1.07756355051435,False,False,False
WIPRO,2024-03-26T10:11:00+05:30,230.65,STOP_LOSS,6,-2.0,-2.18,1.1583606788074035,1.0296539367177326,True,True,True
WIPRO,2024-03-27T15:04:00+05:30,225.6,STOP_LOSS,15,-2.0,-2.18,0.9228299191517787,1.054662764744922,True,True,False
WIPRO,2024-04-02T09:16:00+05:30,229.6,TIME_HORIZON,40,-0.39488428655928093,-0.5748842865592809,1.4808160745973875,0.39488428655928093,True,True,True
WIPRO,2024-04-03T09:16:00+05:30,228.15,STOP_LOSS,1,-2.0,-2.18,0.5066805876596899,1.3173695279152053,True,True,False
WIPRO,2024-04-08T09:17:00+05:30,230.55,STOP_LOSS,5,-2.0,-2.18,0.7405772856573247,1.2342954760955724,True,True,False
WIPRO,2024-04-15T09:17:00+05:30,221.65,TIME_HORIZON,40,1.7042206612570967,1.5242206612570968,2.2054620322150695,0.7518620564369595,True,True,True
WIPRO,2024-04-16T09:16:00+05:30,217.45,TIME_HORIZON,40,-1.008164024888516,-1.188164024888516,2.4195936597324725,0.9073476223996414,True,True,True
WIPRO,2024-04-19T09:16:00+05:30,210.15,STOP_LOSS,1,-2.0,-2.18,0.0,1.7121309791467019,False,False,False
WIPRO,2024-05-02T09:21:00+05:30,219.1,STOP_LOSS,28,-2.0,-2.18,1.1080600148500865,1.028912870932207,True,True,True
WIPRO,2024-05-07T10:54:00+05:30,217.35,STOP_LOSS,35,-2.0,-2.18,4.3684341820734796,1.4561447273577872,True,True,True
WIPRO,2024-05-09T09:58:00+05:30,219.65,STOP_LOSS,15,-2.0,-2.18,1.0932931333723048,1.4056626000501822,True,True,True
WIPRO,2024-05-27T09:16:00+05:30,219.9,STOP_LOSS,5,-2.0,-2.18,1.441927107041751,1.1091746977244141,True,True,True
WIPRO,2024-05-29T09:16:00+05:30,216.7,STOP_LOSS,1,-2.0,-2.18,0.3888740066078248,1.9443700330386817,True,False,False
WIPRO,2024-05-29T11:53:00+05:30,214.95,TIME_HORIZON,40,5.625057662145953,5.445057662145953,3.9375403635022095,0.0,True,True,True
WIPRO,2024-06-04T09:16:00+05:30,209.75,STOP_LOSS,7,-2.0,-2.18,3.0569614685699995,2.063448991284741,True,True,True
WIPRO,2024-06-04T12:28:00+05:30,200.35,VWAP_Z_TARGET,26,9.053065522931954,8.873065522931954,4.526532761465977,0.5591599293575528,True,True,True
WIPRO,2024-06-10T09:36:00+05:30,227.75,STOP_LOSS,4,-2.0,-2.18,0.2215585344220044,1.10779267210998,False,False,False
WIPRO,2024-06-20T14:22:00+05:30,233.85,TIME_HORIZON,40,1.8761584485636604,1.6961584485636605,1.0318871467100346,0.9380792242818302,True,True,True
WIPRO,2024-06-27T09:17:00+05:30,235.0,STOP_LOSS,11,-2.0,-2.18,0.6661932553684138,1.0468751155789746,True,True,False
WIPRO,2024-07-04T11:40:00+05:30,255.5,STOP_LOSS,26,-2.0,-2.18,2.2034660173138825,2.2034660173138825,True,True,True
WIPRO,2024-07-10T10:34:00+05:30,255.65,STOP_LOSS,4,-2.0,-2.18,0.41257865313661285,1.567798881919157,True,False,False
WIPRO,2024-07-22T09:16:00+05:30,246.55,TIME_HORIZON,40,-0.827148992094345,-1.007148992094345,0.4029700217895444,0.7741266208062404,True,False,False
WIPRO,2024-07-23T12:24:00+05:30,236.0,STOP_LOSS,7,-2.0,-2.18,1.0403158583030028,1.2239010097682466,True,True,True
WIPRO,2024-07-25T09:16:00+05:30,236.85,TIME_HORIZON,40,4.119790699645911,3.939790699645911,2.4935575287330187,0.9757399025476735,True,True,True
WIPRO,2024-08-08T09:18:00+05:30,234.65,TIME_HORIZON,40,3.9014708483987226,3.7214708483987224,2.2628530920712415,0.5462059187758123,True,True,True
WIPRO,2024-08-12T10:07:00+05:30,233.2,TIME_HORIZON,40,3.26855439016463,3.0885543901646297,2.8599850913939737,0.13618976625680798,True,True,True
WIPRO,2024-09-04T09:16:00+05:30,251.75,STOP_LOSS,7,-2.0,-2.18,0.1724188768641675,1.034513261185054,False,False,False
WIPRO,2024-09-17T09:17:00+05:30,261.8,VWAP_Z_TARGET,22,10.492654755130436,10.312654755130437,5.351253925116547,0.31477964265398467,True,True,True
WIPRO,2024-09-18T09:16:00+05:30,259.7,STOP_LOSS,2,-2.0,-2.18,0.430807376414071,1.6514282762538437,True,False,False
WIPRO,2024-10-03T09:22:00+05:30,256.3,STOP_LOSS,2,-2.0,-2.18,0.0,1.1964017991004843,False,False,False
WIPRO,2024-10-17T15:10:00+05:30,251.3,VWAP_Z_TARGET,21,8.049019362084996,7.869019362084996,4.1477089569928065,0.41066425316760374,True,True,True
WIPRO,2024-10-25T10:49:00+05:30,260.1,STOP_LOSS,1,-2.0,-2.18,0.48086359175657084,1.2823029113511593,True,False,False
WIPRO,2024-11-04T09:48:00+05:30,261.05,STOP_LOSS,2,-2.0,-2.18,0.0,1.5662705400710268,False,False,False
WIPRO,2024-12-03T12:53:00+05:30,276.9,STOP_LOSS,15,-2.0,-2.18,1.3417504269438845,1.1926670461721534,True,True,True
WIPRO,2024-12-19T09:16:00+05:30,291.95,STOP_LOSS,2,-2.0,-2.18,0.33052430423664003,1.3955470623324988,True,False,False
WIPRO,2024-12-30T09:48:00+05:30,291.4,TIME_HORIZON,40,4.774899738309094,4.594899738309095,3.055935832517864,0.38199197906470583,True,True,True
WIPRO,2025-01-06T11:50:00+05:30,278.4,STOP_LOSS,10,-2.0,-2.18,0.40054640724786916,1.3017758235552332,True,False,False
WIPRO,2025-02-01T11:51:00+05:30,299.2,STOP_LOSS,1,-2.0,-2.18,0.0,1.0013050381997226,False,False,False
WIPRO,2025-02-01T12:36:00+05:30,295.8,TIME_HORIZON,40,2.013977646642926,1.833977646642926,2.229760965926149,0.07192777309440773,True,True,True
WIPRO,2025-02-11T10:14:00+05:30,308.5,STOP_LOSS,6,-2.0,-2.18,0.265196688332654,1.0607867533303144,True,False,False
WIPRO,2025-02-11T11:02:00+05:30,306.7,STOP_LOSS,1,-2.0,-2.18,0.43372399382219323,1.5180339783771832,True,False,False
WIPRO,2025-02-21T09:18:00+05:30,303.1,STOP_LOSS,18,-2.0,-2.18,1.6978262332593028,1.0690017024225795,True,True,True
WIPRO,2025-02-24T09:16:00+05:30,294.3,STOP_LOSS,10,-2.0,-2.18,1.4298795055938671,1.2710040049723463,True,True,True
WIPRO,2025-02-28T09:16:00+05:30,281.85,STOP_LOSS,3,-2.0,-2.18,0.14003590445540093,1.0152603073017463,False,False,False
WIPRO,2025-03-04T09:16:00+05:30,271.9,STOP_LOSS,2,-2.0,-2.18,0.0,1.194234728894935,False,False,False
WIPRO,2025-03-12T09:26:00+05:30,263.95,STOP_LOSS,15,-2.0,-2.18,0.24382073395822235,1.015919724825888,False,False,False
WIPRO,2025-03-19T09:20:00+05:30,251.55,STOP_LOSS,4,-2.0,-2.18,0.7316015862306834,1.4144297333793379,True,True,False
WIPRO,2025-03-21T09:16:00+05:30,254.95,VWAP_Z_TARGET,29,10.426351083633227,10.246351083633227,5.289280294251867,0.0,True,True,True
WIPRO,2025-03-28T09:18:00+05:30,261.2,STOP_LOSS,19,-2.0,-2.18,1.0764641370493309,1.3555474318398661,True,True,True
WIPRO,2025-04-03T09:16:00+05:30,250.45,TIME_HORIZON,40,1.583193477760931,1.403193477760931,2.143907834467897,0.4287815668935644,True,True,True
WIPRO,2025-04-04T09:16:00+05:30,245.4,STOP_LOSS,4,-2.0,-2.18,1.1191475079711255,1.1780500083906726,True,True,True
WIPRO,2025-04-07T09:16:00+05:30,226.85,TIME_HORIZON,40,1.1039124221660286,0.9239124221660286,0.9076613248920722,0.8708642441531962,True,True,False
WIPRO,2025-04-09T09:16:00+05:30,232.7,STOP_LOSS,11,-2.0,-2.18,0.7685645888983826,1.0567763097352465,True,True,False
WIPRO,2025-04-17T09:16:00+05:30,229.4,TIME_HORIZON,40,-1.023628171342055,-1.203628171342055,0.03198838035443751,0.9916397909876173,False,False,False
WIPRO,2025-05-06T13:03:00+05:30,236.3,STOP_LOSS,1,-2.0,-2.18,0.40883988550159445,1.2265196565052483,True,False,False
WIPRO,2025-05-09T09:17:00+05:30,232.3,TIME_HORIZON,40,0.5876964014685971,0.40769640146859715,1.5531976324527412,0.5037397726873962,True,True,True
WIPRO,2025-05-19T09:16:00+05:30,246.1,TIME_HORIZON,40,3.374664373849804,3.194664373849804,3.0934423426956448,0.09374067705135088,True,True,True
WIPRO,2025-05-22T09:19:00+05:30,242.0,STOP_LOSS,4,-2.0,-2.18,0.452042818478107,1.0849027643474465,True,False,False
WIPRO,2025-07-11T09:16:00+05:30,252.95,TIME_HORIZON,40,0.22325421794139327,0.04325421794139328,1.8604518161782067,0.7441807264712827,True,True,True
WIPRO,2025-07-17T15:29:00+05:30,252.15,STOP_LOSS,1,-2.0,-2.18,0.8095651990844651,1.169371954233156,True,True,False
WIPRO,2025-07-21T09:17:00+05:30,257.7,STOP_LOSS,2,-2.0,-2.18,0.4751790279786899,2.8510741678719467,True,False,False
WIPRO,2025-07-28T09:16:00+05:30,244.2,TIME_HORIZON,40,1.9125882839486212,1.7325882839486213,1.1827848598103394,0.22649071783601452,True,True,True
WIPRO,2025-07-31T09:16:00+05:30,241.95,STOP_LOSS,32,-2.0,-2.18,0.9181001660565987,1.0201112956184366,True,True,False
WIPRO,2025-08-06T09:18:00+05:30,237.75,STOP_LOSS,6,-2.0,-2.18,0.6094806638574097,1.1173812170718986,True,True,False
WIPRO,2025-08-18T12:03:00+05:30,239.3,STOP_LOSS,2,-2.0,-2.18,0.6400782254197921,1.0667970423664819,True,True,False
WIPRO,2025-09-05T10:17:00+05:30,236.15,VWAP_Z_TARGET,30,5.506699550692305,5.326699550692306,2.799238938268573,0.8718940955262974,True,True,True
WIPRO,2025-09-12T09:41:00+05:30,245.2,STOP_LOSS,14,-2.0,-2.18,0.759138917619141,1.0844841680272739,True,True,False
WIPRO,2025-09-15T09:25:00+05:30,243.9,TIME_HORIZON,40,1.4041018706332644,1.2241018706332645,1.5601131895925553,0.0,True,True,True
WIPRO,2025-09-22T09:16:00+05:30,241.4,TIME_HORIZON,40,2.471394539618694,2.2913945396186937,1.5639293571024537,0.09653884920385557,True,True,True
WIPRO,2025-09-24T09:18:00+05:30,241.25,STOP_LOSS,6,-2.0,-2.18,0.5095559661205226,1.3248455119133702,True,True,False
WIPRO,2025-10-13T09:16:00+05:30,240.45,STOP_LOSS,1,-2.0,-2.18,0.07478105912218447,1.196496945954654,False,False,False
WIPRO,2025-10-13T09:36:00+05:30,239.3,TIME_HORIZON,40,-1.6662656078714873,-1.8462656078714872,0.9372744044276745,0.8331328039357436,True,True,False
WIPRO,2025-10-17T09:16:00+05:30,237.65,TIME_HORIZON,40,-1.4092698994005524,-1.5892698994005523,0.11743915828337936,0.8220741079836555,False,False,False
WIPRO,2025-11-07T09:20:00+05:30,231.05,STOP_LOSS,15,-2.0,-2.18,0.2093025923735443,1.1860480234502957,False,False,False
WIPRO,2025-11-14T09:17:00+05:30,237.55,STOP_LOSS,9,-2.0,-2.18,0.26092935726689737,1.3046467863346847,True,False,False
WIPRO,2025-11-18T09:44:00+05:30,235.85,STOP_LOSS,8,-2.0,-2.18,0.8049068440135365,1.3415114066891767,True,True,False
WIPRO,2025-11-25T09:16:00+05:30,239.05,TIME_HORIZON,40,0.6875654682183486,0.5075654682183486,1.3751309364366973,0.5500523745746867,True,True,True
WIPRO,2025-12-09T09:20:00+05:30,252.2,STOP_LOSS,22,-2.0,-2.18,1.275363042301534,1.4170700470016957,True,True,True
WIPRO,2025-12-12T09:24:00+05:30,251.3,TIME_HORIZON,40,0.20129201820735915,0.021292018207359154,0.603876054622106,0.2516150227592132,True,True,False
WIPRO,2025-12-24T09:16:00+05:30,262.45,STOP_LOSS,26,-2.0,-2.18,0.9949019316774849,1.160718920290336,True,True,False
WIPRO,2025-12-30T15:01:00+05:30,256.5,VWAP_Z_TARGET,12,8.796814464055156,8.616814464055157,4.398407232027578,0.5864542976038105,True,True,True
WIPRO,2025-12-31T09:45:00+05:30,255.3,TIME_HORIZON,40,5.036155346116286,4.856155346116286,3.0576657458562435,0.719450763730971,True,True,True
WIPRO,2025-12-31T12:26:00+05:30,255.35,TIME_HORIZON,40,0.0,-0.18,1.2664909009067373,0.4221636336355391,True,True,True
WIPRO,2026-01-05T09:28:00+05:30,257.45,STOP_LOSS,25,-2.0,-2.18,0.2845431157764047,1.3160119104657555,True,False,False
WIPRO,2026-01-14T09:21:00+05:30,254.45,TIME_HORIZON,40,1.9752827806188828,1.795282780618883,1.504977356662011,0.42327488156117393,True,True,True
WIPRO,2026-01-19T09:16:00+05:30,238.1,TIME_HORIZON,40,1.1648899663650907,0.9848899663650907,0.6704889922682795,0.33185818809237805,True,True,False
WIPRO,2026-02-04T09:16:00+05:30,230.36,TIME_HORIZON,40,1.4023233758516933,1.2223233758516934,0.9433392446107575,0.10379038143639598,True,True,False
WIPRO,2026-02-10T09:16:00+05:30,228.19,VWAP_Z_TARGET,34,7.081384695056331,6.901384695056331,4.1411606403837995,0.5797624896537343,True,True,True
WIPRO,2026-02-12T09:16:00+05:30,224.5,STOP_LOSS,3,-2.0,-2.18,0.1210457439902718,1.0253286549764937,False,False,False
WIPRO,2026-02-13T09:16:00+05:30,209.65,TIME_HORIZON,40,1.2188695210307834,1.0388695210307834,1.6717134055804124,0.029625300858384253,True,True,True
WIPRO,2026-03-12T09:16:00+05:30,200.04,TIME_HORIZON,40,5.143049202346599,4.963049202346599,3.611479403118341,0.6428811502933248,True,True,True
WIPRO,2026-04-02T09:16:00+05:30,188.81,TIME_HORIZON,40,1.6607572002981017,1.4807572002981018,3.46592807018726,0.4151893000744998,True,True,True
WIPRO,2026-04-09T09:16:00+05:30,201.91,VWAP_Z_TARGET,9,6.510325994196971,6.330325994196971,3.2551629970984854,0.5696535244922393,True,True,True
WIPRO,2026-04-17T09:16:00+05:30,204.73,TIME_HORIZON,40,-1.0314061890346091,-1.211406189034609,0.8289806752988494,0.6988499878972808,True,True,False
WIPRO,2026-05-06T12:47:00+05:30,198.5,STOP_LOSS,8,-2.0,-2.18,1.1283782656823387,1.07195935239827,True,True,True
WIPRO,2026-05-12T09:16:00+05:30,194.68,STOP_LOSS,2,-2.0,-2.18,0.9146304885815602,1.8292609771631203,True,True,False
WIPRO,2026-06-05T09:16:00+05:30,193.72,TIME_HORIZON,40,1.2270043635806993,1.0470043635806994,0.6354843446558047,0.11190919276957588,True,True,False
WIPRO,2026-06-08T09:16:00+05:30,191.92,STOP_LOSS,5,-2.0,-2.18,0.1742172072860805,1.574176908692079,False,False,False
WIPRO,2026-06-11T09:19:00+05:30,176.22,TIME_HORIZON,40,0.9020173189152432,0.7220173189152432,1.4045698251680487,0.21906134887940362,True,True,True
WIPRO,2026-06-18T09:16:00+05:30,182.71,STOP_LOSS,1,-2.0,-2.18,0.7153963631759471,1.0360912845997152,True,True,False
WIPRO,2026-06-19T09:16:00+05:30,175.58,TIME_HORIZON,40,1.3763813772736435,1.1963813772736436,1.0195417609434512,0.4396773844068815,True,True,True
WIPRO,2026-06-23T09:16:00+05:30,178.36,STOP_LOSS,1,-2.0,-2.18,0.2703480011504075,1.243600805291967,True,False,False
WIPRO,2026-07-01T12:29:00+05:30,169.48,STOP_LOSS,24,-2.0,-2.18,1.6381845262928847,1.0765212601352063,True,True,True
WIPRO,2026-07-15T09:16:00+05:30,175.08,TIME_HORIZON,40,3.724207463586966,3.544207463586966,3.6724823599260095,0.6724263475921421,True,True,True
WIPRO,2026-07-17T09:16:00+05:30,175.28,STOP_LOSS,1,-2.0,-2.18,0.16409729770903933,1.4137613341087019,False,False,False
WIPRO,2026-07-21T09:49:00+05:30,175.61,STOP_LOSS,36,-2.0,-2.18,2.39695238095226,1.3510095238095077,True,True,True
WIPRO,2026-07-31T09:16:00+05:30,182.15,STOP_LOSS,3,-2.0,-2.18,0.15955142285469165,1.3162992385512273,False,False,False
WIPRO,2026-08-12T10:59:00+05:30,182.97,STOP_LOSS,1,-2.0,-2.18,0.04462083268338887,1.5617291439200056,False,False,False
WIPRO,2026-08-17T09:19:00+05:30,182.5,STOP_LOSS,4,-2.0,-2.18,0.16373913170978727,1.1461739219682316,False,False,False
WIPRO,2026-08-18T09:19:00+05:30,179.99,STOP_LOSS,10,-2.0,-2.18,0.264024494813728,1.5029086627859072,True,False,False
