symbol,bar_index,timestamp,decision_close,next_open,slippage_pct,is_session_start,gap_type
ADANIENT,9,2024-08-01 03:54:00+00:00,3068.8,3069.7,0.029327,True,session
ADANIENT,40,2024-08-01 04:25:00+00:00,3088.8,3088.8,0.0,True,session
ADANIENT,53,2024-08-01 04:38:00+00:00,3095.0,3095.2,0.006462,True,session
ADANIENT,114,2024-08-01 05:39:00+00:00,3093.8,3092.5,0.04202,True,session
ADANIENT,175,2024-08-01 06:40:00+00:00,3069.6,3069.6,0.0,True,session
ADANIENT,209,2024-08-01 07:14:00+00:00,3085.4,3086.5,0.035652,True,session
ADANIENT,232,2024-08-01 07:37:00+00:00,3105.5,3106.2,0.022541,True,session
ADANIENT,284,2024-08-01 08:29:00+00:00,3126.3,3126.9,0.019192,True,session
ADANIENT,340,2024-08-01 09:25:00+00:00,3119.7,3121.2,0.048082,True,session
ADANIENT,343,2024-08-01 09:28:00+00:00,3100.9,3100.9,0.0,True,session
ADANIENT,351,2024-08-01 09:36:00+00:00,3121.7,3120.8,0.02883,True,session
ADANIENT,376,2024-08-02 03:46:00+00:00,3083.6,3085.6,0.064859,True,session
ADANIENT,380,2024-08-02 03:50:00+00:00,3094.6,3096.2,0.051703,True,session
ADANIENT,401,2024-08-02 04:11:00+00:00,3053.1,3052.1,0.032754,True,session
ADANIENT,459,2024-08-02 05:09:00+00:00,3076.2,3076.5,0.009752,True,session
ADANIENT,493,2024-08-02 05:43:00+00:00,3097.8,3097.8,0.0,True,session
ADANIENT,554,2024-08-02 06:44:00+00:00,3097.1,3098.2,0.035517,True,session
ADANIENT,615,2024-08-02 07:45:00+00:00,3097.7,3097.7,0.0,True,session
ADANIENT,676,2024-08-02 08:46:00+00:00,3085.4,3085.4,0.0,True,session
ADANIENT,737,2024-08-02 09:47:00+00:00,3064.0,3064.0,0.0,True,session
ADANIENT,751,2024-08-05 03:46:00+00:00,3026.4,3022.7,0.122257,True,session
ADANIENT,760,2024-08-05 03:55:00+00:00,2979.1,2978.2,0.03021,True,session
ADANIENT,773,2024-08-05 04:08:00+00:00,3012.1,3013.5,0.046479,True,session
ADANIENT,834,2024-08-05 05:09:00+00:00,2999.6,2999.6,0.0,True,session
ADANIENT,877,2024-08-05 05:52:00+00:00,2944.1,2944.1,0.0,True,session
ADANIENT,938,2024-08-05 06:53:00+00:00,2949.8,2949.8,0.0,True,session
ADANIENT,999,2024-08-05 07:54:00+00:00,2940.5,2940.5,0.0,True,session
ADANIENT,1060,2024-08-05 08:55:00+00:00,2951.1,2951.5,0.013554,True,session
ADANIENT,1121,2024-08-05 09:56:00+00:00,2941.3,2942.3,0.033999,True,session
ADANIENT,1126,2024-08-06 03:46:00+00:00,3003.5,3004.5,0.033294,True,session
ADANIENT,1174,2024-08-06 04:34:00+00:00,3037.5,3037.0,0.016461,True,session
ADANIENT,1235,2024-08-06 05:35:00+00:00,3024.6,3024.6,0.0,True,session
ADANIENT,1296,2024-08-06 06:36:00+00:00,3029.6,3029.6,0.0,True,session
ADANIENT,1357,2024-08-06 07:37:00+00:00,3038.4,3038.4,0.0,True,session
ADANIENT,1418,2024-08-06 08:38:00+00:00,3008.7,3008.7,0.0,True,session
ADANIENT,1479,2024-08-06 09:39:00+00:00,2980.4,2980.4,0.0,True,session
ADANIENT,1501,2024-08-07 03:46:00+00:00,3032.6,3033.5,0.029678,True,session
ADANIENT,1562,2024-08-07 04:47:00+00:00,3041.8,3041.8,0.0,True,session
ADANIENT,1596,2024-08-07 05:21:00+00:00,3056.3,3056.3,0.0,True,session
ADANIENT,1664,2024-08-07 06:29:00+00:00,3074.6,3074.6,0.0,True,session
ADANIENT,1700,2024-08-07 07:05:00+00:00,3060.5,3060.5,0.0,True,session
ADANIENT,1761,2024-08-07 08:06:00+00:00,3059.0,3059.0,0.0,True,session
ADANIENT,1804,2024-08-07 08:49:00+00:00,3087.7,3086.4,0.042103,True,session
ADANIENT,1890,2024-08-08 04:00:00+00:00,3087.0,3087.0,0.0,True,session
ADANIENT,1951,2024-08-08 05:01:00+00:00,3092.5,3092.5,0.0,True,session
ADANIENT,1978,2024-08-08 05:28:00+00:00,3107.8,3107.9,0.003218,True,session
ADANIENT,2039,2024-08-08 06:29:00+00:00,3108.2,3107.3,0.028956,True,session
ADANIENT,2090,2024-08-08 07:20:00+00:00,3125.9,3125.9,0.0,True,session
ADANIENT,2128,2024-08-08 07:58:00+00:00,3092.7,3092.7,0.0,True,session
ADANIENT,2189,2024-08-08 08:59:00+00:00,3084.1,3084.9,0.025939,True,session
ADANIENT,2250,2024-08-09 03:45:00+00:00,3075.7,3111.1,1.150958,True,session
ADANIENT,2252,2024-08-09 03:47:00+00:00,3111.1,3112.9,0.057857,True,session
ADANIENT,2313,2024-08-09 04:48:00+00:00,3085.9,3087.0,0.035646,True,session
ADANIENT,2374,2024-08-09 05:49:00+00:00,3080.9,3080.9,0.0,True,session
ADANIENT,2435,2024-08-09 06:50:00+00:00,3084.4,3084.4,0.0,True,session
ADANIENT,2496,2024-08-09 07:51:00+00:00,3092.1,3090.9,0.038809,True,session
ADANIENT,2557,2024-08-09 08:52:00+00:00,3098.0,3098.2,0.006456,True,session
ADANIENT,2618,2024-08-09 09:53:00+00:00,3087.8,3087.8,0.0,True,session
ADANIENT,2626,2024-08-12 03:46:00+00:00,3000.4,2996.6,0.12665,True,session
ADANIENT,2628,2024-08-12 03:48:00+00:00,2950.2,2950.2,0.0,True,session
ADANIENT,2631,2024-08-12 03:51:00+00:00,2986.0,2985.7,0.010047,True,session
ADANIENT,2638,2024-08-12 03:58:00+00:00,3019.6,3011.5,0.268247,True,session
ADANIENT,2654,2024-08-12 04:14:00+00:00,2972.7,2973.8,0.037003,True,session
ADANIENT,2691,2024-08-12 04:51:00+00:00,3010.4,3011.8,0.046505,True,session
ADANIENT,2728,2024-08-12 05:28:00+00:00,3050.9,3049.8,0.036055,True,session
ADANIENT,2811,2024-08-12 06:51:00+00:00,3039.5,3041.0,0.04935,True,session
ADANIENT,2872,2024-08-12 07:52:00+00:00,3019.5,3018.0,0.049677,True,session
ADANIENT,2883,2024-08-12 08:03:00+00:00,3034.1,3034.1,0.0,True,session
ADANIENT,2938,2024-08-12 08:58:00+00:00,3048.4,3048.4,0.0,True,session
ADANIENT,2956,2024-08-12 09:16:00+00:00,3068.4,3067.1,0.042367,True,session
ADANIENT,2983,2024-08-12 09:43:00+00:00,3054.1,3054.3,0.006549,True,session
ADANIENT,3012,2024-08-13 03:57:00+00:00,3053.8,3053.8,0.0,True,session
ADANIENT,3067,2024-08-13 04:52:00+00:00,3018.5,3020.0,0.049694,True,session
ADANIENT,3094,2024-08-13 05:19:00+00:00,3034.0,3034.0,0.0,True,session
ADANIENT,3155,2024-08-13 06:20:00+00:00,3029.6,3029.6,0.0,True,session
ADANIENT,3216,2024-08-13 07:21:00+00:00,3023.8,3023.8,0.0,True,session
ADANIENT,3277,2024-08-13 08:22:00+00:00,3011.9,3012.9,0.033202,True,session
ADANIENT,3338,2024-08-13 09:23:00+00:00,3002.4,3001.8,0.019984,True,session
ADANIENT,3376,2024-08-14 03:46:00+00:00,2974.9,2974.9,0.0,True,session
ADANIENT,3408,2024-08-14 04:18:00+00:00,2988.9,2988.9,0.0,True,session
ADANIENT,3469,2024-08-14 05:19:00+00:00,2971.2,2971.2,0.0,True,session
ADANIENT,3513,2024-08-14 06:03:00+00:00,2945.1,2944.8,0.010186,True,session
ADANIENT,3574,2024-08-14 07:04:00+00:00,2956.9,2956.9,0.0,True,session
ADANIENT,3635,2024-08-14 08:05:00+00:00,2951.0,2951.0,0.0,True,session
ADANIENT,3696,2024-08-14 09:06:00+00:00,2950.2,2950.2,0.0,True,session
ADANIENT,3751,2024-08-16 03:46:00+00:00,2965.4,2967.9,0.084306,True,session
ADANIENT,3812,2024-08-16 04:47:00+00:00,2960.8,2960.8,0.0,True,session
ADANIENT,3873,2024-08-16 05:48:00+00:00,2950.9,2950.1,0.02711,True,session
ADANIENT,3934,2024-08-16 06:49:00+00:00,2968.1,2968.1,0.0,True,session
ADANIENT,3990,2024-08-16 07:45:00+00:00,2987.3,2986.4,0.030128,True,session
ADANIENT,4024,2024-08-16 08:19:00+00:00,3010.3,3010.3,0.0,True,session
ADANIENT,4085,2024-08-16 09:20:00+00:00,3007.4,3007.4,0.0,True,session
ADANIENT,4250,2024-08-19 05:50:00+00:00,3031.5,3030.4,0.036286,True,session
ADANIENT,4392,2024-08-19 08:12:00+00:00,2999.6,2999.6,0.0,True,session
ADANIENT,4453,2024-08-19 09:13:00+00:00,3006.9,3006.9,0.0,True,session
ADANIENT,4519,2024-08-20 04:04:00+00:00,3012.2,3012.2,0.0,True,session
ADANIENT,4580,2024-08-20 05:05:00+00:00,3012.2,3012.2,0.0,True,session
ADANIENT,4641,2024-08-20 06:06:00+00:00,2990.3,2990.3,0.0,True,session
ADANIENT,4702,2024-08-20 07:07:00+00:00,2980.9,2980.9,0.0,True,session
ADANIENT,4763,2024-08-20 08:08:00+00:00,2980.0,2979.4,0.020134,True,session
ADANIENT,4824,2024-08-20 09:09:00+00:00,2978.3,2978.3,0.0,True,session
ADANIENT,4885,2024-08-21 03:55:00+00:00,2981.8,2981.8,0.0,True,session
ADANIENT,4890,2024-08-21 04:00:00+00:00,2997.1,2997.0,0.003337,True,session
ADANIENT,4957,2024-08-21 05:07:00+00:00,3037.4,3037.4,0.0,True,session
ADANIENT,5018,2024-08-21 06:08:00+00:00,3024.7,3024.7,0.0,True,session
ADANIENT,5079,2024-08-21 07:09:00+00:00,3020.4,3020.4,0.0,True,session
ADANIENT,5140,2024-08-21 08:10:00+00:00,3012.9,3013.9,0.033191,True,session
ADANIENT,5201,2024-08-21 09:11:00+00:00,3014.9,3014.9,0.0,True,session
ADANIENT,5251,2024-08-22 03:46:00+00:00,3026.4,3026.4,0.0,True,session
ADANIENT,5312,2024-08-22 04:47:00+00:00,3037.3,3036.2,0.036216,True,session
ADANIENT,5373,2024-08-22 05:48:00+00:00,3034.5,3034.5,0.0,True,session
ADANIENT,5450,2024-08-22 07:05:00+00:00,3046.9,3046.9,0.0,True,session
ADANIENT,5503,2024-08-22 07:58:00+00:00,3033.4,3033.4,0.0,True,session
ADANIENT,5564,2024-08-22 08:59:00+00:00,3008.3,3008.3,0.0,True,session
ADANIENT,5625,2024-08-23 03:45:00+00:00,3005.0,3006.4,0.046589,True,session
ADANIENT,5633,2024-08-23 03:53:00+00:00,3020.2,3020.2,0.0,True,session
ADANIENT,5694,2024-08-23 04:54:00+00:00,3006.0,3006.0,0.0,True,session
ADANIENT,5755,2024-08-23 05:55:00+00:00,2996.7,2996.7,0.0,True,session
ADANIENT,5816,2024-08-23 06:56:00+00:00,2988.5,2987.0,0.050192,True,session
ADANIENT,5877,2024-08-23 07:57:00+00:00,2977.6,2977.3,0.010075,True,session
ADANIENT,5938,2024-08-23 08:58:00+00:00,2985.1,2985.1,0.0,True,session
ADANIENT,5999,2024-08-23 09:59:00+00:00,2983.1,2983.1,0.0,True,session
ADANIENT,6060,2024-08-26 04:45:00+00:00,2981.1,2981.1,0.0,True,session
ADANIENT,6121,2024-08-26 05:46:00+00:00,2965.4,2965.4,0.0,True,session
ADANIENT,6154,2024-08-26 06:19:00+00:00,2984.3,2984.1,0.006702,True,session
ADANIENT,6215,2024-08-26 07:20:00+00:00,2971.5,2971.5,0.0,True,session
ADANIENT,6276,2024-08-26 08:21:00+00:00,2972.1,2972.1,0.0,True,session
ADANIENT,6337,2024-08-26 09:22:00+00:00,2982.5,2982.5,0.0,True,session
ADANIENT,6398,2024-08-27 04:08:00+00:00,2981.2,2980.5,0.02348,True,session
ADANIENT,6438,2024-08-27 04:48:00+00:00,2996.7,2996.7,0.0,True,session
ADANIENT,6499,2024-08-27 05:49:00+00:00,2987.9,2987.9,0.0,True,session
ADANIENT,6560,2024-08-27 06:50:00+00:00,2988.0,2988.0,0.0,True,session
ADANIENT,6621,2024-08-27 07:51:00+00:00,2984.5,2984.5,0.0,True,session
ADANIENT,6682,2024-08-27 08:52:00+00:00,2980.2,2980.2,0.0,True,session
ADANIENT,6743,2024-08-27 09:53:00+00:00,2972.7,2973.3,0.020184,True,session
ADANIENT,6804,2024-08-28 04:39:00+00:00,2959.0,2957.8,0.040554,True,session
ADANIENT,6865,2024-08-28 05:40:00+00:00,2950.6,2950.6,0.0,True,session
ADANIENT,6926,2024-08-28 06:41:00+00:00,2956.0,2956.0,0.0,True,session
ADANIENT,6987,2024-08-28 07:42:00+00:00,2946.6,2946.6,0.0,True,session
ADANIENT,7048,2024-08-28 08:43:00+00:00,2946.6,2946.6,0.0,True,session
ADANIENT,7109,2024-08-28 09:44:00+00:00,2937.6,2936.6,0.034041,True,session
ADANIENT,7170,2024-08-29 04:30:00+00:00,2926.6,2926.6,0.0,True,session
ADANIENT,7231,2024-08-29 05:31:00+00:00,2908.3,2908.4,0.003438,True,session
ADANIENT,7292,2024-08-29 06:32:00+00:00,2897.8,2897.8,0.0,True,session
ADANIENT,7313,2024-08-29 06:53:00+00:00,2916.7,2913.5,0.109713,True,session
ADANIENT,7334,2024-08-29 07:14:00+00:00,2933.0,2933.0,0.0,True,session
ADANIENT,7395,2024-08-29 08:15:00+00:00,2914.2,2913.3,0.030883,True,session
ADANIENT,7456,2024-08-29 09:16:00+00:00,2900.7,2900.7,0.0,True,session
ADANIENT,7467,2024-08-29 09:27:00+00:00,2918.1,2918.0,0.003427,True,session
ADANIENT,7475,2024-08-29 09:35:00+00:00,2934.1,2935.5,0.047715,True,session
ADANIENT,7536,2024-08-30 04:21:00+00:00,2934.6,2934.6,0.0,True,session
ADANIENT,7597,2024-08-30 05:22:00+00:00,2929.4,2929.4,0.0,True,session
ADANIENT,7658,2024-08-30 06:23:00+00:00,2924.6,2924.6,0.0,True,session
ADANIENT,7719,2024-08-30 07:24:00+00:00,2922.0,2922.0,0.0,True,session
ADANIENT,7780,2024-08-30 08:25:00+00:00,2921.4,2921.5,0.003423,True,session
ADANIENT,7815,2024-08-30 09:00:00+00:00,2939.5,2938.7,0.027216,True,session
ADANIENT,7848,2024-08-30 09:33:00+00:00,2916.2,2916.3,0.003429,True,session
ADANIENT,7869,2024-08-30 09:54:00+00:00,2926.0,2926.0,0.0,True,session
ADANIPORTS,38,2024-08-01 04:23:00+00:00,1592.1,1592.5,0.025124,True,session
ADANIPORTS,99,2024-08-01 05:24:00+00:00,1583.55,1583.05,0.031575,True,session
ADANIPORTS,160,2024-08-01 06:25:00+00:00,1579.25,1579.25,0.0,True,session
ADANIPORTS,221,2024-08-01 07:26:00+00:00,1579.9,1579.3,0.037977,True,session
ADANIPORTS,223,2024-08-01 07:28:00+00:00,1587.15,1588.25,0.069307,True,session
ADANIPORTS,227,2024-08-01 07:32:00+00:00,1576.45,1577.6,0.072949,True,session
ADANIPORTS,229,2024-08-01 07:34:00+00:00,1592.1,1592.4,0.018843,True,session
ADANIPORTS,290,2024-08-01 08:35:00+00:00,1588.25,1588.9,0.040926,True,session
ADANIPORTS,351,2024-08-01 09:36:00+00:00,1592.0,1592.05,0.003141,True,session
ADANIPORTS,376,2024-08-02 03:46:00+00:00,1561.1,1559.85,0.080072,True,session
ADANIPORTS,381,2024-08-02 03:51:00+00:00,1569.4,1568.7,0.044603,True,session
ADANIPORTS,407,2024-08-02 04:17:00+00:00,1551.8,1552.35,0.035443,True,session
ADANIPORTS,414,2024-08-02 04:24:00+00:00,1563.9,1564.55,0.041563,True,session
ADANIPORTS,437,2024-08-02 04:47:00+00:00,1577.45,1577.45,0.0,True,session
ADANIPORTS,477,2024-08-02 05:27:00+00:00,1593.3,1593.75,0.028243,True,session
ADANIPORTS,538,2024-08-02 06:28:00+00:00,1593.5,1593.5,0.0,True,session
ADANIPORTS,690,2024-08-02 09:00:00+00:00,1589.5,1590.0,0.031456,True,session
ADANIPORTS,751,2024-08-05 03:46:00+00:00,1555.3,1552.2,0.199318,True,session
ADANIPORTS,757,2024-08-05 03:52:00+00:00,1536.75,1536.0,0.048804,True,session
ADANIPORTS,780,2024-08-05 04:15:00+00:00,1547.2,1547.7,0.032316,True,session
ADANIPORTS,795,2024-08-05 04:30:00+00:00,1554.55,1554.45,0.006433,True,session
ADANIPORTS,831,2024-08-05 05:06:00+00:00,1541.25,1540.65,0.038929,True,session
ADANIPORTS,853,2024-08-05 05:28:00+00:00,1526.05,1526.65,0.039317,True,session
ADANIPORTS,880,2024-08-05 05:55:00+00:00,1510.8,1510.8,0.0,True,session
ADANIPORTS,941,2024-08-05 06:56:00+00:00,1503.25,1503.15,0.006652,True,session
ADANIPORTS,967,2024-08-05 07:22:00+00:00,1484.6,1484.0,0.040415,True,session
ADANIPORTS,1028,2024-08-05 08:23:00+00:00,1497.0,1497.0,0.0,True,session
ADANIPORTS,1089,2024-08-05 09:24:00+00:00,1495.9,1495.35,0.036767,True,session
ADANIPORTS,1126,2024-08-06 03:46:00+00:00,1536.7,1537.95,0.081343,True,session
ADANIPORTS,1187,2024-08-06 04:47:00+00:00,1529.5,1528.75,0.049036,True,session
ADANIPORTS,1248,2024-08-06 05:48:00+00:00,1525.05,1524.8,0.016393,True,session
ADANIPORTS,1309,2024-08-06 06:49:00+00:00,1526.65,1526.65,0.0,True,session
ADANIPORTS,1370,2024-08-06 07:50:00+00:00,1523.5,1523.5,0.0,True,session
ADANIPORTS,1430,2024-08-06 08:50:00+00:00,1500.0,1500.0,0.0,True,session
ADANIPORTS,1491,2024-08-06 09:51:00+00:00,1493.2,1493.5,0.020091,True,session
ADANIPORTS,1501,2024-08-07 03:46:00+00:00,1518.3,1519.0,0.046104,True,session
ADANIPORTS,1562,2024-08-07 04:47:00+00:00,1531.6,1530.75,0.055498,True,session
ADANIPORTS,1623,2024-08-07 05:48:00+00:00,1535.5,1535.5,0.0,True,session
ADANIPORTS,1721,2024-08-07 07:26:00+00:00,1533.7,1533.7,0.0,True,session
ADANIPORTS,1782,2024-08-07 08:27:00+00:00,1532.2,1532.2,0.0,True,session
ADANIPORTS,1856,2024-08-07 09:41:00+00:00,1544.65,1545.0,0.022659,True,session
ADANIPORTS,1915,2024-08-08 04:25:00+00:00,1539.55,1539.9,0.022734,True,session
ADANIPORTS,1977,2024-08-08 05:27:00+00:00,1547.0,1547.3,0.019392,True,session
ADANIPORTS,2038,2024-08-08 06:28:00+00:00,1546.25,1546.9,0.042037,True,session
ADANIPORTS,2077,2024-08-08 07:07:00+00:00,1553.9,1553.9,0.0,True,session
ADANIPORTS,2100,2024-08-08 07:30:00+00:00,1539.0,1539.65,0.042235,True,session
ADANIPORTS,2131,2024-08-08 08:01:00+00:00,1526.2,1525.6,0.039313,True,session
ADANIPORTS,2177,2024-08-08 08:47:00+00:00,1535.6,1535.45,0.009768,True,session
ADANIPORTS,2224,2024-08-08 09:34:00+00:00,1521.0,1521.0,0.0,True,session
ADANIPORTS,2251,2024-08-09 03:46:00+00:00,1536.1,1536.3,0.01302,True,session
ADANIPORTS,2312,2024-08-09 04:47:00+00:00,1526.65,1526.0,0.042577,True,session
ADANIPORTS,2373,2024-08-09 05:48:00+00:00,1523.5,1523.45,0.003282,True,session
ADANIPORTS,2434,2024-08-09 06:49:00+00:00,1523.4,1523.4,0.0,True,session
ADANIPORTS,2495,2024-08-09 07:50:00+00:00,1529.85,1530.05,0.013073,True,session
ADANIPORTS,2556,2024-08-09 08:51:00+00:00,1530.9,1530.95,0.003266,True,session
ADANIPORTS,2617,2024-08-09 09:52:00+00:00,1534.35,1534.35,0.0,True,session
ADANIPORTS,2626,2024-08-12 03:46:00+00:00,1487.4,1489.2,0.121017,True,session
ADANIPORTS,2628,2024-08-12 03:48:00+00:00,1458.6,1460.65,0.140546,True,session
ADANIPORTS,2630,2024-08-12 03:50:00+00:00,1485.5,1485.6,0.006732,True,session
ADANIPORTS,2632,2024-08-12 03:52:00+00:00,1502.65,1502.3,0.023292,True,session
ADANIPORTS,2755,2024-08-12 05:55:00+00:00,1513.85,1513.85,0.0,True,session
ADANIPORTS,2816,2024-08-12 06:56:00+00:00,1504.85,1504.2,0.043194,True,session
ADANIPORTS,2877,2024-08-12 07:57:00+00:00,1497.8,1497.8,0.0,True,session
ADANIPORTS,2888,2024-08-12 08:08:00+00:00,1505.5,1506.0,0.033212,True,session
ADANIPORTS,2949,2024-08-12 09:09:00+00:00,1508.9,1508.9,0.0,True,session
ADANIPORTS,3002,2024-08-13 03:47:00+00:00,1513.5,1512.95,0.03634,True,session
ADANIPORTS,3016,2024-08-13 04:01:00+00:00,1498.05,1497.5,0.036714,True,session
ADANIPORTS,3027,2024-08-13 04:12:00+00:00,1507.1,1507.1,0.0,True,session
ADANIPORTS,3070,2024-08-13 04:55:00+00:00,1492.15,1492.6,0.030158,True,session
ADANIPORTS,3092,2024-08-13 05:17:00+00:00,1500.8,1501.0,0.013326,True,session
ADANIPORTS,3153,2024-08-13 06:18:00+00:00,1503.6,1503.55,0.003325,True,session
ADANIPORTS,3214,2024-08-13 07:19:00+00:00,1490.85,1490.95,0.006708,True,session
ADANIPORTS,3275,2024-08-13 08:20:00+00:00,1490.8,1490.8,0.0,True,session
ADANIPORTS,3336,2024-08-13 09:21:00+00:00,1482.0,1482.0,0.0,True,session
ADANIPORTS,3390,2024-08-14 04:00:00+00:00,1465.8,1465.75,0.003411,True,session
ADANIPORTS,3451,2024-08-14 05:01:00+00:00,1465.0,1465.35,0.023891,True,session
ADANIPORTS,3512,2024-08-14 06:02:00+00:00,1455.0,1455.0,0.0,True,session
ADANIPORTS,3573,2024-08-14 07:03:00+00:00,1455.35,1455.35,0.0,True,session
ADANIPORTS,3634,2024-08-14 08:04:00+00:00,1460.6,1460.7,0.006847,True,session
ADANIPORTS,3695,2024-08-14 09:05:00+00:00,1460.9,1461.0,0.006845,True,session
ADANIPORTS,3751,2024-08-16 03:46:00+00:00,1473.9,1473.4,0.033924,True,session
ADANIPORTS,3812,2024-08-16 04:47:00+00:00,1466.65,1466.65,0.0,True,session
ADANIPORTS,3873,2024-08-16 05:48:00+00:00,1459.2,1459.2,0.0,True,session
ADANIPORTS,3900,2024-08-16 06:15:00+00:00,1467.75,1467.75,0.0,True,session
ADANIPORTS,3961,2024-08-16 07:16:00+00:00,1473.9,1473.9,0.0,True,session
ADANIPORTS,4002,2024-08-16 07:57:00+00:00,1483.85,1483.3,0.037066,True,session
ADANIPORTS,4043,2024-08-16 08:38:00+00:00,1492.35,1492.0,0.023453,True,session
ADANIPORTS,4145,2024-08-19 04:05:00+00:00,1498.1,1498.0,0.006675,True,session
ADANIPORTS,4206,2024-08-19 05:06:00+00:00,1492.9,1493.0,0.006698,True,session
ADANIPORTS,4267,2024-08-19 06:07:00+00:00,1495.0,1495.0,0.0,True,session
ADANIPORTS,4328,2024-08-19 07:08:00+00:00,1494.0,1493.9,0.006693,True,session
ADANIPORTS,4389,2024-08-19 08:09:00+00:00,1491.0,1491.5,0.033535,True,session
ADANIPORTS,4450,2024-08-19 09:10:00+00:00,1492.5,1492.8,0.020101,True,session
ADANIPORTS,4501,2024-08-20 03:46:00+00:00,1499.15,1498.15,0.066704,True,session
ADANIPORTS,4562,2024-08-20 04:47:00+00:00,1496.0,1495.7,0.020053,True,session
ADANIPORTS,4623,2024-08-20 05:48:00+00:00,1496.9,1496.9,0.0,True,session
ADANIPORTS,4684,2024-08-20 06:49:00+00:00,1494.95,1494.95,0.0,True,session
ADANIPORTS,4745,2024-08-20 07:50:00+00:00,1489.35,1489.35,0.0,True,session
ADANIPORTS,4806,2024-08-20 08:51:00+00:00,1491.65,1491.65,0.0,True,session
ADANIPORTS,4867,2024-08-20 09:52:00+00:00,1493.9,1493.9,0.0,True,session
ADANIPORTS,4876,2024-08-21 03:46:00+00:00,1494.95,1494.8,0.010034,True,session
ADANIPORTS,4931,2024-08-21 04:41:00+00:00,1513.1,1513.35,0.016522,True,session
ADANIPORTS,5007,2024-08-21 05:57:00+00:00,1506.6,1506.6,0.0,True,session
ADANIPORTS,5069,2024-08-21 06:59:00+00:00,1507.85,1507.85,0.0,True,session
ADANIPORTS,5263,2024-08-22 03:58:00+00:00,1498.65,1498.65,0.0,True,session
ADANIPORTS,5324,2024-08-22 04:59:00+00:00,1500.55,1500.1,0.029989,True,session
ADANIPORTS,5385,2024-08-22 06:00:00+00:00,1499.2,1499.2,0.0,True,session
ADANIPORTS,5461,2024-08-22 07:16:00+00:00,1506.3,1506.35,0.003319,True,session
ADANIPORTS,5589,2024-08-22 09:24:00+00:00,1494.95,1495.0,0.003345,True,session
ADANIPORTS,5629,2024-08-23 03:49:00+00:00,1496.5,1495.9,0.040094,True,session
ADANIPORTS,5690,2024-08-23 04:50:00+00:00,1496.9,1496.9,0.0,True,session
ADANIPORTS,5908,2024-08-23 08:28:00+00:00,1489.5,1489.5,0.0,True,session
ADANIPORTS,5998,2024-08-23 09:58:00+00:00,1494.65,1494.65,0.0,True,session
ADANIPORTS,6007,2024-08-26 03:52:00+00:00,1487.2,1487.2,0.0,True,session
ADANIPORTS,6068,2024-08-26 04:53:00+00:00,1490.25,1490.65,0.026841,True,session
ADANIPORTS,6129,2024-08-26 05:54:00+00:00,1485.65,1485.65,0.0,True,session
ADANIPORTS,6190,2024-08-26 06:55:00+00:00,1486.5,1486.5,0.0,True,session
ADANIPORTS,6251,2024-08-26 07:56:00+00:00,1483.7,1483.7,0.0,True,session
ADANIPORTS,6312,2024-08-26 08:57:00+00:00,1485.7,1485.6,0.006731,True,session
ADANIPORTS,6373,2024-08-26 09:58:00+00:00,1481.35,1481.75,0.027002,True,session
ADANIPORTS,6404,2024-08-27 04:14:00+00:00,1489.5,1489.05,0.030211,True,session
ADANIPORTS,6465,2024-08-27 05:15:00+00:00,1485.8,1485.55,0.016826,True,session
ADANIPORTS,6526,2024-08-27 06:16:00+00:00,1483.0,1483.0,0.0,True,session
ADANIPORTS,6587,2024-08-27 07:17:00+00:00,1484.3,1484.0,0.020212,True,session
ADANIPORTS,6648,2024-08-27 08:18:00+00:00,1486.4,1486.25,0.010091,True,session
ADANIPORTS,6709,2024-08-27 09:19:00+00:00,1478.55,1478.55,0.0,True,session
ADANIPORTS,6770,2024-08-28 04:05:00+00:00,1477.9,1477.5,0.027065,True,session
ADANIPORTS,6807,2024-08-28 04:42:00+00:00,1486.0,1486.35,0.023553,True,session
ADANIPORTS,6868,2024-08-28 05:43:00+00:00,1484.1,1484.1,0.0,True,session
ADANIPORTS,6929,2024-08-28 06:44:00+00:00,1485.15,1485.2,0.003367,True,session
ADANIPORTS,6990,2024-08-28 07:45:00+00:00,1481.0,1481.05,0.003376,True,session
ADANIPORTS,7051,2024-08-28 08:46:00+00:00,1480.55,1480.55,0.0,True,session
ADANIPORTS,7112,2024-08-28 09:47:00+00:00,1469.05,1469.05,0.0,True,session
ADANIPORTS,7173,2024-08-29 04:33:00+00:00,1470.45,1470.85,0.027203,True,session
ADANIPORTS,7234,2024-08-29 05:34:00+00:00,1465.2,1465.2,0.0,True,session
ADANIPORTS,7295,2024-08-29 06:35:00+00:00,1454.5,1454.5,0.0,True,session
ADANIPORTS,7313,2024-08-29 06:53:00+00:00,1465.15,1465.3,0.010238,True,session
ADANIPORTS,7322,2024-08-29 07:02:00+00:00,1473.6,1473.35,0.016965,True,session
ADANIPORTS,7352,2024-08-29 07:32:00+00:00,1477.1,1477.75,0.044005,True,session
ADANIPORTS,7413,2024-08-29 08:33:00+00:00,1464.3,1464.3,0.0,True,session
ADANIPORTS,7467,2024-08-29 09:27:00+00:00,1472.25,1472.35,0.006792,True,session
ADANIPORTS,7474,2024-08-29 09:34:00+00:00,1481.6,1481.5,0.006749,True,session
ADANIPORTS,7535,2024-08-30 04:20:00+00:00,1471.6,1471.9,0.020386,True,session
ADANIPORTS,7596,2024-08-30 05:21:00+00:00,1469.7,1469.7,0.0,True,session
ADANIPORTS,7657,2024-08-30 06:22:00+00:00,1472.0,1471.55,0.030571,True,session
ADANIPORTS,7718,2024-08-30 07:23:00+00:00,1468.9,1468.9,0.0,True,session
ADANIPORTS,7779,2024-08-30 08:24:00+00:00,1472.35,1472.25,0.006792,True,session
ADANIPORTS,7840,2024-08-30 09:25:00+00:00,1472.6,1472.6,0.0,True,session
ADANIPORTS,7854,2024-08-30 09:39:00+00:00,1481.9,1480.75,0.077603,True,session
ASIANPAINT,2,2024-08-01 03:47:00+00:00,3073.55,3073.55,0.0,True,session
ASIANPAINT,56,2024-08-01 04:41:00+00:00,3111.55,3111.8,0.008035,True,session
ASIANPAINT,117,2024-08-01 05:42:00+00:00,3104.0,3104.0,0.0,True,session
ASIANPAINT,178,2024-08-01 06:43:00+00:00,3102.55,3102.55,0.0,True,session
ASIANPAINT,239,2024-08-01 07:44:00+00:00,3089.5,3089.95,0.014565,True,session
ASIANPAINT,300,2024-08-01 08:45:00+00:00,3089.75,3089.95,0.006473,True,session
ASIANPAINT,344,2024-08-01 09:29:00+00:00,3105.05,3106.1,0.033816,True,session
ASIANPAINT,376,2024-08-02 03:46:00+00:00,3064.8,3062.95,0.060363,True,session
ASIANPAINT,379,2024-08-02 03:49:00+00:00,3078.15,3079.35,0.038984,True,session
ASIANPAINT,386,2024-08-02 03:56:00+00:00,3092.4,3092.35,0.001617,True,session
ASIANPAINT,388,2024-08-02 03:58:00+00:00,3109.85,3109.0,0.027333,True,session
ASIANPAINT,449,2024-08-02 04:59:00+00:00,3088.9,3088.9,0.0,True,session
ASIANPAINT,472,2024-08-02 05:22:00+00:00,3106.0,3106.0,0.0,True,session
ASIANPAINT,505,2024-08-02 05:55:00+00:00,3122.9,3123.95,0.033623,True,session
ASIANPAINT,678,2024-08-02 08:48:00+00:00,3119.95,3119.95,0.0,True,session
ASIANPAINT,731,2024-08-02 09:41:00+00:00,3106.0,3106.0,0.0,True,session
ASIANPAINT,751,2024-08-05 03:46:00+00:00,3069.4,3068.15,0.040725,True,session
ASIANPAINT,755,2024-08-05 03:50:00+00:00,3086.65,3086.8,0.00486,True,session
ASIANPAINT,765,2024-08-05 04:00:00+00:00,3057.45,3057.45,0.0,True,session
ASIANPAINT,769,2024-08-05 04:04:00+00:00,3078.65,3080.7,0.066588,True,session
ASIANPAINT,777,2024-08-05 04:12:00+00:00,3093.8,3093.85,0.001616,True,session
ASIANPAINT,782,2024-08-05 04:17:00+00:00,3112.1,3111.9,0.006427,True,session
ASIANPAINT,823,2024-08-05 04:58:00+00:00,3127.25,3127.25,0.0,True,session
ASIANPAINT,871,2024-08-05 05:46:00+00:00,3096.35,3096.35,0.0,True,session
ASIANPAINT,897,2024-08-05 06:12:00+00:00,3111.0,3110.95,0.001607,True,session
ASIANPAINT,958,2024-08-05 07:13:00+00:00,3104.0,3104.0,0.0,True,session
ASIANPAINT,1019,2024-08-05 08:14:00+00:00,3105.45,3104.6,0.027371,True,session
ASIANPAINT,1080,2024-08-05 09:15:00+00:00,3095.55,3096.7,0.03715,True,session
ASIANPAINT,1126,2024-08-06 03:46:00+00:00,3111.6,3111.6,0.0,True,session
ASIANPAINT,1186,2024-08-06 04:46:00+00:00,3128.0,3128.0,0.0,True,session
ASIANPAINT,1247,2024-08-06 05:47:00+00:00,3120.0,3120.0,0.0,True,session
ASIANPAINT,1309,2024-08-06 06:49:00+00:00,3122.75,3122.75,0.0,True,session
ASIANPAINT,1398,2024-08-06 08:18:00+00:00,3117.0,3116.25,0.024062,True,session
ASIANPAINT,1459,2024-08-06 09:19:00+00:00,3104.95,3104.95,0.0,True,session
ASIANPAINT,1520,2024-08-07 04:05:00+00:00,3084.55,3084.35,0.006484,True,session
ASIANPAINT,1579,2024-08-07 05:04:00+00:00,3101.9,3101.95,0.001612,True,session
ASIANPAINT,1640,2024-08-07 06:05:00+00:00,3089.55,3089.9,0.011329,True,session
ASIANPAINT,1701,2024-08-07 07:06:00+00:00,3080.9,3080.95,0.001623,True,session
ASIANPAINT,1762,2024-08-07 08:07:00+00:00,3088.15,3088.15,0.0,True,session
ASIANPAINT,1823,2024-08-07 09:08:00+00:00,3095.0,3095.0,0.0,True,session
ASIANPAINT,1884,2024-08-08 03:54:00+00:00,3081.65,3081.95,0.009735,True,session
ASIANPAINT,1945,2024-08-08 04:55:00+00:00,3061.55,3061.55,0.0,True,session
ASIANPAINT,2006,2024-08-08 05:56:00+00:00,3038.15,3038.15,0.0,True,session
ASIANPAINT,2067,2024-08-08 06:57:00+00:00,3031.25,3031.25,0.0,True,session
ASIANPAINT,2128,2024-08-08 07:58:00+00:00,3012.65,3013.0,0.011618,True,session
ASIANPAINT,2189,2024-08-08 08:59:00+00:00,3011.0,3011.0,0.0,True,session
ASIANPAINT,2250,2024-08-09 03:45:00+00:00,2996.9,3039.0,1.404785,True,session
ASIANPAINT,2252,2024-08-09 03:47:00+00:00,3030.1,3027.85,0.074255,True,session
ASIANPAINT,2313,2024-08-09 04:48:00+00:00,3011.0,3011.0,0.0,True,session
ASIANPAINT,2374,2024-08-09 05:49:00+00:00,3005.15,3005.15,0.0,True,session
ASIANPAINT,2435,2024-08-09 06:50:00+00:00,2982.85,2982.85,0.0,True,session
ASIANPAINT,2496,2024-08-09 07:51:00+00:00,2969.95,2970.5,0.018519,True,session
ASIANPAINT,2536,2024-08-09 08:31:00+00:00,2987.25,2987.05,0.006695,True,session
ASIANPAINT,2550,2024-08-09 08:45:00+00:00,3007.95,3006.25,0.056517,True,session
ASIANPAINT,2583,2024-08-09 09:18:00+00:00,3029.0,3030.0,0.033014,True,session
ASIANPAINT,2616,2024-08-09 09:51:00+00:00,3033.1,3032.6,0.016485,True,session
ASIANPAINT,2626,2024-08-12 03:46:00+00:00,3037.85,3037.95,0.003292,True,session
ASIANPAINT,2639,2024-08-12 03:59:00+00:00,3056.2,3058.15,0.063805,True,session
ASIANPAINT,2661,2024-08-12 04:21:00+00:00,3030.35,3031.9,0.051149,True,session
ASIANPAINT,2722,2024-08-12 05:22:00+00:00,3024.0,3024.0,0.0,True,session
ASIANPAINT,2743,2024-08-12 05:43:00+00:00,3043.1,3043.2,0.003286,True,session
ASIANPAINT,2804,2024-08-12 06:44:00+00:00,3054.1,3055.0,0.029469,True,session
ASIANPAINT,2866,2024-08-12 07:46:00+00:00,3043.0,3043.0,0.0,True,session
ASIANPAINT,2927,2024-08-12 08:47:00+00:00,3048.1,3048.0,0.003281,True,session
ASIANPAINT,2988,2024-08-12 09:48:00+00:00,3058.0,3058.1,0.00327,True,session
ASIANPAINT,3002,2024-08-13 03:47:00+00:00,3029.6,3029.65,0.00165,True,session
ASIANPAINT,3063,2024-08-13 04:48:00+00:00,3036.9,3035.9,0.032928,True,session
ASIANPAINT,3124,2024-08-13 05:49:00+00:00,3034.85,3034.85,0.0,True,session
ASIANPAINT,3185,2024-08-13 06:50:00+00:00,3033.0,3033.0,0.0,True,session
ASIANPAINT,3246,2024-08-13 07:51:00+00:00,3035.0,3035.0,0.0,True,session
ASIANPAINT,3307,2024-08-13 08:52:00+00:00,3025.0,3025.0,0.0,True,session
ASIANPAINT,3368,2024-08-13 09:53:00+00:00,3022.65,3022.65,0.0,True,session
ASIANPAINT,3392,2024-08-14 04:02:00+00:00,2999.9,2999.9,0.0,True,session
ASIANPAINT,3406,2024-08-14 04:16:00+00:00,3013.15,3013.0,0.004978,True,session
ASIANPAINT,3467,2024-08-14 05:17:00+00:00,3022.95,3022.95,0.0,True,session
ASIANPAINT,3528,2024-08-14 06:18:00+00:00,3005.25,3005.25,0.0,True,session
ASIANPAINT,3589,2024-08-14 07:19:00+00:00,3006.8,3006.8,0.0,True,session
ASIANPAINT,3650,2024-08-14 08:20:00+00:00,3019.45,3019.45,0.0,True,session
ASIANPAINT,3711,2024-08-14 09:21:00+00:00,3030.05,3030.5,0.014851,True,session
ASIANPAINT,3751,2024-08-16 03:46:00+00:00,3030.0,3030.0,0.0,True,session
ASIANPAINT,3812,2024-08-16 04:47:00+00:00,3016.3,3016.3,0.0,True,session
ASIANPAINT,3873,2024-08-16 05:48:00+00:00,3008.5,3008.55,0.001662,True,session
ASIANPAINT,3886,2024-08-16 06:01:00+00:00,3025.0,3025.0,0.0,True,session
ASIANPAINT,3947,2024-08-16 07:02:00+00:00,3038.25,3038.25,0.0,True,session
ASIANPAINT,4109,2024-08-16 09:44:00+00:00,3050.0,3049.75,0.008197,True,session
ASIANPAINT,4170,2024-08-19 04:30:00+00:00,3061.2,3060.2,0.032667,True,session
ASIANPAINT,4231,2024-08-19 05:31:00+00:00,3050.75,3050.75,0.0,True,session
ASIANPAINT,4353,2024-08-19 07:33:00+00:00,3087.05,3086.0,0.034013,True,session
ASIANPAINT,4421,2024-08-19 08:41:00+00:00,3075.95,3076.05,0.003251,True,session
ASIANPAINT,4519,2024-08-20 04:04:00+00:00,3084.65,3084.65,0.0,True,session
ASIANPAINT,4569,2024-08-20 04:54:00+00:00,3098.0,3098.0,0.0,True,session
ASIANPAINT,4630,2024-08-20 05:55:00+00:00,3092.9,3092.9,0.0,True,session
ASIANPAINT,4691,2024-08-20 06:56:00+00:00,3094.15,3093.0,0.037167,True,session
ASIANPAINT,4752,2024-08-20 07:57:00+00:00,3090.05,3090.05,0.0,True,session
ASIANPAINT,4813,2024-08-20 08:58:00+00:00,3100.9,3101.25,0.011287,True,session
ASIANPAINT,4874,2024-08-20 09:59:00+00:00,3096.0,3096.0,0.0,True,session
ASIANPAINT,4933,2024-08-21 04:43:00+00:00,3116.9,3116.9,0.0,True,session
ASIANPAINT,4994,2024-08-21 05:44:00+00:00,3117.9,3117.9,0.0,True,session
ASIANPAINT,5032,2024-08-21 06:22:00+00:00,3144.75,3143.4,0.042929,True,session
ASIANPAINT,5093,2024-08-21 07:23:00+00:00,3155.55,3155.55,0.0,True,session
ASIANPAINT,5174,2024-08-21 08:44:00+00:00,3150.1,3150.95,0.026983,True,session
ASIANPAINT,5235,2024-08-21 09:45:00+00:00,3151.85,3151.8,0.001586,True,session
ASIANPAINT,5261,2024-08-22 03:56:00+00:00,3175.05,3175.0,0.001575,True,session
ASIANPAINT,5322,2024-08-22 04:57:00+00:00,3185.4,3186.4,0.031393,True,session
ASIANPAINT,5602,2024-08-22 09:37:00+00:00,3183.45,3184.55,0.034554,True,session
ASIANPAINT,5663,2024-08-23 04:23:00+00:00,3178.0,3178.0,0.0,True,session
ASIANPAINT,5724,2024-08-23 05:24:00+00:00,3166.3,3165.65,0.020529,True,session
ASIANPAINT,5785,2024-08-23 06:25:00+00:00,3162.0,3162.0,0.0,True,session
ASIANPAINT,5846,2024-08-23 07:26:00+00:00,3162.1,3162.1,0.0,True,session
ASIANPAINT,5907,2024-08-23 08:27:00+00:00,3159.6,3159.9,0.009495,True,session
ASIANPAINT,5968,2024-08-23 09:28:00+00:00,3161.4,3162.0,0.018979,True,session
ASIANPAINT,6029,2024-08-26 04:14:00+00:00,3154.75,3154.2,0.017434,True,session
ASIANPAINT,6065,2024-08-26 04:50:00+00:00,3173.75,3173.2,0.01733,True,session
ASIANPAINT,6126,2024-08-26 05:51:00+00:00,3161.95,3161.95,0.0,True,session
ASIANPAINT,6187,2024-08-26 06:52:00+00:00,3166.6,3166.6,0.0,True,session
ASIANPAINT,6248,2024-08-26 07:53:00+00:00,3168.5,3168.5,0.0,True,session
ASIANPAINT,6309,2024-08-26 08:54:00+00:00,3172.45,3173.1,0.020489,True,session
ASIANPAINT,6370,2024-08-26 09:55:00+00:00,3169.6,3168.35,0.039437,True,session
ASIANPAINT,6431,2024-08-27 04:41:00+00:00,3170.85,3169.2,0.052037,True,session
ASIANPAINT,6461,2024-08-27 05:11:00+00:00,3189.55,3189.6,0.001568,True,session
ASIANPAINT,6522,2024-08-27 06:12:00+00:00,3180.9,3182.0,0.034581,True,session
ASIANPAINT,6583,2024-08-27 07:13:00+00:00,3178.2,3178.2,0.0,True,session
ASIANPAINT,6644,2024-08-27 08:14:00+00:00,3181.0,3181.0,0.0,True,session
ASIANPAINT,6705,2024-08-27 09:15:00+00:00,3177.7,3177.7,0.0,True,session
ASIANPAINT,6766,2024-08-28 04:01:00+00:00,3160.5,3161.25,0.02373,True,session
ASIANPAINT,6827,2024-08-28 05:02:00+00:00,3133.1,3133.0,0.003192,True,session
ASIANPAINT,6888,2024-08-28 06:03:00+00:00,3137.4,3137.15,0.007968,True,session
ASIANPAINT,6949,2024-08-28 07:04:00+00:00,3136.55,3136.55,0.0,True,session
ASIANPAINT,7010,2024-08-28 08:05:00+00:00,3135.9,3135.9,0.0,True,session
ASIANPAINT,7071,2024-08-28 09:06:00+00:00,3132.75,3131.15,0.051073,True,session
ASIANPAINT,7132,2024-08-29 03:52:00+00:00,3117.55,3117.0,0.017642,True,session
ASIANPAINT,7164,2024-08-29 04:24:00+00:00,3133.15,3133.15,0.0,True,session
ASIANPAINT,7225,2024-08-29 05:25:00+00:00,3127.0,3127.0,0.0,True,session
ASIANPAINT,7286,2024-08-29 06:26:00+00:00,3107.5,3107.5,0.0,True,session
ASIANPAINT,7330,2024-08-29 07:10:00+00:00,3124.7,3125.0,0.009601,True,session
ASIANPAINT,7391,2024-08-29 08:11:00+00:00,3116.0,3115.85,0.004814,True,session
ASIANPAINT,7452,2024-08-29 09:12:00+00:00,3096.35,3096.8,0.014533,True,session
ASIANPAINT,7466,2024-08-29 09:26:00+00:00,3114.7,3115.35,0.020869,True,session
ASIANPAINT,7501,2024-08-30 03:46:00+00:00,3130.25,3130.25,0.0,True,session
ASIANPAINT,7522,2024-08-30 04:07:00+00:00,3152.0,3153.1,0.034898,True,session
ASIANPAINT,7583,2024-08-30 05:08:00+00:00,3147.0,3147.0,0.0,True,session
ASIANPAINT,7821,2024-08-30 09:06:00+00:00,3122.3,3120.95,0.043237,True,session
AXISBANK,23,2024-08-01 04:08:00+00:00,1170.2,1170.2,0.0,True,session
AXISBANK,84,2024-08-01 05:09:00+00:00,1169.7,1169.7,0.0,True,session
AXISBANK,145,2024-08-01 06:10:00+00:00,1171.15,1171.0,0.012808,True,session
AXISBANK,206,2024-08-01 07:11:00+00:00,1169.6,1169.6,0.0,True,session
AXISBANK,267,2024-08-01 08:12:00+00:00,1170.05,1170.0,0.004273,True,session
AXISBANK,379,2024-08-02 03:49:00+00:00,1165.05,1165.05,0.0,True,session
AXISBANK,440,2024-08-02 04:50:00+00:00,1161.05,1161.0,0.004306,True,session
AXISBANK,501,2024-08-02 05:51:00+00:00,1159.0,1159.0,0.0,True,session
AXISBANK,562,2024-08-02 06:52:00+00:00,1158.5,1158.5,0.0,True,session
AXISBANK,623,2024-08-02 07:53:00+00:00,1161.65,1161.65,0.0,True,session
AXISBANK,684,2024-08-02 08:54:00+00:00,1163.1,1163.1,0.0,True,session
AXISBANK,745,2024-08-02 09:55:00+00:00,1162.15,1162.15,0.0,True,session
AXISBANK,751,2024-08-05 03:46:00+00:00,1145.8,1145.25,0.048001,True,session
AXISBANK,756,2024-08-05 03:51:00+00:00,1137.55,1137.5,0.004395,True,session
AXISBANK,817,2024-08-05 04:52:00+00:00,1134.8,1135.05,0.02203,True,session
AXISBANK,878,2024-08-05 05:53:00+00:00,1125.0,1125.1,0.008889,True,session
AXISBANK,939,2024-08-05 06:54:00+00:00,1128.85,1128.85,0.0,True,session
AXISBANK,1000,2024-08-05 07:55:00+00:00,1128.75,1128.75,0.0,True,session
AXISBANK,1061,2024-08-05 08:56:00+00:00,1128.9,1128.9,0.0,True,session
AXISBANK,1097,2024-08-05 09:32:00+00:00,1134.9,1134.6,0.026434,True,session
AXISBANK,1126,2024-08-06 03:46:00+00:00,1145.15,1145.15,0.0,True,session
AXISBANK,1178,2024-08-06 04:38:00+00:00,1135.05,1135.1,0.004405,True,session
AXISBANK,1239,2024-08-06 05:39:00+00:00,1135.75,1135.75,0.0,True,session
AXISBANK,1300,2024-08-06 06:40:00+00:00,1139.4,1139.2,0.017553,True,session
AXISBANK,1361,2024-08-06 07:41:00+00:00,1134.85,1134.85,0.0,True,session
AXISBANK,1422,2024-08-06 08:42:00+00:00,1128.95,1129.0,0.004429,True,session
AXISBANK,1483,2024-08-06 09:43:00+00:00,1126.0,1126.0,0.0,True,session
AXISBANK,1501,2024-08-07 03:46:00+00:00,1138.5,1138.25,0.021959,True,session
AXISBANK,1562,2024-08-07 04:47:00+00:00,1134.25,1134.05,0.017633,True,session
AXISBANK,1584,2024-08-07 05:09:00+00:00,1139.45,1139.45,0.0,True,session
AXISBANK,1609,2024-08-07 05:34:00+00:00,1128.55,1129.05,0.044305,True,session
AXISBANK,1670,2024-08-07 06:35:00+00:00,1130.2,1130.25,0.004424,True,session
AXISBANK,1731,2024-08-07 07:36:00+00:00,1131.8,1131.95,0.013253,True,session
AXISBANK,1792,2024-08-07 08:37:00+00:00,1134.8,1134.7,0.008812,True,session
AXISBANK,1879,2024-08-08 03:49:00+00:00,1136.6,1136.55,0.004399,True,session
AXISBANK,1930,2024-08-08 04:40:00+00:00,1126.95,1126.95,0.0,True,session
AXISBANK,1991,2024-08-08 05:41:00+00:00,1131.4,1131.65,0.022097,True,session
AXISBANK,2052,2024-08-08 06:42:00+00:00,1130.6,1130.85,0.022112,True,session
AXISBANK,2066,2024-08-08 06:56:00+00:00,1136.6,1136.6,0.0,True,session
AXISBANK,2127,2024-08-08 07:57:00+00:00,1135.05,1135.05,0.0,True,session
AXISBANK,2188,2024-08-08 08:58:00+00:00,1137.4,1137.4,0.0,True,session
AXISBANK,2249,2024-08-08 09:59:00+00:00,1135.75,1135.7,0.004402,True,session
AXISBANK,2285,2024-08-09 04:20:00+00:00,1145.95,1145.95,0.0,True,session
AXISBANK,2346,2024-08-09 05:21:00+00:00,1148.8,1148.8,0.0,True,session
AXISBANK,2407,2024-08-09 06:22:00+00:00,1153.55,1153.35,0.017338,True,session
AXISBANK,2468,2024-08-09 07:23:00+00:00,1147.75,1147.95,0.017425,True,session
AXISBANK,2598,2024-08-09 09:33:00+00:00,1146.65,1146.65,0.0,True,session
AXISBANK,2628,2024-08-12 03:48:00+00:00,1138.55,1138.1,0.039524,True,session
AXISBANK,2634,2024-08-12 03:54:00+00:00,1143.6,1143.4,0.017489,True,session
AXISBANK,2731,2024-08-12 05:31:00+00:00,1158.3,1158.3,0.0,True,session
AXISBANK,2792,2024-08-12 06:32:00+00:00,1159.5,1159.5,0.0,True,session
AXISBANK,2853,2024-08-12 07:33:00+00:00,1161.7,1162.1,0.034432,True,session
AXISBANK,2914,2024-08-12 08:34:00+00:00,1164.6,1164.6,0.0,True,session
AXISBANK,2975,2024-08-12 09:35:00+00:00,1163.45,1163.3,0.012893,True,session
AXISBANK,3001,2024-08-13 03:46:00+00:00,1176.1,1176.6,0.042513,True,session
AXISBANK,3017,2024-08-13 04:02:00+00:00,1170.0,1170.0,0.0,True,session
AXISBANK,3095,2024-08-13 05:20:00+00:00,1172.85,1172.6,0.021316,True,session
AXISBANK,3284,2024-08-13 08:29:00+00:00,1163.6,1163.6,0.0,True,session
AXISBANK,3352,2024-08-13 09:37:00+00:00,1159.2,1159.25,0.004313,True,session
AXISBANK,3379,2024-08-14 03:49:00+00:00,1152.8,1152.3,0.043373,True,session
AXISBANK,3440,2024-08-14 04:50:00+00:00,1153.6,1153.4,0.017337,True,session
AXISBANK,3501,2024-08-14 05:51:00+00:00,1150.0,1150.0,0.0,True,session
AXISBANK,3562,2024-08-14 06:52:00+00:00,1150.85,1150.85,0.0,True,session
AXISBANK,3623,2024-08-14 07:53:00+00:00,1150.85,1151.2,0.030412,True,session
AXISBANK,3684,2024-08-14 08:54:00+00:00,1151.2,1151.2,0.0,True,session
AXISBANK,3745,2024-08-14 09:55:00+00:00,1151.85,1151.8,0.004341,True,session
AXISBANK,3774,2024-08-16 04:09:00+00:00,1159.25,1159.25,0.0,True,session
AXISBANK,3835,2024-08-16 05:10:00+00:00,1152.55,1152.15,0.034706,True,session
AXISBANK,3896,2024-08-16 06:11:00+00:00,1155.7,1155.7,0.0,True,session
AXISBANK,3924,2024-08-16 06:39:00+00:00,1161.8,1161.7,0.008607,True,session
AXISBANK,4024,2024-08-16 08:19:00+00:00,1169.95,1169.95,0.0,True,session
AXISBANK,4127,2024-08-19 03:47:00+00:00,1169.3,1169.3,0.0,True,session
AXISBANK,4154,2024-08-19 04:14:00+00:00,1163.5,1163.75,0.021487,True,session
AXISBANK,4215,2024-08-19 05:15:00+00:00,1157.95,1157.95,0.0,True,session
AXISBANK,4276,2024-08-19 06:16:00+00:00,1157.65,1157.65,0.0,True,session
AXISBANK,4337,2024-08-19 07:17:00+00:00,1155.0,1155.0,0.0,True,session
AXISBANK,4398,2024-08-19 08:18:00+00:00,1152.25,1152.0,0.021697,True,session
AXISBANK,4459,2024-08-19 09:19:00+00:00,1153.25,1153.25,0.0,True,session
AXISBANK,4510,2024-08-20 03:55:00+00:00,1159.5,1159.7,0.017249,True,session
AXISBANK,4529,2024-08-20 04:14:00+00:00,1165.6,1165.6,0.0,True,session
AXISBANK,4614,2024-08-20 05:39:00+00:00,1172.0,1172.3,0.025597,True,session
AXISBANK,4690,2024-08-20 06:55:00+00:00,1175.1,1175.1,0.0,True,session
AXISBANK,4913,2024-08-21 04:23:00+00:00,1166.0,1166.1,0.008576,True,session
AXISBANK,5003,2024-08-21 05:53:00+00:00,1170.15,1170.55,0.034184,True,session
AXISBANK,5071,2024-08-21 07:01:00+00:00,1170.5,1170.65,0.012815,True,session
AXISBANK,5132,2024-08-21 08:02:00+00:00,1169.2,1169.15,0.004276,True,session
AXISBANK,5206,2024-08-21 09:16:00+00:00,1171.6,1171.6,0.0,True,session
AXISBANK,5267,2024-08-22 04:02:00+00:00,1173.7,1173.65,0.00426,True,session
AXISBANK,5331,2024-08-22 05:06:00+00:00,1177.1,1177.0,0.008495,True,session
AXISBANK,5397,2024-08-22 06:12:00+00:00,1177.55,1177.55,0.0,True,session
AXISBANK,5458,2024-08-22 07:13:00+00:00,1175.8,1176.0,0.01701,True,session
AXISBANK,5522,2024-08-22 08:17:00+00:00,1175.5,1175.6,0.008507,True,session
AXISBANK,5791,2024-08-23 06:31:00+00:00,1169.85,1169.85,0.0,True,session
AXISBANK,5852,2024-08-23 07:32:00+00:00,1170.65,1170.65,0.0,True,session
AXISBANK,5915,2024-08-23 08:35:00+00:00,1169.1,1169.1,0.0,True,session
AXISBANK,6208,2024-08-26 07:13:00+00:00,1172.15,1172.15,0.0,True,session
AXISBANK,6269,2024-08-26 08:14:00+00:00,1170.25,1170.2,0.004273,True,session
AXISBANK,6350,2024-08-26 09:35:00+00:00,1170.1,1170.05,0.004273,True,session
AXISBANK,6414,2024-08-27 04:24:00+00:00,1167.5,1167.75,0.021413,True,session
AXISBANK,6476,2024-08-27 05:26:00+00:00,1172.3,1172.5,0.01706,True,session
AXISBANK,6586,2024-08-27 07:16:00+00:00,1177.0,1177.0,0.0,True,session
AXISBANK,6647,2024-08-27 08:17:00+00:00,1181.1,1181.15,0.004233,True,session
AXISBANK,6708,2024-08-27 09:18:00+00:00,1181.2,1181.2,0.0,True,session
AXISBANK,6824,2024-08-28 04:59:00+00:00,1176.0,1176.0,0.0,True,session
AXISBANK,6938,2024-08-28 06:53:00+00:00,1173.3,1173.0,0.025569,True,session
AXISBANK,6999,2024-08-28 07:54:00+00:00,1170.6,1170.6,0.0,True,session
AXISBANK,7063,2024-08-28 08:58:00+00:00,1171.8,1171.55,0.021335,True,session
AXISBANK,7135,2024-08-29 03:55:00+00:00,1166.65,1166.65,0.0,True,session
AXISBANK,7209,2024-08-29 05:09:00+00:00,1172.85,1172.85,0.0,True,session
AXISBANK,7270,2024-08-29 06:10:00+00:00,1175.25,1175.25,0.0,True,session
AXISBANK,7333,2024-08-29 07:13:00+00:00,1177.7,1177.65,0.004246,True,session
AXISBANK,7394,2024-08-29 08:14:00+00:00,1176.7,1176.7,0.0,True,session
AXISBANK,7466,2024-08-29 09:26:00+00:00,1176.55,1176.55,0.0,True,session
AXISBANK,7565,2024-08-30 04:50:00+00:00,1177.2,1176.95,0.021237,True,session
AXISBANK,7658,2024-08-30 06:23:00+00:00,1176.9,1176.9,0.0,True,session
AXISBANK,7719,2024-08-30 07:24:00+00:00,1180.0,1180.0,0.0,True,session
AXISBANK,7780,2024-08-30 08:25:00+00:00,1177.85,1177.85,0.0,True,session
AXISBANK,7841,2024-08-30 09:26:00+00:00,1174.7,1174.9,0.017026,True,session
BAJAJFINSV,3,2024-08-01 03:48:00+00:00,1648.5,1648.5,0.0,True,session
BAJAJFINSV,64,2024-08-01 04:49:00+00:00,1646.85,1646.85,0.0,True,session
BAJAJFINSV,121,2024-08-01 05:46:00+00:00,1655.65,1655.65,0.0,True,session
BAJAJFINSV,182,2024-08-01 06:47:00+00:00,1647.65,1648.5,0.051589,True,session
BAJAJFINSV,243,2024-08-01 07:48:00+00:00,1645.0,1645.0,0.0,True,session
BAJAJFINSV,304,2024-08-01 08:49:00+00:00,1643.5,1643.55,0.003042,True,session
BAJAJFINSV,365,2024-08-01 09:50:00+00:00,1634.9,1634.95,0.003058,True,session
BAJAJFINSV,376,2024-08-02 03:46:00+00:00,1622.7,1623.15,0.027732,True,session
BAJAJFINSV,403,2024-08-02 04:13:00+00:00,1607.45,1606.75,0.043547,True,session
BAJAJFINSV,453,2024-08-02 05:03:00+00:00,1616.85,1616.85,0.0,True,session
BAJAJFINSV,514,2024-08-02 06:04:00+00:00,1622.1,1622.1,0.0,True,session
BAJAJFINSV,575,2024-08-02 07:05:00+00:00,1620.4,1620.75,0.0216,True,session
BAJAJFINSV,636,2024-08-02 08:06:00+00:00,1626.15,1627.0,0.052271,True,session
BAJAJFINSV,697,2024-08-02 09:07:00+00:00,1620.45,1620.25,0.012342,True,session
BAJAJFINSV,751,2024-08-05 03:46:00+00:00,1598.15,1596.85,0.081344,True,session
BAJAJFINSV,812,2024-08-05 04:47:00+00:00,1592.55,1592.55,0.0,True,session
BAJAJFINSV,871,2024-08-05 05:46:00+00:00,1574.1,1574.1,0.0,True,session
BAJAJFINSV,932,2024-08-05 06:47:00+00:00,1579.4,1579.4,0.0,True,session
BAJAJFINSV,993,2024-08-05 07:48:00+00:00,1571.85,1571.85,0.0,True,session
BAJAJFINSV,1054,2024-08-05 08:49:00+00:00,1572.1,1572.1,0.0,True,session
BAJAJFINSV,1115,2024-08-05 09:50:00+00:00,1567.65,1567.65,0.0,True,session
BAJAJFINSV,1126,2024-08-06 03:46:00+00:00,1584.85,1584.35,0.031549,True,session
BAJAJFINSV,1132,2024-08-06 03:52:00+00:00,1597.0,1596.95,0.003131,True,session
BAJAJFINSV,1193,2024-08-06 04:53:00+00:00,1581.35,1581.35,0.0,True,session
BAJAJFINSV,1254,2024-08-06 05:54:00+00:00,1577.7,1577.0,0.044368,True,session
BAJAJFINSV,1315,2024-08-06 06:55:00+00:00,1580.45,1580.4,0.003164,True,session
BAJAJFINSV,1376,2024-08-06 07:56:00+00:00,1584.75,1584.75,0.0,True,session
BAJAJFINSV,1406,2024-08-06 08:26:00+00:00,1565.7,1565.7,0.0,True,session
BAJAJFINSV,1467,2024-08-06 09:27:00+00:00,1565.1,1564.6,0.031947,True,session
BAJAJFINSV,1501,2024-08-07 03:46:00+00:00,1578.9,1579.15,0.015834,True,session
BAJAJFINSV,1562,2024-08-07 04:47:00+00:00,1572.75,1572.6,0.009537,True,session
BAJAJFINSV,1623,2024-08-07 05:48:00+00:00,1572.55,1572.55,0.0,True,session
BAJAJFINSV,1684,2024-08-07 06:49:00+00:00,1574.85,1575.0,0.009525,True,session
BAJAJFINSV,1745,2024-08-07 07:50:00+00:00,1570.8,1570.8,0.0,True,session
BAJAJFINSV,1806,2024-08-07 08:51:00+00:00,1568.85,1568.85,0.0,True,session
BAJAJFINSV,1867,2024-08-07 09:52:00+00:00,1572.75,1572.75,0.0,True,session
BAJAJFINSV,1928,2024-08-08 04:38:00+00:00,1562.85,1562.85,0.0,True,session
BAJAJFINSV,1989,2024-08-08 05:39:00+00:00,1561.6,1561.6,0.0,True,session
BAJAJFINSV,2050,2024-08-08 06:40:00+00:00,1559.0,1559.0,0.0,True,session
BAJAJFINSV,2066,2024-08-08 06:56:00+00:00,1568.55,1568.45,0.006375,True,session
BAJAJFINSV,2127,2024-08-08 07:57:00+00:00,1555.6,1555.6,0.0,True,session
BAJAJFINSV,2188,2024-08-08 08:58:00+00:00,1552.0,1551.95,0.003222,True,session
BAJAJFINSV,2245,2024-08-08 09:55:00+00:00,1533.9,1533.75,0.009779,True,session
BAJAJFINSV,2251,2024-08-09 03:46:00+00:00,1549.0,1552.3,0.213041,True,session
BAJAJFINSV,2257,2024-08-09 03:52:00+00:00,1556.0,1554.8,0.077121,True,session
BAJAJFINSV,2318,2024-08-09 04:53:00+00:00,1548.5,1548.0,0.032289,True,session
BAJAJFINSV,2379,2024-08-09 05:54:00+00:00,1555.75,1555.75,0.0,True,session
BAJAJFINSV,2440,2024-08-09 06:55:00+00:00,1552.35,1552.1,0.016105,True,session
BAJAJFINSV,2501,2024-08-09 07:56:00+00:00,1557.35,1556.8,0.035316,True,session
BAJAJFINSV,2562,2024-08-09 08:57:00+00:00,1560.45,1560.4,0.003204,True,session
BAJAJFINSV,2627,2024-08-12 03:47:00+00:00,1553.0,1554.15,0.07405,True,session
BAJAJFINSV,2714,2024-08-12 05:14:00+00:00,1560.1,1560.4,0.01923,True,session
BAJAJFINSV,2775,2024-08-12 06:15:00+00:00,1565.5,1565.5,0.0,True,session
BAJAJFINSV,2836,2024-08-12 07:16:00+00:00,1566.0,1566.05,0.003193,True,session
BAJAJFINSV,2897,2024-08-12 08:17:00+00:00,1566.9,1566.9,0.0,True,session
BAJAJFINSV,2958,2024-08-12 09:18:00+00:00,1566.7,1566.7,0.0,True,session
BAJAJFINSV,2971,2024-08-12 09:31:00+00:00,1558.1,1557.95,0.009627,True,session
BAJAJFINSV,3042,2024-08-13 04:27:00+00:00,1555.25,1555.25,0.0,True,session
BAJAJFINSV,3103,2024-08-13 05:28:00+00:00,1557.65,1558.3,0.04173,True,session
BAJAJFINSV,3215,2024-08-13 07:20:00+00:00,1555.9,1555.9,0.0,True,session
BAJAJFINSV,3276,2024-08-13 08:21:00+00:00,1548.75,1548.55,0.012914,True,session
BAJAJFINSV,3337,2024-08-13 09:22:00+00:00,1540.65,1541.0,0.022718,True,session
BAJAJFINSV,3398,2024-08-14 04:08:00+00:00,1534.0,1534.4,0.026076,True,session
BAJAJFINSV,3459,2024-08-14 05:09:00+00:00,1529.35,1529.35,0.0,True,session
BAJAJFINSV,3520,2024-08-14 06:10:00+00:00,1532.8,1532.8,0.0,True,session
BAJAJFINSV,3581,2024-08-14 07:11:00+00:00,1532.7,1532.7,0.0,True,session
BAJAJFINSV,3642,2024-08-14 08:12:00+00:00,1534.8,1534.75,0.003258,True,session
BAJAJFINSV,3703,2024-08-14 09:13:00+00:00,1529.35,1529.35,0.0,True,session
BAJAJFINSV,3751,2024-08-16 03:46:00+00:00,1536.3,1536.3,0.0,True,session
BAJAJFINSV,3812,2024-08-16 04:47:00+00:00,1531.65,1531.3,0.022851,True,session
BAJAJFINSV,3873,2024-08-16 05:48:00+00:00,1525.7,1525.7,0.0,True,session
BAJAJFINSV,3887,2024-08-16 06:02:00+00:00,1533.95,1534.2,0.016298,True,session
BAJAJFINSV,3947,2024-08-16 07:02:00+00:00,1542.6,1542.5,0.006483,True,session
BAJAJFINSV,4008,2024-08-16 08:03:00+00:00,1544.3,1544.2,0.006475,True,session
BAJAJFINSV,4069,2024-08-16 09:04:00+00:00,1548.15,1548.15,0.0,True,session
BAJAJFINSV,4147,2024-08-19 04:07:00+00:00,1555.4,1555.4,0.0,True,session
BAJAJFINSV,4208,2024-08-19 05:08:00+00:00,1550.55,1550.55,0.0,True,session
BAJAJFINSV,4269,2024-08-19 06:09:00+00:00,1551.5,1551.5,0.0,True,session
BAJAJFINSV,4330,2024-08-19 07:10:00+00:00,1550.4,1550.4,0.0,True,session
BAJAJFINSV,4391,2024-08-19 08:11:00+00:00,1550.8,1550.8,0.0,True,session
BAJAJFINSV,4452,2024-08-19 09:12:00+00:00,1551.2,1550.9,0.01934,True,session
BAJAJFINSV,4525,2024-08-20 04:10:00+00:00,1562.45,1562.45,0.0,True,session
BAJAJFINSV,4573,2024-08-20 04:58:00+00:00,1578.0,1578.0,0.0,True,session
BAJAJFINSV,4634,2024-08-20 05:59:00+00:00,1591.8,1591.85,0.003141,True,session
BAJAJFINSV,4695,2024-08-20 07:00:00+00:00,1589.7,1589.7,0.0,True,session
BAJAJFINSV,4766,2024-08-20 08:11:00+00:00,1592.95,1592.5,0.028249,True,session
BAJAJFINSV,4775,2024-08-20 08:20:00+00:00,1608.9,1608.5,0.024862,True,session
BAJAJFINSV,4786,2024-08-20 08:31:00+00:00,1623.3,1623.1,0.012321,True,session
BAJAJFINSV,4796,2024-08-20 08:41:00+00:00,1615.0,1615.0,0.0,True,session
BAJAJFINSV,4825,2024-08-20 09:10:00+00:00,1606.7,1606.7,0.0,True,session
BAJAJFINSV,4902,2024-08-21 04:12:00+00:00,1610.0,1609.95,0.003106,True,session
BAJAJFINSV,4947,2024-08-21 04:57:00+00:00,1621.0,1621.0,0.0,True,session
BAJAJFINSV,5134,2024-08-21 08:04:00+00:00,1621.3,1622.05,0.046259,True,session
BAJAJFINSV,5257,2024-08-22 03:52:00+00:00,1618.4,1618.4,0.0,True,session
BAJAJFINSV,5343,2024-08-22 05:18:00+00:00,1625.45,1625.45,0.0,True,session
BAJAJFINSV,5453,2024-08-22 07:08:00+00:00,1629.8,1629.9,0.006136,True,session
BAJAJFINSV,5656,2024-08-23 04:16:00+00:00,1629.9,1629.9,0.0,True,session
BAJAJFINSV,5788,2024-08-23 06:28:00+00:00,1637.45,1637.45,0.0,True,session
BAJAJFINSV,5955,2024-08-23 09:15:00+00:00,1637.7,1637.35,0.021371,True,session
BAJAJFINSV,6014,2024-08-26 03:59:00+00:00,1653.6,1653.95,0.021166,True,session
BAJAJFINSV,6039,2024-08-26 04:24:00+00:00,1669.9,1669.9,0.0,True,session
BAJAJFINSV,6095,2024-08-26 05:20:00+00:00,1661.3,1660.95,0.021068,True,session
BAJAJFINSV,6130,2024-08-26 05:55:00+00:00,1656.05,1656.05,0.0,True,session
BAJAJFINSV,6140,2024-08-26 06:05:00+00:00,1668.25,1668.4,0.008991,True,session
BAJAJFINSV,6201,2024-08-26 07:06:00+00:00,1674.6,1674.3,0.017915,True,session
BAJAJFINSV,6262,2024-08-26 08:07:00+00:00,1675.0,1674.9,0.00597,True,session
BAJAJFINSV,6323,2024-08-26 09:08:00+00:00,1683.4,1683.0,0.023761,True,session
BAJAJFINSV,6382,2024-08-27 03:52:00+00:00,1699.9,1699.9,0.0,True,session
BAJAJFINSV,6397,2024-08-27 04:07:00+00:00,1687.6,1687.8,0.011851,True,session
BAJAJFINSV,6400,2024-08-27 04:10:00+00:00,1681.1,1682.0,0.053536,True,session
BAJAJFINSV,6444,2024-08-27 04:54:00+00:00,1673.5,1673.5,0.0,True,session
BAJAJFINSV,6467,2024-08-27 05:17:00+00:00,1656.75,1657.0,0.01509,True,session
BAJAJFINSV,6480,2024-08-27 05:30:00+00:00,1666.25,1666.25,0.0,True,session
BAJAJFINSV,6489,2024-08-27 05:39:00+00:00,1677.45,1677.0,0.026826,True,session
BAJAJFINSV,6510,2024-08-27 06:00:00+00:00,1699.3,1699.3,0.0,True,session
BAJAJFINSV,6548,2024-08-27 06:38:00+00:00,1715.7,1715.7,0.0,True,session
BAJAJFINSV,6685,2024-08-27 08:55:00+00:00,1710.5,1709.95,0.032154,True,session
BAJAJFINSV,6739,2024-08-27 09:49:00+00:00,1724.65,1724.75,0.005798,True,session
BAJAJFINSV,6761,2024-08-28 03:56:00+00:00,1712.4,1712.15,0.014599,True,session
BAJAJFINSV,6822,2024-08-28 04:57:00+00:00,1708.5,1708.5,0.0,True,session
BAJAJFINSV,6875,2024-08-28 05:50:00+00:00,1717.2,1717.2,0.0,True,session
BAJAJFINSV,6936,2024-08-28 06:51:00+00:00,1713.45,1713.45,0.0,True,session
BAJAJFINSV,6997,2024-08-28 07:52:00+00:00,1715.9,1715.9,0.0,True,session
BAJAJFINSV,7071,2024-08-28 09:06:00+00:00,1717.0,1716.5,0.029121,True,session
BAJAJFINSV,7148,2024-08-29 04:08:00+00:00,1728.5,1728.7,0.011571,True,session
BAJAJFINSV,7159,2024-08-29 04:19:00+00:00,1745.5,1744.7,0.045832,True,session
BAJAJFINSV,7187,2024-08-29 04:47:00+00:00,1760.35,1760.9,0.031244,True,session
BAJAJFINSV,7218,2024-08-29 05:18:00+00:00,1750.0,1750.3,0.017143,True,session
BAJAJFINSV,7258,2024-08-29 05:58:00+00:00,1766.3,1766.4,0.005662,True,session
BAJAJFINSV,7317,2024-08-29 06:57:00+00:00,1754.85,1754.85,0.0,True,session
BAJAJFINSV,7333,2024-08-29 07:13:00+00:00,1769.9,1769.9,0.0,True,session
BAJAJFINSV,7366,2024-08-29 07:46:00+00:00,1765.3,1765.3,0.0,True,session
BAJAJFINSV,7414,2024-08-29 08:34:00+00:00,1748.8,1748.85,0.002859,True,session
BAJAJFINSV,7427,2024-08-29 08:47:00+00:00,1758.0,1758.0,0.0,True,session
BAJAJFINSV,7488,2024-08-29 09:48:00+00:00,1754.75,1754.0,0.042741,True,session
BAJAJFINSV,7525,2024-08-30 04:10:00+00:00,1776.0,1776.25,0.014077,True,session
BAJAJFINSV,7557,2024-08-30 04:42:00+00:00,1760.0,1760.0,0.0,True,session
BAJAJFINSV,7618,2024-08-30 05:43:00+00:00,1758.0,1758.0,0.0,True,session
BAJAJFINSV,7670,2024-08-30 06:35:00+00:00,1767.1,1766.95,0.008488,True,session
BAJAJFINSV,7730,2024-08-30 07:35:00+00:00,1776.2,1776.05,0.008445,True,session
BAJAJFINSV,7769,2024-08-30 08:14:00+00:00,1783.85,1782.75,0.061664,True,session
BAJAJFINSV,7816,2024-08-30 09:01:00+00:00,1784.35,1784.35,0.0,True,session
BAJFINANCE,119,2024-08-01 05:44:00+00:00,682.0,682.0,0.0,True,session
BAJFINANCE,373,2024-08-01 09:58:00+00:00,676.0,676.0,0.0,True,session
BAJFINANCE,402,2024-08-02 04:12:00+00:00,669.5,670.0,0.074683,True,session
BAJFINANCE,463,2024-08-02 05:13:00+00:00,673.0,673.0,0.0,True,session
BAJFINANCE,524,2024-08-02 06:14:00+00:00,674.0,674.0,0.0,True,session
BAJFINANCE,585,2024-08-02 07:15:00+00:00,673.0,673.0,0.0,True,session
BAJFINANCE,646,2024-08-02 08:16:00+00:00,674.0,674.0,0.0,True,session
BAJFINANCE,707,2024-08-02 09:17:00+00:00,673.0,673.0,0.0,True,session
BAJFINANCE,751,2024-08-05 03:46:00+00:00,662.5,663.0,0.075472,True,session
BAJFINANCE,766,2024-08-05 04:01:00+00:00,656.0,656.0,0.0,True,session
BAJFINANCE,779,2024-08-05 04:14:00+00:00,659.5,659.5,0.0,True,session
BAJFINANCE,840,2024-08-05 05:15:00+00:00,659.0,659.0,0.0,True,session
BAJFINANCE,901,2024-08-05 06:16:00+00:00,658.0,658.0,0.0,True,session
BAJFINANCE,962,2024-08-05 07:17:00+00:00,657.0,657.0,0.0,True,session
BAJFINANCE,1010,2024-08-05 08:05:00+00:00,661.0,661.0,0.0,True,session
BAJFINANCE,1071,2024-08-05 09:06:00+00:00,659.0,659.0,0.0,True,session
BAJFINANCE,1126,2024-08-06 03:46:00+00:00,666.0,666.0,0.0,True,session
BAJFINANCE,1133,2024-08-06 03:53:00+00:00,668.5,668.5,0.0,True,session
BAJFINANCE,1190,2024-08-06 04:50:00+00:00,662.0,662.0,0.0,True,session
BAJFINANCE,1251,2024-08-06 05:51:00+00:00,660.5,660.5,0.0,True,session
BAJFINANCE,1312,2024-08-06 06:52:00+00:00,662.0,662.0,0.0,True,session
BAJFINANCE,1373,2024-08-06 07:53:00+00:00,663.0,663.0,0.0,True,session
BAJFINANCE,1426,2024-08-06 08:46:00+00:00,655.5,655.5,0.0,True,session
BAJFINANCE,1487,2024-08-06 09:47:00+00:00,654.0,654.0,0.0,True,session
BAJFINANCE,1501,2024-08-07 03:46:00+00:00,660.0,661.0,0.151515,True,session
BAJFINANCE,1546,2024-08-07 04:31:00+00:00,664.0,664.0,0.0,True,session
BAJFINANCE,1607,2024-08-07 05:32:00+00:00,665.0,665.0,0.0,True,session
BAJFINANCE,1897,2024-08-08 04:07:00+00:00,663.0,663.0,0.0,True,session
BAJFINANCE,1958,2024-08-08 05:08:00+00:00,662.0,662.0,0.0,True,session
BAJFINANCE,2019,2024-08-08 06:09:00+00:00,661.5,661.5,0.0,True,session
BAJFINANCE,2097,2024-08-08 07:27:00+00:00,663.5,663.5,0.0,True,session
BAJFINANCE,2158,2024-08-08 08:28:00+00:00,662.0,662.0,0.0,True,session
BAJFINANCE,2219,2024-08-08 09:29:00+00:00,658.0,658.0,0.0,True,session
BAJFINANCE,2251,2024-08-09 03:46:00+00:00,663.0,663.0,0.0,True,session
BAJFINANCE,2312,2024-08-09 04:47:00+00:00,661.0,661.0,0.0,True,session
BAJFINANCE,2373,2024-08-09 05:48:00+00:00,662.5,662.5,0.0,True,session
BAJFINANCE,2434,2024-08-09 06:49:00+00:00,660.0,660.0,0.0,True,session
BAJFINANCE,2495,2024-08-09 07:50:00+00:00,661.0,661.0,0.0,True,session
BAJFINANCE,2556,2024-08-09 08:51:00+00:00,660.0,660.0,0.0,True,session
BAJFINANCE,2617,2024-08-09 09:52:00+00:00,662.0,662.0,0.0,True,session
BAJFINANCE,2678,2024-08-12 04:38:00+00:00,656.5,657.0,0.076161,True,session
BAJFINANCE,2714,2024-08-12 05:14:00+00:00,660.5,660.5,0.0,True,session
BAJFINANCE,2755,2024-08-12 05:55:00+00:00,664.0,664.0,0.0,True,session
BAJFINANCE,2816,2024-08-12 06:56:00+00:00,662.0,662.0,0.0,True,session
BAJFINANCE,2878,2024-08-12 07:58:00+00:00,662.0,662.0,0.0,True,session
BAJFINANCE,2939,2024-08-12 08:59:00+00:00,662.0,662.0,0.0,True,session
BAJFINANCE,3000,2024-08-13 03:45:00+00:00,660.0,664.5,0.681818,True,session
BAJFINANCE,3061,2024-08-13 04:46:00+00:00,658.5,658.5,0.0,True,session
BAJFINANCE,3122,2024-08-13 05:47:00+00:00,658.0,658.0,0.0,True,session
BAJFINANCE,3183,2024-08-13 06:48:00+00:00,658.0,658.0,0.0,True,session
BAJFINANCE,3244,2024-08-13 07:49:00+00:00,656.5,657.0,0.076161,True,session
BAJFINANCE,3293,2024-08-13 08:38:00+00:00,651.0,650.5,0.076805,True,session
BAJFINANCE,3354,2024-08-13 09:39:00+00:00,646.5,647.0,0.07734,True,session
BAJFINANCE,3415,2024-08-14 04:25:00+00:00,644.0,644.0,0.0,True,session
BAJFINANCE,3476,2024-08-14 05:26:00+00:00,645.0,645.0,0.0,True,session
BAJFINANCE,3537,2024-08-14 06:27:00+00:00,646.0,646.0,0.0,True,session
BAJFINANCE,3598,2024-08-14 07:28:00+00:00,647.0,647.0,0.0,True,session
BAJFINANCE,3659,2024-08-14 08:29:00+00:00,646.0,646.0,0.0,True,session
BAJFINANCE,3720,2024-08-14 09:30:00+00:00,645.5,645.5,0.0,True,session
BAJFINANCE,3751,2024-08-16 03:46:00+00:00,648.0,648.0,0.0,True,session
BAJFINANCE,3812,2024-08-16 04:47:00+00:00,645.0,645.0,0.0,True,session
BAJFINANCE,3873,2024-08-16 05:48:00+00:00,645.0,645.0,0.0,True,session
BAJFINANCE,3896,2024-08-16 06:11:00+00:00,649.0,649.0,0.0,True,session
BAJFINANCE,3915,2024-08-16 06:30:00+00:00,653.0,653.0,0.0,True,session
BAJFINANCE,3976,2024-08-16 07:31:00+00:00,653.0,653.0,0.0,True,session
BAJFINANCE,4153,2024-08-19 04:13:00+00:00,665.0,665.0,0.0,True,session
BAJFINANCE,4181,2024-08-19 04:41:00+00:00,661.0,661.0,0.0,True,session
BAJFINANCE,4242,2024-08-19 05:42:00+00:00,661.0,661.0,0.0,True,session
BAJFINANCE,4303,2024-08-19 06:43:00+00:00,661.0,661.0,0.0,True,session
BAJFINANCE,4533,2024-08-20 04:18:00+00:00,667.0,667.0,0.0,True,session
BAJFINANCE,4594,2024-08-20 05:19:00+00:00,668.0,668.0,0.0,True,session
BAJFINANCE,4655,2024-08-20 06:20:00+00:00,671.0,671.0,0.0,True,session
BAJFINANCE,4716,2024-08-20 07:21:00+00:00,671.0,671.0,0.0,True,session
BAJFINANCE,4777,2024-08-20 08:22:00+00:00,673.0,673.0,0.0,True,session
BAJFINANCE,4838,2024-08-20 09:23:00+00:00,675.0,675.0,0.0,True,session
BAJFINANCE,4872,2024-08-20 09:57:00+00:00,671.5,671.5,0.0,True,session
BAJFINANCE,5253,2024-08-22 03:48:00+00:00,674.5,675.0,0.074129,True,session
BAJFINANCE,6020,2024-08-26 04:05:00+00:00,682.0,682.0,0.0,True,session
BAJFINANCE,6052,2024-08-26 04:37:00+00:00,678.0,677.5,0.073746,True,session
BAJFINANCE,6113,2024-08-26 05:38:00+00:00,678.0,678.0,0.0,True,session
BAJFINANCE,6174,2024-08-26 06:39:00+00:00,678.0,678.0,0.0,True,session
BAJFINANCE,6389,2024-08-27 03:59:00+00:00,676.0,676.0,0.0,True,session
BAJFINANCE,6451,2024-08-27 05:01:00+00:00,675.5,675.0,0.074019,True,session
BAJFINANCE,6711,2024-08-27 09:21:00+00:00,686.0,686.0,0.0,True,session
BAJFINANCE,6772,2024-08-28 04:07:00+00:00,686.5,686.5,0.0,True,session
BAJFINANCE,6839,2024-08-28 05:14:00+00:00,686.5,686.5,0.0,True,session
BAJFINANCE,6900,2024-08-28 06:15:00+00:00,688.0,688.0,0.0,True,session
BAJFINANCE,6961,2024-08-28 07:16:00+00:00,689.5,689.5,0.0,True,session
BAJFINANCE,7022,2024-08-28 08:17:00+00:00,690.0,690.0,0.0,True,session
BAJFINANCE,7083,2024-08-28 09:18:00+00:00,690.5,690.5,0.0,True,session
BAJFINANCE,7144,2024-08-29 04:04:00+00:00,690.0,690.0,0.0,True,session
BAJFINANCE,7160,2024-08-29 04:20:00+00:00,696.0,696.0,0.0,True,session
BAJFINANCE,7219,2024-08-29 05:19:00+00:00,706.0,706.0,0.0,True,session
BAJFINANCE,7294,2024-08-29 06:34:00+00:00,710.0,710.0,0.0,True,session
BAJFINANCE,7355,2024-08-29 07:35:00+00:00,712.0,712.0,0.0,True,session
BAJFINANCE,7413,2024-08-29 08:33:00+00:00,706.0,706.0,0.0,True,session
BAJFINANCE,7474,2024-08-29 09:34:00+00:00,707.0,707.0,0.0,True,session
BAJFINANCE,7501,2024-08-30 03:46:00+00:00,715.0,714.5,0.06993,True,session
BAJFINANCE,7510,2024-08-30 03:55:00+00:00,712.5,713.0,0.070175,True,session
BAJFINANCE,7571,2024-08-30 04:56:00+00:00,712.5,712.5,0.0,True,session
BAJFINANCE,7632,2024-08-30 05:57:00+00:00,711.0,711.0,0.0,True,session
BEL,3,2024-08-01 03:48:00+00:00,316.55,316.6,0.015795,True,session
BEL,64,2024-08-01 04:49:00+00:00,316.15,316.1,0.015815,True,session
BEL,80,2024-08-01 05:05:00+00:00,313.1,313.2,0.031939,True,session
BEL,92,2024-08-01 05:17:00+00:00,309.95,310.0,0.016132,True,session
BEL,99,2024-08-01 05:24:00+00:00,311.65,311.6,0.016044,True,session
BEL,160,2024-08-01 06:25:00+00:00,310.85,310.85,0.0,True,session
BEL,221,2024-08-01 07:26:00+00:00,308.95,308.95,0.0,True,session
BEL,232,2024-08-01 07:37:00+00:00,310.6,310.65,0.016098,True,session
BEL,293,2024-08-01 08:38:00+00:00,310.3,310.3,0.0,True,session
BEL,354,2024-08-01 09:39:00+00:00,311.25,311.3,0.016064,True,session
BEL,376,2024-08-02 03:46:00+00:00,305.4,305.6,0.065488,True,session
BEL,437,2024-08-02 04:47:00+00:00,306.5,306.55,0.016313,True,session
BEL,477,2024-08-02 05:27:00+00:00,308.45,308.45,0.0,True,session
BEL,538,2024-08-02 06:28:00+00:00,305.5,305.5,0.0,True,session
BEL,599,2024-08-02 07:29:00+00:00,303.95,303.95,0.0,True,session
BEL,660,2024-08-02 08:30:00+00:00,304.55,304.6,0.016418,True,session
BEL,721,2024-08-02 09:31:00+00:00,302.7,302.7,0.0,True,session
BEL,751,2024-08-05 03:46:00+00:00,289.6,288.8,0.276243,True,session
BEL,774,2024-08-05 04:09:00+00:00,292.5,292.35,0.051282,True,session
BEL,807,2024-08-05 04:42:00+00:00,296.1,296.1,0.0,True,session
BEL,868,2024-08-05 05:43:00+00:00,290.15,290.25,0.034465,True,session
BEL,929,2024-08-05 06:44:00+00:00,292.8,292.85,0.017077,True,session
BEL,990,2024-08-05 07:45:00+00:00,292.25,292.15,0.034217,True,session
BEL,1051,2024-08-05 08:46:00+00:00,292.95,292.95,0.0,True,session
BEL,1112,2024-08-05 09:47:00+00:00,290.6,290.65,0.017206,True,session
BEL,1126,2024-08-06 03:46:00+00:00,299.35,299.35,0.0,True,session
BEL,1187,2024-08-06 04:47:00+00:00,296.55,296.65,0.033721,True,session
BEL,1248,2024-08-06 05:48:00+00:00,294.05,294.05,0.0,True,session
BEL,1309,2024-08-06 06:49:00+00:00,294.35,294.4,0.016987,True,session
BEL,1370,2024-08-06 07:50:00+00:00,292.7,292.75,0.017082,True,session
BEL,1431,2024-08-06 08:51:00+00:00,290.0,289.95,0.017241,True,session
BEL,1492,2024-08-06 09:52:00+00:00,287.4,287.4,0.0,True,session
BEL,1501,2024-08-07 03:46:00+00:00,292.6,293.0,0.136705,True,session
BEL,1562,2024-08-07 04:47:00+00:00,293.4,293.4,0.0,True,session
BEL,1623,2024-08-07 05:48:00+00:00,294.4,294.4,0.0,True,session
BEL,1684,2024-08-07 06:49:00+00:00,296.0,296.0,0.0,True,session
BEL,1774,2024-08-07 08:19:00+00:00,297.5,297.5,0.0,True,session
BEL,1835,2024-08-07 09:20:00+00:00,299.0,298.9,0.033445,True,session
BEL,1876,2024-08-08 03:46:00+00:00,297.95,298.1,0.050344,True,session
BEL,1885,2024-08-08 03:55:00+00:00,300.45,300.25,0.066567,True,session
BEL,1891,2024-08-08 04:01:00+00:00,298.9,298.95,0.016728,True,session
BEL,1977,2024-08-08 05:27:00+00:00,298.75,298.75,0.0,True,session
BEL,2038,2024-08-08 06:28:00+00:00,298.9,298.9,0.0,True,session
BEL,2096,2024-08-08 07:26:00+00:00,300.65,300.75,0.033261,True,session
BEL,2157,2024-08-08 08:27:00+00:00,299.8,299.8,0.0,True,session
BEL,2218,2024-08-08 09:28:00+00:00,298.95,298.95,0.0,True,session
BEL,2251,2024-08-09 03:46:00+00:00,303.5,303.7,0.065898,True,session
BEL,2319,2024-08-09 04:54:00+00:00,301.8,301.75,0.016567,True,session
BEL,2380,2024-08-09 05:55:00+00:00,301.45,301.55,0.033173,True,session
BEL,2441,2024-08-09 06:56:00+00:00,301.8,301.8,0.0,True,session
BEL,2502,2024-08-09 07:57:00+00:00,301.75,301.75,0.0,True,session
BEL,2563,2024-08-09 08:58:00+00:00,301.95,302.0,0.016559,True,session
BEL,2624,2024-08-09 09:59:00+00:00,301.8,301.7,0.033135,True,session
BEL,2626,2024-08-12 03:46:00+00:00,300.9,300.5,0.132935,True,session
BEL,2687,2024-08-12 04:47:00+00:00,300.0,300.0,0.0,True,session
BEL,2709,2024-08-12 05:09:00+00:00,301.7,301.75,0.016573,True,session
BEL,2767,2024-08-12 06:07:00+00:00,302.25,302.25,0.0,True,session
BEL,2828,2024-08-12 07:08:00+00:00,302.2,302.25,0.016545,True,session
BEL,2889,2024-08-12 08:09:00+00:00,303.05,303.0,0.016499,True,session
BEL,2955,2024-08-12 09:15:00+00:00,302.3,302.3,0.0,True,session
BEL,3016,2024-08-13 04:01:00+00:00,301.1,301.2,0.033212,True,session
BEL,3077,2024-08-13 05:02:00+00:00,300.0,300.0,0.0,True,session
BEL,3116,2024-08-13 05:41:00+00:00,301.75,301.75,0.0,True,session
BEL,3177,2024-08-13 06:42:00+00:00,302.2,302.15,0.016545,True,session
BEL,3238,2024-08-13 07:43:00+00:00,300.75,300.75,0.0,True,session
BEL,3293,2024-08-13 08:38:00+00:00,297.8,297.8,0.0,True,session
BEL,3354,2024-08-13 09:39:00+00:00,296.5,296.5,0.0,True,session
BEL,3381,2024-08-14 03:51:00+00:00,294.25,294.2,0.016992,True,session
BEL,3383,2024-08-14 03:53:00+00:00,295.65,295.65,0.0,True,session
BEL,3392,2024-08-14 04:02:00+00:00,294.2,294.15,0.016995,True,session
BEL,3453,2024-08-14 05:03:00+00:00,293.65,293.65,0.0,True,session
BEL,3514,2024-08-14 06:04:00+00:00,292.05,292.05,0.0,True,session
BEL,3569,2024-08-14 06:59:00+00:00,293.6,293.5,0.03406,True,session
BEL,3630,2024-08-14 08:00:00+00:00,293.3,293.3,0.0,True,session
BEL,3684,2024-08-14 08:54:00+00:00,295.0,295.05,0.016949,True,session
BEL,3745,2024-08-14 09:55:00+00:00,293.95,293.95,0.0,True,session
BEL,3751,2024-08-16 03:46:00+00:00,298.55,298.7,0.050243,True,session
BEL,3838,2024-08-16 05:13:00+00:00,297.9,297.75,0.050352,True,session
BEL,3858,2024-08-16 05:33:00+00:00,298.3,298.3,0.0,True,session
BEL,3919,2024-08-16 06:34:00+00:00,298.3,298.3,0.0,True,session
BEL,4054,2024-08-16 08:49:00+00:00,302.35,302.35,0.0,True,session
BEL,4115,2024-08-16 09:50:00+00:00,303.4,303.4,0.0,True,session
BEL,4176,2024-08-19 04:36:00+00:00,303.8,303.7,0.032916,True,session
BEL,4237,2024-08-19 05:37:00+00:00,303.95,303.85,0.0329,True,session
BEL,4303,2024-08-19 06:43:00+00:00,303.05,303.05,0.0,True,session
BEL,4485,2024-08-19 09:45:00+00:00,302.35,302.35,0.0,True,session
BEL,4554,2024-08-20 04:39:00+00:00,300.5,300.5,0.0,True,session
BEL,4615,2024-08-20 05:40:00+00:00,299.55,299.55,0.0,True,session
BEL,4676,2024-08-20 06:41:00+00:00,299.75,299.95,0.066722,True,session
BEL,4714,2024-08-20 07:19:00+00:00,301.1,301.1,0.0,True,session
BEL,4761,2024-08-20 08:06:00+00:00,302.8,302.75,0.016513,True,session
BEL,4822,2024-08-20 09:07:00+00:00,303.65,303.7,0.016466,True,session
BEL,4883,2024-08-21 03:53:00+00:00,304.15,304.1,0.016439,True,session
BEL,4944,2024-08-21 04:54:00+00:00,303.95,304.0,0.01645,True,session
BEL,5005,2024-08-21 05:55:00+00:00,303.3,303.45,0.049456,True,session
BEL,5066,2024-08-21 06:56:00+00:00,303.7,303.7,0.0,True,session
BEL,5127,2024-08-21 07:57:00+00:00,303.95,303.85,0.0329,True,session
BEL,5188,2024-08-21 08:58:00+00:00,303.75,303.8,0.016461,True,session
BEL,5244,2024-08-21 09:54:00+00:00,306.55,306.55,0.0,True,session
BEL,5255,2024-08-22 03:50:00+00:00,304.95,304.9,0.016396,True,session
BEL,5333,2024-08-22 05:08:00+00:00,304.9,304.9,0.0,True,session
BEL,5396,2024-08-22 06:11:00+00:00,305.1,305.15,0.016388,True,session
BEL,5457,2024-08-22 07:12:00+00:00,305.9,305.9,0.0,True,session
BEL,5505,2024-08-22 08:00:00+00:00,304.1,304.15,0.016442,True,session
BEL,5566,2024-08-22 09:01:00+00:00,303.7,303.8,0.032927,True,session
BEL,5623,2024-08-22 09:58:00+00:00,304.75,304.75,0.0,True,session
BEL,5688,2024-08-23 04:48:00+00:00,307.55,307.55,0.0,True,session
BEL,6002,2024-08-26 03:47:00+00:00,308.2,308.2,0.0,True,session
BEL,6074,2024-08-26 04:59:00+00:00,306.7,306.8,0.032605,True,session
BEL,6135,2024-08-26 06:00:00+00:00,306.95,307.0,0.016289,True,session
BEL,6196,2024-08-26 07:01:00+00:00,306.85,306.85,0.0,True,session
BEL,6257,2024-08-26 08:02:00+00:00,306.35,306.35,0.0,True,session
BEL,6318,2024-08-26 09:03:00+00:00,306.65,306.55,0.03261,True,session
BEL,6379,2024-08-27 03:49:00+00:00,307.15,307.15,0.0,True,session
BEL,6440,2024-08-27 04:50:00+00:00,305.45,305.45,0.0,True,session
BEL,6501,2024-08-27 05:51:00+00:00,305.85,305.85,0.0,True,session
BEL,6562,2024-08-27 06:52:00+00:00,304.85,304.8,0.016402,True,session
BEL,6623,2024-08-27 07:53:00+00:00,304.7,304.7,0.0,True,session
BEL,6684,2024-08-27 08:54:00+00:00,303.15,303.15,0.0,True,session
BEL,6709,2024-08-27 09:19:00+00:00,300.1,300.1,0.0,True,session
BEL,6751,2024-08-28 03:46:00+00:00,301.7,301.7,0.0,True,session
BEL,6756,2024-08-28 03:51:00+00:00,303.3,303.2,0.032971,True,session
BEL,6817,2024-08-28 04:52:00+00:00,300.95,300.95,0.0,True,session
BEL,6878,2024-08-28 05:53:00+00:00,301.4,301.35,0.016589,True,session
BEL,6939,2024-08-28 06:54:00+00:00,301.5,301.55,0.016584,True,session
BEL,7000,2024-08-28 07:55:00+00:00,301.65,301.65,0.0,True,session
BEL,7061,2024-08-28 08:56:00+00:00,301.35,301.45,0.033184,True,session
BEL,7122,2024-08-28 09:57:00+00:00,300.25,300.25,0.0,True,session
BEL,7183,2024-08-29 04:43:00+00:00,299.0,299.15,0.050167,True,session
BEL,7227,2024-08-29 05:27:00+00:00,296.15,296.1,0.016883,True,session
BEL,7288,2024-08-29 06:28:00+00:00,294.6,294.65,0.016972,True,session
BEL,7349,2024-08-29 07:29:00+00:00,294.95,294.9,0.016952,True,session
BEL,7410,2024-08-29 08:30:00+00:00,293.45,293.45,0.0,True,session
BEL,7471,2024-08-29 09:31:00+00:00,294.65,294.6,0.016969,True,session
BEL,7482,2024-08-29 09:42:00+00:00,296.55,296.55,0.0,True,session
BEL,7543,2024-08-30 04:28:00+00:00,295.15,295.3,0.050822,True,session
BEL,7572,2024-08-30 04:57:00+00:00,296.7,296.85,0.050556,True,session
BEL,7581,2024-08-30 05:06:00+00:00,298.55,298.55,0.0,True,session
BEL,7596,2024-08-30 05:21:00+00:00,300.0,300.0,0.0,True,session
BEL,7657,2024-08-30 06:22:00+00:00,298.75,298.6,0.050209,True,session
BEL,7718,2024-08-30 07:23:00+00:00,296.95,296.95,0.0,True,session
BEL,7725,2024-08-30 07:30:00+00:00,298.65,298.65,0.0,True,session
BEL,7786,2024-08-30 08:31:00+00:00,297.4,297.4,0.0,True,session
BEL,7808,2024-08-30 08:53:00+00:00,299.1,299.3,0.066867,True,session
BEL,7817,2024-08-30 09:02:00+00:00,300.5,300.6,0.033278,True,session
BEL,7839,2024-08-30 09:24:00+00:00,298.85,298.8,0.016731,True,session
BHARTIARTL,104,2024-08-01 05:29:00+00:00,1500.1,1500.1,0.0,True,session
BHARTIARTL,165,2024-08-01 06:30:00+00:00,1505.55,1505.85,0.019926,True,session
BHARTIARTL,226,2024-08-01 07:31:00+00:00,1506.5,1506.7,0.013276,True,session
BHARTIARTL,287,2024-08-01 08:32:00+00:00,1509.9,1510.0,0.006623,True,session
BHARTIARTL,348,2024-08-01 09:33:00+00:00,1505.05,1505.1,0.003322,True,session
BHARTIARTL,376,2024-08-02 03:46:00+00:00,1503.15,1503.8,0.043243,True,session
BHARTIARTL,386,2024-08-02 03:56:00+00:00,1495.5,1494.9,0.04012,True,session
BHARTIARTL,447,2024-08-02 04:57:00+00:00,1491.45,1490.8,0.043582,True,session
BHARTIARTL,475,2024-08-02 05:25:00+00:00,1499.9,1499.65,0.016668,True,session
BHARTIARTL,536,2024-08-02 06:26:00+00:00,1497.75,1497.75,0.0,True,session
BHARTIARTL,597,2024-08-02 07:27:00+00:00,1494.0,1494.0,0.0,True,session
BHARTIARTL,658,2024-08-02 08:28:00+00:00,1496.5,1496.5,0.0,True,session
BHARTIARTL,719,2024-08-02 09:29:00+00:00,1495.0,1495.0,0.0,True,session
BHARTIARTL,751,2024-08-05 03:46:00+00:00,1471.05,1471.0,0.003399,True,session
BHARTIARTL,812,2024-08-05 04:47:00+00:00,1473.5,1473.5,0.0,True,session
BHARTIARTL,864,2024-08-05 05:39:00+00:00,1460.2,1459.8,0.027394,True,session
BHARTIARTL,925,2024-08-05 06:40:00+00:00,1460.7,1460.7,0.0,True,session
BHARTIARTL,986,2024-08-05 07:41:00+00:00,1460.2,1460.25,0.003424,True,session
BHARTIARTL,1017,2024-08-05 08:12:00+00:00,1467.15,1466.9,0.01704,True,session
BHARTIARTL,1078,2024-08-05 09:13:00+00:00,1460.15,1460.05,0.006849,True,session
BHARTIARTL,1112,2024-08-05 09:47:00+00:00,1468.4,1468.5,0.00681,True,session
BHARTIARTL,1126,2024-08-06 03:46:00+00:00,1476.45,1477.45,0.06773,True,session
BHARTIARTL,1178,2024-08-06 04:38:00+00:00,1460.75,1460.75,0.0,True,session
BHARTIARTL,1239,2024-08-06 05:39:00+00:00,1454.0,1453.7,0.020633,True,session
BHARTIARTL,1300,2024-08-06 06:40:00+00:00,1449.75,1449.75,0.0,True,session
BHARTIARTL,1361,2024-08-06 07:41:00+00:00,1437.5,1437.5,0.0,True,session
BHARTIARTL,1422,2024-08-06 08:42:00+00:00,1436.75,1436.45,0.02088,True,session
BHARTIARTL,1483,2024-08-06 09:43:00+00:00,1442.15,1442.45,0.020802,True,session
BHARTIARTL,1501,2024-08-07 03:46:00+00:00,1446.0,1447.2,0.082988,True,session
BHARTIARTL,1562,2024-08-07 04:47:00+00:00,1439.25,1439.25,0.0,True,session
BHARTIARTL,1623,2024-08-07 05:48:00+00:00,1443.5,1443.5,0.0,True,session
BHARTIARTL,1664,2024-08-07 06:29:00+00:00,1427.3,1427.3,0.0,True,session
BHARTIARTL,1725,2024-08-07 07:30:00+00:00,1432.5,1432.5,0.0,True,session
BHARTIARTL,1786,2024-08-07 08:31:00+00:00,1437.7,1437.65,0.003478,True,session
BHARTIARTL,1847,2024-08-07 09:32:00+00:00,1441.55,1440.55,0.06937,True,session
BHARTIARTL,1908,2024-08-08 04:18:00+00:00,1444.8,1444.45,0.024225,True,session
BHARTIARTL,1969,2024-08-08 05:19:00+00:00,1445.4,1445.55,0.010378,True,session
BHARTIARTL,2005,2024-08-08 05:55:00+00:00,1453.8,1453.8,0.0,True,session
BHARTIARTL,2031,2024-08-08 06:21:00+00:00,1462.1,1462.55,0.030778,True,session
BHARTIARTL,2092,2024-08-08 07:22:00+00:00,1462.5,1462.5,0.0,True,session
BHARTIARTL,2111,2024-08-08 07:41:00+00:00,1450.75,1450.75,0.0,True,session
BHARTIARTL,2172,2024-08-08 08:42:00+00:00,1452.45,1452.15,0.020655,True,session
BHARTIARTL,2293,2024-08-09 04:28:00+00:00,1479.1,1479.1,0.0,True,session
BHARTIARTL,2355,2024-08-09 05:30:00+00:00,1476.35,1476.35,0.0,True,session
BHARTIARTL,2418,2024-08-09 06:33:00+00:00,1479.85,1479.7,0.010136,True,session
BHARTIARTL,2495,2024-08-09 07:50:00+00:00,1469.45,1469.15,0.020416,True,session
BHARTIARTL,2556,2024-08-09 08:51:00+00:00,1460.85,1460.45,0.027381,True,session
BHARTIARTL,2617,2024-08-09 09:52:00+00:00,1463.65,1463.65,0.0,True,session
BHARTIARTL,2678,2024-08-12 04:38:00+00:00,1458.8,1458.8,0.0,True,session
BHARTIARTL,2715,2024-08-12 05:15:00+00:00,1465.7,1465.7,0.0,True,session
BHARTIARTL,2734,2024-08-12 05:34:00+00:00,1473.4,1473.45,0.003394,True,session
BHARTIARTL,2772,2024-08-12 06:12:00+00:00,1461.25,1460.8,0.030796,True,session
BHARTIARTL,2805,2024-08-12 06:45:00+00:00,1446.95,1446.15,0.055289,True,session
BHARTIARTL,2827,2024-08-12 07:07:00+00:00,1455.6,1454.9,0.04809,True,session
BHARTIARTL,2888,2024-08-12 08:08:00+00:00,1454.65,1454.65,0.0,True,session
BHARTIARTL,2949,2024-08-12 09:09:00+00:00,1453.2,1453.2,0.0,True,session
BHARTIARTL,2980,2024-08-12 09:40:00+00:00,1461.45,1461.15,0.020528,True,session
BHARTIARTL,3009,2024-08-13 03:54:00+00:00,1468.7,1468.1,0.040852,True,session
BHARTIARTL,3047,2024-08-13 04:32:00+00:00,1468.05,1468.0,0.003406,True,session
BHARTIARTL,3254,2024-08-13 07:59:00+00:00,1466.1,1466.1,0.0,True,session
BHARTIARTL,3282,2024-08-13 08:27:00+00:00,1457.25,1457.05,0.013724,True,session
BHARTIARTL,3398,2024-08-14 04:08:00+00:00,1463.85,1463.85,0.0,True,session
BHARTIARTL,3459,2024-08-14 05:09:00+00:00,1460.45,1460.45,0.0,True,session
BHARTIARTL,3497,2024-08-14 05:47:00+00:00,1467.35,1467.05,0.020445,True,session
BHARTIARTL,3639,2024-08-14 08:09:00+00:00,1476.35,1476.6,0.016934,True,session
BHARTIARTL,3752,2024-08-16 03:47:00+00:00,1483.85,1483.35,0.033696,True,session
BHARTIARTL,3782,2024-08-16 04:17:00+00:00,1473.45,1473.35,0.006787,True,session
BHARTIARTL,3843,2024-08-16 05:18:00+00:00,1474.35,1474.25,0.006783,True,session
BHARTIARTL,3917,2024-08-16 06:32:00+00:00,1484.8,1485.0,0.01347,True,session
BHARTIARTL,3978,2024-08-16 07:33:00+00:00,1488.8,1488.7,0.006717,True,session
BHARTIARTL,4039,2024-08-16 08:34:00+00:00,1489.3,1489.3,0.0,True,session
BHARTIARTL,4077,2024-08-16 09:12:00+00:00,1480.75,1480.6,0.01013,True,session
BHARTIARTL,4149,2024-08-19 04:09:00+00:00,1479.0,1478.55,0.030426,True,session
BHARTIARTL,4210,2024-08-19 05:10:00+00:00,1466.75,1466.75,0.0,True,session
BHARTIARTL,4271,2024-08-19 06:11:00+00:00,1470.7,1471.0,0.020398,True,session
BHARTIARTL,4332,2024-08-19 07:12:00+00:00,1469.7,1469.8,0.006804,True,session
BHARTIARTL,4393,2024-08-19 08:13:00+00:00,1466.3,1466.35,0.00341,True,session
BHARTIARTL,4454,2024-08-19 09:14:00+00:00,1468.1,1468.0,0.006812,True,session
BHARTIARTL,4501,2024-08-20 03:46:00+00:00,1462.0,1462.9,0.06156,True,session
BHARTIARTL,4562,2024-08-20 04:47:00+00:00,1455.6,1455.95,0.024045,True,session
BHARTIARTL,4623,2024-08-20 05:48:00+00:00,1455.0,1455.0,0.0,True,session
BHARTIARTL,4684,2024-08-20 06:49:00+00:00,1455.45,1455.4,0.003435,True,session
BHARTIARTL,4745,2024-08-20 07:50:00+00:00,1454.85,1454.85,0.0,True,session
BHARTIARTL,4806,2024-08-20 08:51:00+00:00,1446.75,1447.0,0.01728,True,session
BHARTIARTL,4867,2024-08-20 09:52:00+00:00,1449.05,1449.0,0.003451,True,session
BHARTIARTL,4876,2024-08-21 03:46:00+00:00,1457.6,1457.65,0.00343,True,session
BHARTIARTL,4937,2024-08-21 04:47:00+00:00,1450.65,1450.8,0.01034,True,session
BHARTIARTL,4998,2024-08-21 05:48:00+00:00,1453.9,1453.9,0.0,True,session
BHARTIARTL,5059,2024-08-21 06:49:00+00:00,1460.3,1460.3,0.0,True,session
BHARTIARTL,5120,2024-08-21 07:50:00+00:00,1455.55,1455.65,0.00687,True,session
BHARTIARTL,5181,2024-08-21 08:51:00+00:00,1459.4,1459.55,0.010278,True,session
BHARTIARTL,5242,2024-08-21 09:52:00+00:00,1465.4,1465.4,0.0,True,session
BHARTIARTL,5274,2024-08-22 04:09:00+00:00,1478.1,1478.1,0.0,True,session
BHARTIARTL,5335,2024-08-22 05:10:00+00:00,1483.4,1482.65,0.05056,True,session
BHARTIARTL,5372,2024-08-22 05:47:00+00:00,1496.05,1495.9,0.010026,True,session
BHARTIARTL,5433,2024-08-22 06:48:00+00:00,1494.0,1493.95,0.003347,True,session
BHARTIARTL,5655,2024-08-23 04:15:00+00:00,1489.05,1488.9,0.010074,True,session
BHARTIARTL,5720,2024-08-23 05:20:00+00:00,1489.35,1489.35,0.0,True,session
BHARTIARTL,5793,2024-08-23 06:33:00+00:00,1499.15,1499.15,0.0,True,session
BHARTIARTL,5854,2024-08-23 07:34:00+00:00,1498.55,1498.8,0.016683,True,session
BHARTIARTL,5915,2024-08-23 08:35:00+00:00,1501.7,1501.7,0.0,True,session
BHARTIARTL,5976,2024-08-23 09:36:00+00:00,1505.55,1505.05,0.03321,True,session
BHARTIARTL,6037,2024-08-26 04:22:00+00:00,1511.4,1511.4,0.0,True,session
BHARTIARTL,6098,2024-08-26 05:23:00+00:00,1516.0,1516.0,0.0,True,session
BHARTIARTL,6159,2024-08-26 06:24:00+00:00,1518.05,1518.05,0.0,True,session
BHARTIARTL,6220,2024-08-26 07:25:00+00:00,1512.95,1513.0,0.003305,True,session
BHARTIARTL,6281,2024-08-26 08:26:00+00:00,1512.9,1512.55,0.023134,True,session
BHARTIARTL,6342,2024-08-26 09:27:00+00:00,1514.1,1514.1,0.0,True,session
BHARTIARTL,6430,2024-08-27 04:40:00+00:00,1508.4,1508.4,0.0,True,session
BHARTIARTL,6491,2024-08-27 05:41:00+00:00,1519.0,1519.0,0.0,True,session
BHARTIARTL,6552,2024-08-27 06:42:00+00:00,1522.85,1522.85,0.0,True,session
BHARTIARTL,6613,2024-08-27 07:43:00+00:00,1524.35,1524.1,0.0164,True,session
BHARTIARTL,6674,2024-08-27 08:44:00+00:00,1522.35,1522.35,0.0,True,session
BHARTIARTL,6735,2024-08-27 09:45:00+00:00,1523.0,1523.0,0.0,True,session
BHARTIARTL,6796,2024-08-28 04:31:00+00:00,1528.35,1528.35,0.0,True,session
BHARTIARTL,6857,2024-08-28 05:32:00+00:00,1531.65,1531.5,0.009793,True,session
BHARTIARTL,6918,2024-08-28 06:33:00+00:00,1535.65,1535.65,0.0,True,session
BHARTIARTL,6979,2024-08-28 07:34:00+00:00,1547.8,1547.8,0.0,True,session
BHARTIARTL,7040,2024-08-28 08:35:00+00:00,1560.95,1560.4,0.035235,True,session
BHARTIARTL,7097,2024-08-28 09:32:00+00:00,1552.4,1551.95,0.028987,True,session
BHARTIARTL,7126,2024-08-29 03:46:00+00:00,1566.2,1565.75,0.028732,True,session
BHARTIARTL,7130,2024-08-29 03:50:00+00:00,1556.9,1556.95,0.003212,True,session
BHARTIARTL,7158,2024-08-29 04:18:00+00:00,1548.7,1548.7,0.0,True,session
BHARTIARTL,7204,2024-08-29 05:04:00+00:00,1558.05,1558.5,0.028882,True,session
BHARTIARTL,7275,2024-08-29 06:15:00+00:00,1555.4,1555.25,0.009644,True,session
BHARTIARTL,7336,2024-08-29 07:16:00+00:00,1563.1,1563.1,0.0,True,session
BHARTIARTL,7397,2024-08-29 08:17:00+00:00,1566.35,1565.8,0.035113,True,session
BHARTIARTL,7446,2024-08-29 09:06:00+00:00,1552.85,1552.8,0.00322,True,session
BHARTIARTL,7468,2024-08-29 09:28:00+00:00,1565.65,1565.45,0.012774,True,session
BHARTIARTL,7545,2024-08-30 04:30:00+00:00,1580.0,1580.0,0.0,True,session
BHARTIARTL,7577,2024-08-30 05:02:00+00:00,1594.45,1593.9,0.034495,True,session
BHARTIARTL,7665,2024-08-30 06:30:00+00:00,1598.85,1598.7,0.009382,True,session
BHARTIARTL,7726,2024-08-30 07:31:00+00:00,1592.7,1592.35,0.021975,True,session
BHARTIARTL,7787,2024-08-30 08:32:00+00:00,1586.0,1585.65,0.022068,True,session
BHARTIARTL,7826,2024-08-30 09:11:00+00:00,1593.35,1593.35,0.0,True,session
CIPLA,11,2024-08-01 03:56:00+00:00,1548.1,1548.0,0.00646,True,session
CIPLA,72,2024-08-01 04:57:00+00:00,1543.7,1543.3,0.025912,True,session
CIPLA,133,2024-08-01 05:58:00+00:00,1539.1,1539.1,0.0,True,session
CIPLA,194,2024-08-01 06:59:00+00:00,1542.8,1542.1,0.045372,True,session
CIPLA,255,2024-08-01 08:00:00+00:00,1540.85,1540.85,0.0,True,session
CIPLA,314,2024-08-01 08:59:00+00:00,1549.45,1548.65,0.051631,True,session
CIPLA,375,2024-08-02 03:45:00+00:00,1545.0,1529.0,1.035599,True,session
CIPLA,377,2024-08-02 03:47:00+00:00,1529.35,1529.4,0.003269,True,session
CIPLA,438,2024-08-02 04:48:00+00:00,1534.4,1533.8,0.039103,True,session
CIPLA,499,2024-08-02 05:49:00+00:00,1529.05,1529.05,0.0,True,session
CIPLA,537,2024-08-02 06:27:00+00:00,1537.4,1537.4,0.0,True,session
CIPLA,598,2024-08-02 07:28:00+00:00,1533.4,1533.4,0.0,True,session
CIPLA,659,2024-08-02 08:29:00+00:00,1538.0,1538.0,0.0,True,session
CIPLA,720,2024-08-02 09:30:00+00:00,1533.4,1533.4,0.0,True,session
CIPLA,751,2024-08-05 03:46:00+00:00,1500.95,1502.25,0.086612,True,session
CIPLA,753,2024-08-05 03:48:00+00:00,1510.5,1509.85,0.043032,True,session
CIPLA,794,2024-08-05 04:29:00+00:00,1522.0,1521.95,0.003285,True,session
CIPLA,855,2024-08-05 05:30:00+00:00,1508.7,1508.7,0.0,True,session
CIPLA,916,2024-08-05 06:31:00+00:00,1500.15,1500.15,0.0,True,session
CIPLA,977,2024-08-05 07:32:00+00:00,1502.5,1503.1,0.039933,True,session
CIPLA,1018,2024-08-05 08:13:00+00:00,1516.45,1516.45,0.0,True,session
CIPLA,1079,2024-08-05 09:14:00+00:00,1516.6,1516.8,0.013187,True,session
CIPLA,1227,2024-08-06 05:27:00+00:00,1537.55,1537.55,0.0,True,session
CIPLA,1288,2024-08-06 06:28:00+00:00,1539.0,1539.0,0.0,True,session
CIPLA,1349,2024-08-06 07:29:00+00:00,1536.0,1536.0,0.0,True,session
CIPLA,1503,2024-08-07 03:48:00+00:00,1543.3,1543.2,0.00648,True,session
CIPLA,1531,2024-08-07 04:16:00+00:00,1537.0,1537.0,0.0,True,session
CIPLA,1586,2024-08-07 05:11:00+00:00,1547.8,1547.6,0.012922,True,session
CIPLA,1664,2024-08-07 06:29:00+00:00,1543.4,1543.4,0.0,True,session
CIPLA,1725,2024-08-07 07:30:00+00:00,1543.65,1543.6,0.003239,True,session
CIPLA,1789,2024-08-07 08:34:00+00:00,1553.85,1553.6,0.016089,True,session
CIPLA,1870,2024-08-07 09:55:00+00:00,1552.0,1551.95,0.003222,True,session
CIPLA,1878,2024-08-08 03:48:00+00:00,1565.0,1565.0,0.0,True,session
CIPLA,1894,2024-08-08 04:04:00+00:00,1577.15,1577.05,0.006341,True,session
CIPLA,1917,2024-08-08 04:27:00+00:00,1568.05,1567.15,0.057396,True,session
CIPLA,1932,2024-08-08 04:42:00+00:00,1582.4,1582.35,0.00316,True,session
CIPLA,2010,2024-08-08 06:00:00+00:00,1573.65,1574.0,0.022241,True,session
CIPLA,2028,2024-08-08 06:18:00+00:00,1574.0,1574.0,0.0,True,session
CIPLA,2089,2024-08-08 07:19:00+00:00,1574.2,1574.0,0.012705,True,session
CIPLA,2150,2024-08-08 08:20:00+00:00,1571.05,1571.25,0.01273,True,session
CIPLA,2211,2024-08-08 09:21:00+00:00,1575.8,1575.15,0.041249,True,session
CIPLA,2272,2024-08-09 04:07:00+00:00,1568.9,1568.9,0.0,True,session
CIPLA,2333,2024-08-09 05:08:00+00:00,1563.55,1563.1,0.028781,True,session
CIPLA,2394,2024-08-09 06:09:00+00:00,1569.5,1569.5,0.0,True,session
CIPLA,2451,2024-08-09 07:06:00+00:00,1577.5,1577.5,0.0,True,session
CIPLA,2512,2024-08-09 08:07:00+00:00,1573.55,1573.55,0.0,True,session
CIPLA,2573,2024-08-09 09:08:00+00:00,1575.6,1575.6,0.0,True,session
CIPLA,2643,2024-08-12 04:03:00+00:00,1587.4,1587.4,0.0,True,session
CIPLA,2710,2024-08-12 05:10:00+00:00,1578.5,1578.5,0.0,True,session
CIPLA,2814,2024-08-12 06:54:00+00:00,1587.45,1587.6,0.009449,True,session
CIPLA,2893,2024-08-12 08:13:00+00:00,1585.05,1585.05,0.0,True,session
CIPLA,2967,2024-08-12 09:27:00+00:00,1586.25,1586.15,0.006304,True,session
CIPLA,3023,2024-08-13 04:08:00+00:00,1592.05,1592.05,0.0,True,session
CIPLA,3067,2024-08-13 04:52:00+00:00,1601.6,1602.15,0.034341,True,session
CIPLA,3128,2024-08-13 05:53:00+00:00,1596.75,1596.75,0.0,True,session
CIPLA,3189,2024-08-13 06:54:00+00:00,1596.35,1596.35,0.0,True,session
CIPLA,3250,2024-08-13 07:55:00+00:00,1595.45,1595.45,0.0,True,session
CIPLA,3311,2024-08-13 08:56:00+00:00,1586.0,1586.0,0.0,True,session
CIPLA,3372,2024-08-13 09:57:00+00:00,1581.9,1581.9,0.0,True,session
CIPLA,3376,2024-08-14 03:46:00+00:00,1587.4,1587.55,0.009449,True,session
CIPLA,3395,2024-08-14 04:05:00+00:00,1572.0,1572.45,0.028626,True,session
CIPLA,3423,2024-08-14 04:33:00+00:00,1579.7,1579.7,0.0,True,session
CIPLA,3484,2024-08-14 05:34:00+00:00,1576.25,1576.25,0.0,True,session
CIPLA,3545,2024-08-14 06:35:00+00:00,1573.9,1573.9,0.0,True,session
CIPLA,3606,2024-08-14 07:36:00+00:00,1575.65,1575.65,0.0,True,session
CIPLA,3667,2024-08-14 08:37:00+00:00,1565.95,1565.95,0.0,True,session
CIPLA,3728,2024-08-14 09:38:00+00:00,1564.15,1564.15,0.0,True,session
CIPLA,3757,2024-08-16 03:52:00+00:00,1573.45,1573.0,0.0286,True,session
CIPLA,3818,2024-08-16 04:53:00+00:00,1561.9,1561.2,0.044817,True,session
CIPLA,3834,2024-08-16 05:09:00+00:00,1569.35,1569.35,0.0,True,session
CIPLA,3895,2024-08-16 06:10:00+00:00,1565.1,1565.1,0.0,True,session
CIPLA,3952,2024-08-16 07:07:00+00:00,1574.45,1574.45,0.0,True,session
CIPLA,4013,2024-08-16 08:08:00+00:00,1574.9,1574.8,0.00635,True,session
CIPLA,4074,2024-08-16 09:09:00+00:00,1577.4,1577.45,0.00317,True,session
CIPLA,4135,2024-08-19 03:55:00+00:00,1580.65,1579.95,0.044286,True,session
CIPLA,4196,2024-08-19 04:56:00+00:00,1575.0,1575.0,0.0,True,session
CIPLA,4257,2024-08-19 05:57:00+00:00,1576.6,1576.6,0.0,True,session
CIPLA,4318,2024-08-19 06:58:00+00:00,1580.65,1580.6,0.003163,True,session
CIPLA,4379,2024-08-19 07:59:00+00:00,1578.0,1578.0,0.0,True,session
CIPLA,4468,2024-08-19 09:28:00+00:00,1580.55,1580.55,0.0,True,session
CIPLA,4500,2024-08-20 03:45:00+00:00,1570.0,1576.5,0.414013,True,session
CIPLA,4561,2024-08-20 04:46:00+00:00,1564.6,1564.6,0.0,True,session
CIPLA,4622,2024-08-20 05:47:00+00:00,1563.0,1563.0,0.0,True,session
CIPLA,4683,2024-08-20 06:48:00+00:00,1559.6,1559.6,0.0,True,session
CIPLA,4744,2024-08-20 07:49:00+00:00,1562.2,1562.4,0.012802,True,session
CIPLA,4805,2024-08-20 08:50:00+00:00,1562.25,1562.25,0.0,True,session
CIPLA,4866,2024-08-20 09:51:00+00:00,1562.8,1562.7,0.006399,True,session
CIPLA,4883,2024-08-21 03:53:00+00:00,1571.5,1571.85,0.022272,True,session
CIPLA,4975,2024-08-21 05:25:00+00:00,1588.2,1588.2,0.0,True,session
CIPLA,5021,2024-08-21 06:11:00+00:00,1579.45,1579.95,0.031657,True,session
CIPLA,5092,2024-08-21 07:22:00+00:00,1588.95,1588.95,0.0,True,session
CIPLA,5155,2024-08-21 08:25:00+00:00,1585.5,1585.5,0.0,True,session
CIPLA,5218,2024-08-21 09:28:00+00:00,1591.9,1591.9,0.0,True,session
CIPLA,5281,2024-08-22 04:16:00+00:00,1585.2,1585.6,0.025233,True,session
CIPLA,5342,2024-08-22 05:17:00+00:00,1582.4,1582.4,0.0,True,session
CIPLA,5403,2024-08-22 06:18:00+00:00,1581.75,1581.8,0.003161,True,session
CIPLA,5464,2024-08-22 07:19:00+00:00,1584.75,1584.75,0.0,True,session
CIPLA,5525,2024-08-22 08:20:00+00:00,1580.4,1580.4,0.0,True,session
CIPLA,5586,2024-08-22 09:21:00+00:00,1585.45,1585.5,0.003154,True,session
CIPLA,5647,2024-08-23 04:07:00+00:00,1576.9,1576.5,0.025366,True,session
CIPLA,5708,2024-08-23 05:08:00+00:00,1579.0,1579.0,0.0,True,session
CIPLA,5769,2024-08-23 06:09:00+00:00,1582.0,1582.0,0.0,True,session
CIPLA,5830,2024-08-23 07:10:00+00:00,1576.55,1576.55,0.0,True,session
CIPLA,5891,2024-08-23 08:11:00+00:00,1572.4,1572.4,0.0,True,session
CIPLA,5952,2024-08-23 09:12:00+00:00,1576.55,1576.55,0.0,True,session
CIPLA,6013,2024-08-26 03:58:00+00:00,1573.9,1573.9,0.0,True,session
CIPLA,6030,2024-08-26 04:15:00+00:00,1582.35,1582.4,0.00316,True,session
CIPLA,6091,2024-08-26 05:16:00+00:00,1584.5,1584.5,0.0,True,session
CIPLA,6152,2024-08-26 06:17:00+00:00,1587.0,1586.25,0.047259,True,session
CIPLA,6213,2024-08-26 07:18:00+00:00,1586.65,1586.5,0.009454,True,session
CIPLA,6304,2024-08-26 08:49:00+00:00,1589.45,1589.05,0.025166,True,session
CIPLA,6365,2024-08-26 09:50:00+00:00,1594.0,1593.9,0.006274,True,session
CIPLA,6401,2024-08-27 04:11:00+00:00,1607.2,1607.2,0.0,True,session
CIPLA,6462,2024-08-27 05:12:00+00:00,1616.55,1616.7,0.009279,True,session
CIPLA,6519,2024-08-27 06:09:00+00:00,1607.4,1607.4,0.0,True,session
CIPLA,6608,2024-08-27 07:38:00+00:00,1604.55,1604.55,0.0,True,session
CIPLA,6669,2024-08-27 08:39:00+00:00,1604.6,1604.6,0.0,True,session
CIPLA,6730,2024-08-27 09:40:00+00:00,1600.5,1600.5,0.0,True,session
CIPLA,6792,2024-08-28 04:27:00+00:00,1597.8,1597.8,0.0,True,session
CIPLA,6853,2024-08-28 05:28:00+00:00,1599.95,1599.95,0.0,True,session
CIPLA,6914,2024-08-28 06:29:00+00:00,1605.45,1605.45,0.0,True,session
CIPLA,6975,2024-08-28 07:30:00+00:00,1600.5,1600.5,0.0,True,session
CIPLA,7048,2024-08-28 08:43:00+00:00,1610.6,1610.25,0.021731,True,session
CIPLA,7068,2024-08-28 09:03:00+00:00,1625.15,1625.65,0.030766,True,session
CIPLA,7103,2024-08-28 09:38:00+00:00,1616.45,1616.45,0.0,True,session
CIPLA,7131,2024-08-29 03:51:00+00:00,1633.2,1633.5,0.018369,True,session
CIPLA,7159,2024-08-29 04:19:00+00:00,1623.95,1623.95,0.0,True,session
CIPLA,7176,2024-08-29 04:36:00+00:00,1610.8,1610.9,0.006208,True,session
CIPLA,7207,2024-08-29 05:07:00+00:00,1615.55,1615.55,0.0,True,session
CIPLA,7268,2024-08-29 06:08:00+00:00,1615.9,1615.9,0.0,True,session
CIPLA,7289,2024-08-29 06:29:00+00:00,1624.35,1624.25,0.006156,True,session
CIPLA,7350,2024-08-29 07:30:00+00:00,1622.5,1622.5,0.0,True,session
CIPLA,7416,2024-08-29 08:36:00+00:00,1614.45,1613.7,0.046455,True,session
CIPLA,7478,2024-08-29 09:38:00+00:00,1618.35,1618.4,0.00309,True,session
CIPLA,7548,2024-08-30 04:33:00+00:00,1638.65,1639.9,0.076282,True,session
CIPLA,7610,2024-08-30 05:35:00+00:00,1640.3,1640.7,0.024386,True,session
CIPLA,7679,2024-08-30 06:44:00+00:00,1654.55,1654.4,0.009066,True,session
CIPLA,7752,2024-08-30 07:57:00+00:00,1649.9,1649.9,0.0,True,session
CIPLA,7813,2024-08-30 08:58:00+00:00,1651.1,1651.1,0.0,True,session
CIPLA,7863,2024-08-30 09:48:00+00:00,1658.2,1658.2,0.0,True,session
COALINDIA,3,2024-08-01 03:48:00+00:00,498.95,498.85,0.020042,True,session
COALINDIA,20,2024-08-01 04:05:00+00:00,501.4,501.05,0.069805,True,session
COALINDIA,44,2024-08-01 04:29:00+00:00,503.4,503.4,0.0,True,session
COALINDIA,105,2024-08-01 05:30:00+00:00,502.55,502.65,0.019899,True,session
COALINDIA,125,2024-08-01 05:50:00+00:00,505.1,505.35,0.049495,True,session
COALINDIA,172,2024-08-01 06:37:00+00:00,505.2,505.2,0.0,True,session
COALINDIA,233,2024-08-01 07:38:00+00:00,505.7,505.65,0.009887,True,session
COALINDIA,294,2024-08-01 08:39:00+00:00,504.85,504.9,0.009904,True,session
COALINDIA,375,2024-08-02 03:45:00+00:00,507.05,501.45,1.104428,True,session
COALINDIA,377,2024-08-02 03:47:00+00:00,501.9,501.05,0.169356,True,session
COALINDIA,404,2024-08-02 04:14:00+00:00,497.6,497.65,0.010048,True,session
COALINDIA,465,2024-08-02 05:15:00+00:00,497.9,497.65,0.050211,True,session
COALINDIA,526,2024-08-02 06:16:00+00:00,496.5,496.45,0.01007,True,session
COALINDIA,587,2024-08-02 07:17:00+00:00,494.85,494.95,0.020208,True,session
COALINDIA,640,2024-08-02 08:10:00+00:00,497.6,497.6,0.0,True,session
COALINDIA,698,2024-08-02 09:08:00+00:00,493.0,493.1,0.020284,True,session
COALINDIA,751,2024-08-05 03:46:00+00:00,481.65,481.2,0.093429,True,session
COALINDIA,758,2024-08-05 03:53:00+00:00,475.15,475.2,0.010523,True,session
COALINDIA,768,2024-08-05 04:03:00+00:00,478.5,478.8,0.062696,True,session
COALINDIA,790,2024-08-05 04:25:00+00:00,482.0,482.0,0.0,True,session
COALINDIA,851,2024-08-05 05:26:00+00:00,476.1,476.05,0.010502,True,session
COALINDIA,880,2024-08-05 05:55:00+00:00,467.85,468.2,0.07481,True,session
COALINDIA,883,2024-08-05 05:58:00+00:00,472.05,471.95,0.021184,True,session
COALINDIA,944,2024-08-05 06:59:00+00:00,471.85,471.8,0.010597,True,session
COALINDIA,1005,2024-08-05 08:00:00+00:00,474.65,474.65,0.0,True,session
COALINDIA,1066,2024-08-05 09:01:00+00:00,472.45,472.45,0.0,True,session
COALINDIA,1095,2024-08-05 09:30:00+00:00,477.75,477.6,0.031397,True,session
COALINDIA,1126,2024-08-06 03:46:00+00:00,485.6,484.6,0.205931,True,session
COALINDIA,1187,2024-08-06 04:47:00+00:00,482.05,482.0,0.010372,True,session
COALINDIA,1248,2024-08-06 05:48:00+00:00,478.7,478.7,0.0,True,session
COALINDIA,1309,2024-08-06 06:49:00+00:00,478.9,478.9,0.0,True,session
COALINDIA,1370,2024-08-06 07:50:00+00:00,477.25,477.25,0.0,True,session
COALINDIA,1431,2024-08-06 08:51:00+00:00,474.1,474.1,0.0,True,session
COALINDIA,1492,2024-08-06 09:52:00+00:00,468.6,468.6,0.0,True,session
COALINDIA,1501,2024-08-07 03:46:00+00:00,480.4,480.65,0.05204,True,session
COALINDIA,1558,2024-08-07 04:43:00+00:00,486.25,486.4,0.030848,True,session
COALINDIA,1593,2024-08-07 05:18:00+00:00,490.45,490.6,0.030584,True,session
COALINDIA,1669,2024-08-07 06:34:00+00:00,493.95,494.05,0.020245,True,session
COALINDIA,1730,2024-08-07 07:35:00+00:00,496.25,496.45,0.040302,True,session
COALINDIA,1791,2024-08-07 08:36:00+00:00,496.1,496.2,0.020157,True,session
COALINDIA,1852,2024-08-07 09:37:00+00:00,498.4,498.35,0.010032,True,session
COALINDIA,1889,2024-08-08 03:59:00+00:00,495.9,495.8,0.020165,True,session
COALINDIA,2004,2024-08-08 05:54:00+00:00,497.85,497.8,0.010043,True,session
COALINDIA,2065,2024-08-08 06:55:00+00:00,498.0,498.0,0.0,True,session
COALINDIA,2123,2024-08-08 07:53:00+00:00,493.65,493.65,0.0,True,session
COALINDIA,2184,2024-08-08 08:54:00+00:00,493.15,493.15,0.0,True,session
COALINDIA,2245,2024-08-08 09:55:00+00:00,489.95,489.95,0.0,True,session
COALINDIA,2251,2024-08-09 03:46:00+00:00,497.5,498.15,0.130653,True,session
COALINDIA,2302,2024-08-09 04:37:00+00:00,492.55,492.75,0.040605,True,session
COALINDIA,2363,2024-08-09 05:38:00+00:00,492.85,492.7,0.030435,True,session
COALINDIA,2424,2024-08-09 06:39:00+00:00,491.7,491.65,0.010169,True,session
COALINDIA,2485,2024-08-09 07:40:00+00:00,491.1,491.1,0.0,True,session
COALINDIA,2501,2024-08-09 07:56:00+00:00,494.35,494.2,0.030343,True,session
COALINDIA,2518,2024-08-09 08:13:00+00:00,496.9,496.9,0.0,True,session
COALINDIA,2595,2024-08-09 09:30:00+00:00,496.1,496.1,0.0,True,session
COALINDIA,2630,2024-08-12 03:50:00+00:00,494.65,494.35,0.060649,True,session
COALINDIA,2637,2024-08-12 03:57:00+00:00,494.5,494.3,0.040445,True,session
COALINDIA,2698,2024-08-12 04:58:00+00:00,494.15,494.15,0.0,True,session
COALINDIA,2754,2024-08-12 05:54:00+00:00,496.7,496.9,0.040266,True,session
COALINDIA,2815,2024-08-12 06:55:00+00:00,492.05,492.2,0.030485,True,session
COALINDIA,2876,2024-08-12 07:56:00+00:00,492.35,492.25,0.020311,True,session
COALINDIA,2937,2024-08-12 08:57:00+00:00,493.7,493.75,0.010128,True,session
COALINDIA,2998,2024-08-12 09:58:00+00:00,491.8,491.55,0.050834,True,session
COALINDIA,3001,2024-08-13 03:46:00+00:00,495.5,495.3,0.040363,True,session
COALINDIA,3062,2024-08-13 04:47:00+00:00,492.05,492.0,0.010162,True,session
COALINDIA,3110,2024-08-13 05:35:00+00:00,493.65,493.65,0.0,True,session
COALINDIA,3120,2024-08-13 05:45:00+00:00,496.8,496.75,0.010064,True,session
COALINDIA,3183,2024-08-13 06:48:00+00:00,494.7,494.7,0.0,True,session
COALINDIA,3244,2024-08-13 07:49:00+00:00,493.65,493.65,0.0,True,session
COALINDIA,3290,2024-08-13 08:35:00+00:00,489.05,489.05,0.0,True,session
COALINDIA,3348,2024-08-13 09:33:00+00:00,492.15,492.15,0.0,True,session
COALINDIA,3383,2024-08-14 03:53:00+00:00,494.85,494.85,0.0,True,session
COALINDIA,3397,2024-08-14 04:07:00+00:00,490.35,490.35,0.0,True,session
COALINDIA,3436,2024-08-14 04:46:00+00:00,492.6,492.6,0.0,True,session
COALINDIA,3472,2024-08-14 05:22:00+00:00,487.65,487.65,0.0,True,session
COALINDIA,3476,2024-08-14 05:26:00+00:00,482.6,482.95,0.072524,True,session
COALINDIA,3485,2024-08-14 05:35:00+00:00,477.05,476.9,0.031443,True,session
COALINDIA,3512,2024-08-14 06:02:00+00:00,471.5,471.5,0.0,True,session
COALINDIA,3544,2024-08-14 06:34:00+00:00,475.85,475.85,0.0,True,session
COALINDIA,3605,2024-08-14 07:35:00+00:00,475.7,475.7,0.0,True,session
COALINDIA,3666,2024-08-14 08:36:00+00:00,473.9,473.75,0.031652,True,session
COALINDIA,3727,2024-08-14 09:37:00+00:00,473.9,473.9,0.0,True,session
COALINDIA,3788,2024-08-16 04:23:00+00:00,473.95,473.85,0.021099,True,session
COALINDIA,3849,2024-08-16 05:24:00+00:00,475.45,475.45,0.0,True,session
COALINDIA,3910,2024-08-16 06:25:00+00:00,473.65,473.65,0.0,True,session
COALINDIA,3971,2024-08-16 07:26:00+00:00,475.95,475.95,0.0,True,session
COALINDIA,4032,2024-08-16 08:27:00+00:00,478.45,478.4,0.01045,True,session
COALINDIA,4049,2024-08-16 08:44:00+00:00,481.85,482.2,0.072637,True,session
COALINDIA,4110,2024-08-16 09:45:00+00:00,481.0,480.9,0.02079,True,session
COALINDIA,4148,2024-08-19 04:08:00+00:00,484.5,484.65,0.03096,True,session
COALINDIA,4223,2024-08-19 05:23:00+00:00,484.7,484.7,0.0,True,session
COALINDIA,4308,2024-08-19 06:48:00+00:00,488.1,488.1,0.0,True,session
COALINDIA,4369,2024-08-19 07:49:00+00:00,489.75,489.75,0.0,True,session
COALINDIA,4430,2024-08-19 08:50:00+00:00,489.9,489.85,0.010206,True,session
COALINDIA,4491,2024-08-19 09:51:00+00:00,490.25,490.25,0.0,True,session
COALINDIA,4525,2024-08-20 04:10:00+00:00,494.75,494.9,0.030318,True,session
COALINDIA,4586,2024-08-20 05:11:00+00:00,493.9,493.7,0.040494,True,session
COALINDIA,4647,2024-08-20 06:12:00+00:00,493.5,493.5,0.0,True,session
COALINDIA,4722,2024-08-20 07:27:00+00:00,494.3,494.3,0.0,True,session
COALINDIA,4754,2024-08-20 07:59:00+00:00,492.15,492.15,0.0,True,session
COALINDIA,4929,2024-08-21 04:39:00+00:00,497.0,496.8,0.040241,True,session
COALINDIA,5061,2024-08-21 06:51:00+00:00,496.75,496.6,0.030196,True,session
COALINDIA,5122,2024-08-21 07:52:00+00:00,499.15,499.15,0.0,True,session
COALINDIA,5183,2024-08-21 08:53:00+00:00,500.0,499.9,0.02,True,session
COALINDIA,5244,2024-08-21 09:54:00+00:00,499.85,499.8,0.010003,True,session
COALINDIA,5305,2024-08-22 04:40:00+00:00,499.15,498.85,0.060102,True,session
COALINDIA,5353,2024-08-22 05:28:00+00:00,496.5,496.5,0.0,True,session
COALINDIA,5427,2024-08-22 06:42:00+00:00,496.25,496.4,0.030227,True,session
COALINDIA,5551,2024-08-22 08:46:00+00:00,498.2,498.2,0.0,True,session
COALINDIA,5575,2024-08-22 09:10:00+00:00,495.55,495.4,0.030269,True,session
COALINDIA,5640,2024-08-23 04:00:00+00:00,497.45,497.35,0.020103,True,session
COALINDIA,5663,2024-08-23 04:23:00+00:00,501.5,501.6,0.01994,True,session
COALINDIA,5732,2024-08-23 05:32:00+00:00,504.1,504.3,0.039675,True,session
COALINDIA,5793,2024-08-23 06:33:00+00:00,506.95,506.95,0.0,True,session
COALINDIA,5854,2024-08-23 07:34:00+00:00,505.2,505.0,0.039588,True,session
COALINDIA,5915,2024-08-23 08:35:00+00:00,507.75,507.75,0.0,True,session
COALINDIA,5976,2024-08-23 09:36:00+00:00,505.8,505.95,0.029656,True,session
COALINDIA,6037,2024-08-26 04:22:00+00:00,509.4,509.45,0.009815,True,session
COALINDIA,6097,2024-08-26 05:22:00+00:00,506.8,506.8,0.0,True,session
COALINDIA,6163,2024-08-26 06:28:00+00:00,506.05,506.05,0.0,True,session
COALINDIA,6224,2024-08-26 07:29:00+00:00,505.5,505.5,0.0,True,session
COALINDIA,6285,2024-08-26 08:30:00+00:00,504.25,504.4,0.029747,True,session
COALINDIA,6346,2024-08-26 09:31:00+00:00,505.15,505.05,0.019796,True,session
COALINDIA,6385,2024-08-27 03:55:00+00:00,506.6,506.6,0.0,True,session
COALINDIA,6446,2024-08-27 04:56:00+00:00,504.15,504.35,0.039671,True,session
COALINDIA,6491,2024-08-27 05:41:00+00:00,506.8,506.6,0.039463,True,session
COALINDIA,6552,2024-08-27 06:42:00+00:00,505.2,505.1,0.019794,True,session
COALINDIA,6613,2024-08-27 07:43:00+00:00,502.6,502.6,0.0,True,session
COALINDIA,6665,2024-08-27 08:35:00+00:00,498.45,498.3,0.030093,True,session
COALINDIA,6726,2024-08-27 09:36:00+00:00,499.15,499.15,0.0,True,session
COALINDIA,6751,2024-08-28 03:46:00+00:00,501.0,501.0,0.0,True,session
COALINDIA,6798,2024-08-28 04:33:00+00:00,496.6,496.35,0.050342,True,session
COALINDIA,6859,2024-08-28 05:34:00+00:00,497.1,497.1,0.0,True,session
COALINDIA,6888,2024-08-28 06:03:00+00:00,500.05,499.95,0.019998,True,session
COALINDIA,6949,2024-08-28 07:04:00+00:00,499.5,499.3,0.04004,True,session
COALINDIA,7010,2024-08-28 08:05:00+00:00,498.9,498.9,0.0,True,session
COALINDIA,7071,2024-08-28 09:06:00+00:00,495.7,495.8,0.020173,True,session
COALINDIA,7132,2024-08-29 03:52:00+00:00,493.5,493.25,0.050659,True,session
COALINDIA,7184,2024-08-29 04:44:00+00:00,488.75,488.75,0.0,True,session
COALINDIA,7245,2024-08-29 05:45:00+00:00,487.4,487.4,0.0,True,session
COALINDIA,7260,2024-08-29 06:00:00+00:00,490.25,490.2,0.010199,True,session
COALINDIA,7321,2024-08-29 07:01:00+00:00,491.0,490.9,0.020367,True,session
COALINDIA,7338,2024-08-29 07:18:00+00:00,493.7,493.7,0.0,True,session
COALINDIA,7399,2024-08-29 08:19:00+00:00,490.65,490.65,0.0,True,session
COALINDIA,7460,2024-08-29 09:20:00+00:00,489.65,489.65,0.0,True,session
COALINDIA,7467,2024-08-29 09:27:00+00:00,493.45,493.65,0.040531,True,session
COALINDIA,7474,2024-08-29 09:34:00+00:00,496.0,496.0,0.0,True,session
COALINDIA,7520,2024-08-30 04:05:00+00:00,498.8,498.9,0.020048,True,session
COALINDIA,7581,2024-08-30 05:06:00+00:00,498.3,498.4,0.020068,True,session
COALINDIA,7642,2024-08-30 06:07:00+00:00,496.25,496.2,0.010076,True,session
COALINDIA,7703,2024-08-30 07:08:00+00:00,497.15,497.1,0.010057,True,session
COALINDIA,7764,2024-08-30 08:09:00+00:00,496.7,496.7,0.0,True,session
COALINDIA,7825,2024-08-30 09:10:00+00:00,498.9,498.65,0.05011,True,session
COALINDIA,7848,2024-08-30 09:33:00+00:00,493.4,493.45,0.010134,True,session
DRREDDY,2,2024-08-01 03:47:00+00:00,1362.75,1363.55,0.058705,True,session
DRREDDY,54,2024-08-01 04:39:00+00:00,1367.45,1367.95,0.036564,True,session
DRREDDY,89,2024-08-01 05:14:00+00:00,1372.8,1372.8,0.0,True,session
DRREDDY,150,2024-08-01 06:15:00+00:00,1372.85,1372.85,0.0,True,session
DRREDDY,236,2024-08-01 07:41:00+00:00,1379.2,1379.2,0.0,True,session
DRREDDY,267,2024-08-01 08:12:00+00:00,1371.8,1371.8,0.0,True,session
DRREDDY,328,2024-08-01 09:13:00+00:00,1373.25,1373.65,0.029128,True,session
DRREDDY,376,2024-08-02 03:46:00+00:00,1377.6,1376.65,0.068961,True,session
DRREDDY,398,2024-08-02 04:08:00+00:00,1384.6,1384.6,0.0,True,session
DRREDDY,459,2024-08-02 05:09:00+00:00,1387.4,1387.45,0.003604,True,session
DRREDDY,524,2024-08-02 06:14:00+00:00,1384.8,1384.8,0.0,True,session
DRREDDY,585,2024-08-02 07:15:00+00:00,1382.1,1382.1,0.0,True,session
DRREDDY,646,2024-08-02 08:16:00+00:00,1386.9,1387.1,0.014421,True,session
DRREDDY,711,2024-08-02 09:21:00+00:00,1392.1,1392.1,0.0,True,session
DRREDDY,772,2024-08-05 04:07:00+00:00,1384.0,1384.0,0.0,True,session
DRREDDY,833,2024-08-05 05:08:00+00:00,1385.15,1385.15,0.0,True,session
DRREDDY,880,2024-08-05 05:55:00+00:00,1374.25,1374.05,0.014553,True,session
DRREDDY,941,2024-08-05 06:56:00+00:00,1380.4,1380.25,0.010866,True,session
DRREDDY,1002,2024-08-05 07:57:00+00:00,1375.85,1375.85,0.0,True,session
DRREDDY,1063,2024-08-05 08:58:00+00:00,1364.0,1364.0,0.0,True,session
DRREDDY,1081,2024-08-05 09:16:00+00:00,1370.55,1371.05,0.036482,True,session
DRREDDY,1142,2024-08-06 04:02:00+00:00,1373.1,1373.0,0.007283,True,session
DRREDDY,1170,2024-08-06 04:30:00+00:00,1379.7,1380.6,0.065232,True,session
DRREDDY,1231,2024-08-06 05:31:00+00:00,1378.0,1378.0,0.0,True,session
DRREDDY,1292,2024-08-06 06:32:00+00:00,1376.4,1376.4,0.0,True,session
DRREDDY,1353,2024-08-06 07:33:00+00:00,1373.45,1373.45,0.0,True,session
DRREDDY,1414,2024-08-06 08:34:00+00:00,1367.15,1367.15,0.0,True,session
DRREDDY,1475,2024-08-06 09:35:00+00:00,1361.75,1361.75,0.0,True,session
DRREDDY,1501,2024-08-07 03:46:00+00:00,1377.65,1377.65,0.0,True,session
DRREDDY,1562,2024-08-07 04:47:00+00:00,1377.7,1377.7,0.0,True,session
DRREDDY,1584,2024-08-07 05:09:00+00:00,1385.0,1385.6,0.043321,True,session
DRREDDY,1645,2024-08-07 06:10:00+00:00,1381.0,1381.55,0.039826,True,session
DRREDDY,1722,2024-08-07 07:27:00+00:00,1377.25,1377.25,0.0,True,session
DRREDDY,1783,2024-08-07 08:28:00+00:00,1380.2,1380.2,0.0,True,session
DRREDDY,1847,2024-08-07 09:32:00+00:00,1385.8,1386.0,0.014432,True,session
DRREDDY,1890,2024-08-08 04:00:00+00:00,1397.95,1397.75,0.014307,True,session
DRREDDY,1951,2024-08-08 05:01:00+00:00,1401.6,1401.6,0.0,True,session
DRREDDY,1979,2024-08-08 05:29:00+00:00,1394.55,1394.55,0.0,True,session
DRREDDY,2052,2024-08-08 06:42:00+00:00,1389.7,1389.7,0.0,True,session
DRREDDY,2102,2024-08-08 07:32:00+00:00,1390.75,1390.7,0.003595,True,session
DRREDDY,2162,2024-08-08 08:32:00+00:00,1397.75,1397.75,0.0,True,session
DRREDDY,2223,2024-08-08 09:33:00+00:00,1390.2,1390.2,0.0,True,session
DRREDDY,2271,2024-08-09 04:06:00+00:00,1397.0,1397.0,0.0,True,session
DRREDDY,2332,2024-08-09 05:07:00+00:00,1393.3,1393.3,0.0,True,session
DRREDDY,2393,2024-08-09 06:08:00+00:00,1396.6,1396.6,0.0,True,session
DRREDDY,2454,2024-08-09 07:09:00+00:00,1400.6,1400.6,0.0,True,session
DRREDDY,2628,2024-08-12 03:48:00+00:00,1396.2,1396.9,0.050136,True,session
DRREDDY,2689,2024-08-12 04:49:00+00:00,1393.1,1393.1,0.0,True,session
DRREDDY,2750,2024-08-12 05:50:00+00:00,1392.75,1393.35,0.04308,True,session
DRREDDY,2811,2024-08-12 06:51:00+00:00,1381.45,1381.45,0.0,True,session
DRREDDY,2872,2024-08-12 07:52:00+00:00,1381.95,1381.95,0.0,True,session
DRREDDY,2933,2024-08-12 08:53:00+00:00,1379.45,1379.45,0.0,True,session
DRREDDY,2994,2024-08-12 09:54:00+00:00,1379.0,1378.95,0.003626,True,session
DRREDDY,3052,2024-08-13 04:37:00+00:00,1385.25,1385.25,0.0,True,session
DRREDDY,3113,2024-08-13 05:38:00+00:00,1386.45,1386.45,0.0,True,session
DRREDDY,3174,2024-08-13 06:39:00+00:00,1389.5,1389.5,0.0,True,session
DRREDDY,3235,2024-08-13 07:40:00+00:00,1389.7,1389.7,0.0,True,session
DRREDDY,3296,2024-08-13 08:41:00+00:00,1385.55,1385.55,0.0,True,session
DRREDDY,3357,2024-08-13 09:42:00+00:00,1389.35,1389.35,0.0,True,session
DRREDDY,3418,2024-08-14 04:28:00+00:00,1383.75,1383.75,0.0,True,session
DRREDDY,3479,2024-08-14 05:29:00+00:00,1384.6,1384.6,0.0,True,session
DRREDDY,3540,2024-08-14 06:30:00+00:00,1378.5,1378.5,0.0,True,session
DRREDDY,3600,2024-08-14 07:30:00+00:00,1365.35,1365.9,0.040283,True,session
DRREDDY,3661,2024-08-14 08:31:00+00:00,1363.6,1363.6,0.0,True,session
DRREDDY,3722,2024-08-14 09:32:00+00:00,1360.3,1360.3,0.0,True,session
DRREDDY,3751,2024-08-16 03:46:00+00:00,1362.65,1362.65,0.0,True,session
DRREDDY,3812,2024-08-16 04:47:00+00:00,1353.45,1353.45,0.0,True,session
DRREDDY,3873,2024-08-16 05:48:00+00:00,1352.75,1353.5,0.055443,True,session
DRREDDY,3910,2024-08-16 06:25:00+00:00,1359.4,1359.4,0.0,True,session
DRREDDY,3971,2024-08-16 07:26:00+00:00,1360.0,1360.0,0.0,True,session
DRREDDY,4032,2024-08-16 08:27:00+00:00,1359.35,1359.35,0.0,True,session
DRREDDY,4093,2024-08-16 09:28:00+00:00,1360.0,1360.0,0.0,True,session
DRREDDY,4126,2024-08-19 03:46:00+00:00,1368.65,1368.65,0.0,True,session
DRREDDY,4152,2024-08-19 04:12:00+00:00,1376.1,1376.1,0.0,True,session
DRREDDY,4242,2024-08-19 05:42:00+00:00,1377.0,1377.0,0.0,True,session
DRREDDY,4359,2024-08-19 07:39:00+00:00,1380.8,1380.8,0.0,True,session
DRREDDY,4420,2024-08-19 08:40:00+00:00,1377.65,1377.65,0.0,True,session
DRREDDY,4481,2024-08-19 09:41:00+00:00,1381.6,1381.4,0.014476,True,session
DRREDDY,4521,2024-08-20 04:06:00+00:00,1386.0,1386.0,0.0,True,session
DRREDDY,4582,2024-08-20 05:07:00+00:00,1387.35,1387.35,0.0,True,session
DRREDDY,4643,2024-08-20 06:08:00+00:00,1382.05,1382.05,0.0,True,session
DRREDDY,4702,2024-08-20 07:07:00+00:00,1390.4,1390.25,0.010788,True,session
DRREDDY,4864,2024-08-20 09:49:00+00:00,1394.0,1394.1,0.007174,True,session
DRREDDY,4881,2024-08-21 03:51:00+00:00,1410.8,1410.4,0.028353,True,session
DRREDDY,4942,2024-08-21 04:52:00+00:00,1409.5,1409.4,0.007095,True,session
DRREDDY,5003,2024-08-21 05:53:00+00:00,1409.85,1409.4,0.031918,True,session
DRREDDY,5252,2024-08-22 03:47:00+00:00,1405.7,1405.7,0.0,True,session
DRREDDY,5292,2024-08-22 04:27:00+00:00,1392.8,1392.75,0.00359,True,session
DRREDDY,5353,2024-08-22 05:28:00+00:00,1388.0,1388.0,0.0,True,session
DRREDDY,5414,2024-08-22 06:29:00+00:00,1390.9,1390.9,0.0,True,session
DRREDDY,5475,2024-08-22 07:30:00+00:00,1393.35,1393.35,0.0,True,session
DRREDDY,5536,2024-08-22 08:31:00+00:00,1393.8,1393.8,0.0,True,session
DRREDDY,5597,2024-08-22 09:32:00+00:00,1394.25,1394.25,0.0,True,session
DRREDDY,5658,2024-08-23 04:18:00+00:00,1394.6,1394.9,0.021512,True,session
DRREDDY,5719,2024-08-23 05:19:00+00:00,1390.95,1390.95,0.0,True,session
DRREDDY,5780,2024-08-23 06:20:00+00:00,1393.7,1393.8,0.007175,True,session
DRREDDY,5841,2024-08-23 07:21:00+00:00,1391.6,1391.6,0.0,True,session
DRREDDY,5902,2024-08-23 08:22:00+00:00,1393.5,1393.5,0.0,True,session
DRREDDY,5963,2024-08-23 09:23:00+00:00,1394.35,1394.4,0.003586,True,session
DRREDDY,6005,2024-08-26 03:50:00+00:00,1380.0,1380.7,0.050725,True,session
DRREDDY,6011,2024-08-26 03:56:00+00:00,1387.35,1387.35,0.0,True,session
DRREDDY,6072,2024-08-26 04:57:00+00:00,1389.0,1389.0,0.0,True,session
DRREDDY,6133,2024-08-26 05:58:00+00:00,1385.0,1385.0,0.0,True,session
DRREDDY,6194,2024-08-26 06:59:00+00:00,1387.45,1387.45,0.0,True,session
DRREDDY,6255,2024-08-26 08:00:00+00:00,1388.45,1387.85,0.043214,True,session
DRREDDY,6316,2024-08-26 09:01:00+00:00,1389.8,1389.8,0.0,True,session
DRREDDY,6377,2024-08-27 03:47:00+00:00,1394.5,1394.75,0.017928,True,session
DRREDDY,6461,2024-08-27 05:11:00+00:00,1396.9,1396.9,0.0,True,session
DRREDDY,6529,2024-08-27 06:19:00+00:00,1391.0,1391.0,0.0,True,session
DRREDDY,6590,2024-08-27 07:20:00+00:00,1389.85,1389.85,0.0,True,session
DRREDDY,6663,2024-08-27 08:33:00+00:00,1398.0,1398.0,0.0,True,session
DRREDDY,6731,2024-08-27 09:41:00+00:00,1391.55,1391.55,0.0,True,session
DRREDDY,6792,2024-08-28 04:27:00+00:00,1387.5,1387.6,0.007207,True,session
DRREDDY,6853,2024-08-28 05:28:00+00:00,1387.0,1387.0,0.0,True,session
DRREDDY,6914,2024-08-28 06:29:00+00:00,1389.6,1389.6,0.0,True,session
DRREDDY,6975,2024-08-28 07:30:00+00:00,1389.0,1389.0,0.0,True,session
DRREDDY,7036,2024-08-28 08:31:00+00:00,1388.0,1388.0,0.0,True,session
DRREDDY,7045,2024-08-28 08:40:00+00:00,1396.0,1396.0,0.0,True,session
DRREDDY,7089,2024-08-28 09:24:00+00:00,1402.6,1402.6,0.0,True,session
DRREDDY,7126,2024-08-29 03:46:00+00:00,1390.25,1391.35,0.079122,True,session
DRREDDY,7133,2024-08-29 03:53:00+00:00,1397.9,1398.05,0.01073,True,session
DRREDDY,7181,2024-08-29 04:41:00+00:00,1384.1,1384.55,0.032512,True,session
DRREDDY,7242,2024-08-29 05:42:00+00:00,1387.25,1387.65,0.028834,True,session
DRREDDY,7303,2024-08-29 06:43:00+00:00,1382.8,1382.8,0.0,True,session
DRREDDY,7332,2024-08-29 07:12:00+00:00,1389.85,1389.5,0.025183,True,session
DRREDDY,7393,2024-08-29 08:13:00+00:00,1389.6,1389.6,0.0,True,session
DRREDDY,7454,2024-08-29 09:14:00+00:00,1379.5,1379.4,0.007249,True,session
DRREDDY,7467,2024-08-29 09:27:00+00:00,1387.65,1387.65,0.0,True,session
DRREDDY,7502,2024-08-30 03:47:00+00:00,1397.0,1397.0,0.0,True,session
DRREDDY,7668,2024-08-30 06:33:00+00:00,1408.55,1408.55,0.0,True,session
DRREDDY,7828,2024-08-30 09:13:00+00:00,1405.8,1405.85,0.003557,True,session
ETERNAL,64,2024-08-01 04:49:00+00:00,233.55,233.61,0.02569,True,session
ETERNAL,199,2024-08-01 07:04:00+00:00,229.45,229.35,0.043582,True,session
ETERNAL,295,2024-08-01 08:40:00+00:00,230.25,230.2,0.021716,True,session
ETERNAL,311,2024-08-01 08:56:00+00:00,228.5,228.59,0.039387,True,session
ETERNAL,355,2024-08-01 09:40:00+00:00,234.83,234.83,0.0,True,session
ETERNAL,377,2024-08-02 03:47:00+00:00,249.7,249.94,0.096115,True,session
ETERNAL,379,2024-08-02 03:49:00+00:00,256.83,256.74,0.035043,True,session
ETERNAL,381,2024-08-02 03:51:00+00:00,255.2,255.15,0.019592,True,session
ETERNAL,387,2024-08-02 03:57:00+00:00,259.99,260.0,0.003846,True,session
ETERNAL,423,2024-08-02 04:33:00+00:00,264.86,264.99,0.049083,True,session
ETERNAL,427,2024-08-02 04:37:00+00:00,277.0,277.5,0.180505,True,session
ETERNAL,429,2024-08-02 04:39:00+00:00,274.26,274.18,0.029169,True,session
ETERNAL,434,2024-08-02 04:44:00+00:00,270.02,270.03,0.003703,True,session
ETERNAL,454,2024-08-02 05:04:00+00:00,267.56,267.6,0.01495,True,session
ETERNAL,456,2024-08-02 05:06:00+00:00,269.7,269.83,0.048202,True,session
ETERNAL,463,2024-08-02 05:13:00+00:00,266.44,266.38,0.022519,True,session
ETERNAL,470,2024-08-02 05:20:00+00:00,262.73,262.78,0.019031,True,session
ETERNAL,477,2024-08-02 05:27:00+00:00,264.28,264.4,0.045406,True,session
ETERNAL,484,2024-08-02 05:34:00+00:00,261.35,261.28,0.026784,True,session
ETERNAL,499,2024-08-02 05:49:00+00:00,263.6,263.55,0.018968,True,session
ETERNAL,560,2024-08-02 06:50:00+00:00,260.19,260.14,0.019217,True,session
ETERNAL,621,2024-08-02 07:51:00+00:00,259.98,259.98,0.0,True,session
ETERNAL,640,2024-08-02 08:10:00+00:00,262.9,262.99,0.034234,True,session
ETERNAL,666,2024-08-02 08:36:00+00:00,265.07,265.1,0.011318,True,session
ETERNAL,727,2024-08-02 09:37:00+00:00,263.09,263.0,0.034209,True,session
ETERNAL,751,2024-08-05 03:46:00+00:00,256.63,258.13,0.584499,True,session
ETERNAL,761,2024-08-05 03:56:00+00:00,251.0,250.9,0.039841,True,session
ETERNAL,769,2024-08-05 04:04:00+00:00,256.43,256.4,0.011699,True,session
ETERNAL,773,2024-08-05 04:08:00+00:00,261.75,261.68,0.026743,True,session
ETERNAL,834,2024-08-05 05:09:00+00:00,261.0,261.0,0.0,True,session
ETERNAL,879,2024-08-05 05:54:00+00:00,254.1,254.1,0.0,True,session
ETERNAL,924,2024-08-05 06:39:00+00:00,258.5,258.54,0.015474,True,session
ETERNAL,985,2024-08-05 07:40:00+00:00,257.4,257.37,0.011655,True,session
ETERNAL,1046,2024-08-05 08:41:00+00:00,259.22,259.1,0.046293,True,session
ETERNAL,1107,2024-08-05 09:42:00+00:00,256.63,256.64,0.003897,True,session
ETERNAL,1126,2024-08-06 03:46:00+00:00,272.67,272.69,0.007335,True,session
ETERNAL,1172,2024-08-06 04:32:00+00:00,265.17,265.16,0.003771,True,session
ETERNAL,1192,2024-08-06 04:52:00+00:00,261.95,261.96,0.003818,True,session
ETERNAL,1196,2024-08-06 04:56:00+00:00,259.99,259.96,0.011539,True,session
ETERNAL,1198,2024-08-06 04:58:00+00:00,260.56,260.44,0.046055,True,session
ETERNAL,1224,2024-08-06 05:24:00+00:00,262.26,262.26,0.0,True,session
ETERNAL,1228,2024-08-06 05:28:00+00:00,263.3,263.26,0.015192,True,session
ETERNAL,1280,2024-08-06 06:20:00+00:00,260.98,260.98,0.0,True,session
ETERNAL,1341,2024-08-06 07:21:00+00:00,259.44,259.5,0.023127,True,session
ETERNAL,1382,2024-08-06 08:02:00+00:00,256.72,256.83,0.042848,True,session
ETERNAL,1390,2024-08-06 08:10:00+00:00,252.8,252.41,0.154272,True,session
ETERNAL,1427,2024-08-06 08:47:00+00:00,249.59,249.6,0.004007,True,session
ETERNAL,1433,2024-08-06 08:53:00+00:00,251.98,251.98,0.0,True,session
ETERNAL,1494,2024-08-06 09:54:00+00:00,248.35,248.35,0.0,True,session
ETERNAL,1501,2024-08-07 03:46:00+00:00,257.4,256.42,0.38073,True,session
ETERNAL,1562,2024-08-07 04:47:00+00:00,255.75,255.74,0.00391,True,session
ETERNAL,1622,2024-08-07 05:47:00+00:00,258.82,258.72,0.038637,True,session
ETERNAL,1637,2024-08-07 06:02:00+00:00,262.9,262.9,0.0,True,session
ETERNAL,1720,2024-08-07 07:25:00+00:00,264.2,264.2,0.0,True,session
ETERNAL,1797,2024-08-07 08:42:00+00:00,265.8,265.95,0.056433,True,session
ETERNAL,1833,2024-08-07 09:18:00+00:00,263.46,263.41,0.018978,True,session
ETERNAL,1858,2024-08-07 09:43:00+00:00,265.9,265.9,0.0,True,session
ETERNAL,1878,2024-08-08 03:48:00+00:00,262.63,262.54,0.034269,True,session
ETERNAL,1939,2024-08-08 04:49:00+00:00,261.88,262.01,0.049641,True,session
ETERNAL,2000,2024-08-08 05:50:00+00:00,261.68,261.68,0.0,True,session
ETERNAL,2061,2024-08-08 06:51:00+00:00,262.0,261.88,0.045802,True,session
ETERNAL,2122,2024-08-08 07:52:00+00:00,262.21,262.21,0.0,True,session
ETERNAL,2129,2024-08-08 07:59:00+00:00,263.56,263.57,0.003794,True,session
ETERNAL,2173,2024-08-08 08:43:00+00:00,261.08,261.08,0.0,True,session
ETERNAL,2194,2024-08-08 09:04:00+00:00,262.5,262.55,0.019048,True,session
ETERNAL,2215,2024-08-08 09:25:00+00:00,264.25,264.12,0.049196,True,session
ETERNAL,2239,2024-08-08 09:49:00+00:00,265.1,265.19,0.033949,True,session
ETERNAL,2260,2024-08-09 03:55:00+00:00,271.24,271.16,0.029494,True,session
ETERNAL,2280,2024-08-09 04:15:00+00:00,270.04,270.04,0.0,True,session
ETERNAL,2317,2024-08-09 04:52:00+00:00,271.41,271.32,0.03316,True,session
ETERNAL,2348,2024-08-09 05:23:00+00:00,268.35,268.49,0.052171,True,session
ETERNAL,2350,2024-08-09 05:25:00+00:00,270.05,270.05,0.0,True,session
ETERNAL,2396,2024-08-09 06:11:00+00:00,271.45,271.4,0.01842,True,session
ETERNAL,2457,2024-08-09 07:12:00+00:00,269.94,269.94,0.0,True,session
ETERNAL,2518,2024-08-09 08:13:00+00:00,269.85,269.85,0.0,True,session
ETERNAL,2579,2024-08-09 09:14:00+00:00,268.93,268.92,0.003718,True,session
ETERNAL,2614,2024-08-09 09:49:00+00:00,266.25,266.25,0.0,True,session
ETERNAL,2626,2024-08-12 03:46:00+00:00,265.4,265.25,0.056518,True,session
ETERNAL,2628,2024-08-12 03:48:00+00:00,263.19,263.06,0.049394,True,session
ETERNAL,2637,2024-08-12 03:57:00+00:00,264.2,264.19,0.003785,True,session
ETERNAL,2698,2024-08-12 04:58:00+00:00,263.91,264.03,0.04547,True,session
ETERNAL,2759,2024-08-12 05:59:00+00:00,263.64,263.68,0.015172,True,session
ETERNAL,2772,2024-08-12 06:12:00+00:00,265.61,265.77,0.060239,True,session
ETERNAL,2833,2024-08-12 07:13:00+00:00,265.53,265.55,0.007532,True,session
ETERNAL,2894,2024-08-12 08:14:00+00:00,265.33,265.37,0.015076,True,session
ETERNAL,2955,2024-08-12 09:15:00+00:00,264.33,264.27,0.022699,True,session
ETERNAL,3006,2024-08-13 03:51:00+00:00,261.75,261.74,0.00382,True,session
ETERNAL,3067,2024-08-13 04:52:00+00:00,261.0,261.0,0.0,True,session
ETERNAL,3128,2024-08-13 05:53:00+00:00,262.1,262.1,0.0,True,session
ETERNAL,3189,2024-08-13 06:54:00+00:00,262.12,262.12,0.0,True,session
ETERNAL,3250,2024-08-13 07:55:00+00:00,261.73,261.74,0.003821,True,session
ETERNAL,3284,2024-08-13 08:29:00+00:00,259.35,259.27,0.030846,True,session
ETERNAL,3336,2024-08-13 09:21:00+00:00,256.25,256.25,0.0,True,session
ETERNAL,3346,2024-08-13 09:31:00+00:00,257.99,258.04,0.019381,True,session
ETERNAL,3376,2024-08-14 03:46:00+00:00,258.82,258.97,0.057955,True,session
ETERNAL,3379,2024-08-14 03:49:00+00:00,261.99,261.98,0.003817,True,session
ETERNAL,3397,2024-08-14 04:07:00+00:00,258.47,258.38,0.03482,True,session
ETERNAL,3408,2024-08-14 04:18:00+00:00,260.73,260.54,0.072872,True,session
ETERNAL,3429,2024-08-14 04:39:00+00:00,262.25,262.25,0.0,True,session
ETERNAL,3490,2024-08-14 05:40:00+00:00,259.35,259.35,0.0,True,session
ETERNAL,3551,2024-08-14 06:41:00+00:00,257.54,257.52,0.007766,True,session
ETERNAL,3592,2024-08-14 07:22:00+00:00,260.0,260.14,0.053846,True,session
ETERNAL,3653,2024-08-14 08:23:00+00:00,258.31,258.31,0.0,True,session
ETERNAL,3714,2024-08-14 09:24:00+00:00,260.2,260.25,0.019216,True,session
ETERNAL,3775,2024-08-16 04:10:00+00:00,259.25,259.25,0.0,True,session
ETERNAL,3836,2024-08-16 05:11:00+00:00,258.25,258.25,0.0,True,session
ETERNAL,3880,2024-08-16 05:55:00+00:00,260.95,260.95,0.0,True,session
ETERNAL,3978,2024-08-16 07:33:00+00:00,262.48,262.5,0.00762,True,session
ETERNAL,4054,2024-08-16 08:49:00+00:00,263.25,263.25,0.0,True,session
ETERNAL,4113,2024-08-16 09:48:00+00:00,266.2,265.93,0.101427,True,session
ETERNAL,4116,2024-08-16 09:51:00+00:00,265.63,265.67,0.015059,True,session
ETERNAL,4126,2024-08-19 03:46:00+00:00,275.39,275.48,0.032681,True,session
ETERNAL,4128,2024-08-19 03:48:00+00:00,273.65,273.56,0.032889,True,session
ETERNAL,4149,2024-08-19 04:09:00+00:00,272.56,272.03,0.194453,True,session
ETERNAL,4226,2024-08-19 05:26:00+00:00,270.59,270.6,0.003696,True,session
ETERNAL,4287,2024-08-19 06:27:00+00:00,268.8,268.8,0.0,True,session
ETERNAL,4348,2024-08-19 07:28:00+00:00,267.0,267.0,0.0,True,session
ETERNAL,4409,2024-08-19 08:29:00+00:00,264.89,264.81,0.030201,True,session
ETERNAL,4470,2024-08-19 09:30:00+00:00,263.38,263.39,0.003797,True,session
ETERNAL,4501,2024-08-20 03:46:00+00:00,259.65,259.6,0.019257,True,session
ETERNAL,4504,2024-08-20 03:49:00+00:00,260.93,260.8,0.049822,True,session
ETERNAL,4565,2024-08-20 04:50:00+00:00,259.63,259.62,0.003852,True,session
ETERNAL,4617,2024-08-20 05:42:00+00:00,261.31,261.3,0.003827,True,session
ETERNAL,4621,2024-08-20 05:46:00+00:00,263.1,263.01,0.034208,True,session
ETERNAL,4682,2024-08-20 06:47:00+00:00,263.14,263.03,0.041803,True,session
ETERNAL,4767,2024-08-20 08:12:00+00:00,261.84,261.82,0.007638,True,session
ETERNAL,4828,2024-08-20 09:13:00+00:00,261.8,261.8,0.0,True,session
ETERNAL,4857,2024-08-20 09:42:00+00:00,263.75,263.67,0.030332,True,session
ETERNAL,4876,2024-08-21 03:46:00+00:00,263.03,263.0,0.011406,True,session
ETERNAL,4908,2024-08-21 04:18:00+00:00,261.91,261.91,0.0,True,session
ETERNAL,4969,2024-08-21 05:19:00+00:00,261.75,261.75,0.0,True,session
ETERNAL,5030,2024-08-21 06:20:00+00:00,261.3,261.3,0.0,True,session
ETERNAL,5091,2024-08-21 07:21:00+00:00,261.93,261.93,0.0,True,session
ETERNAL,5152,2024-08-21 08:22:00+00:00,262.5,262.5,0.0,True,session
ETERNAL,5179,2024-08-21 08:49:00+00:00,259.07,259.1,0.01158,True,session
ETERNAL,5181,2024-08-21 08:51:00+00:00,260.37,260.32,0.019203,True,session
ETERNAL,5242,2024-08-21 09:52:00+00:00,259.99,259.98,0.003846,True,session
ETERNAL,5254,2024-08-22 03:49:00+00:00,262.48,262.42,0.022859,True,session
ETERNAL,5315,2024-08-22 04:50:00+00:00,259.42,259.42,0.0,True,session
ETERNAL,5376,2024-08-22 05:51:00+00:00,260.0,260.0,0.0,True,session
ETERNAL,5437,2024-08-22 06:52:00+00:00,259.09,259.09,0.0,True,session
ETERNAL,5498,2024-08-22 07:53:00+00:00,258.26,258.38,0.046465,True,session
ETERNAL,5559,2024-08-22 08:54:00+00:00,258.29,258.28,0.003872,True,session
ETERNAL,5620,2024-08-22 09:55:00+00:00,257.49,257.5,0.003884,True,session
ETERNAL,5626,2024-08-23 03:46:00+00:00,259.78,259.78,0.0,True,session
ETERNAL,5630,2024-08-23 03:50:00+00:00,262.52,262.48,0.015237,True,session
ETERNAL,5659,2024-08-23 04:19:00+00:00,264.85,264.85,0.0,True,session
ETERNAL,5665,2024-08-23 04:25:00+00:00,266.63,266.6,0.011252,True,session
ETERNAL,5709,2024-08-23 05:09:00+00:00,268.8,268.8,0.0,True,session
ETERNAL,5903,2024-08-23 08:23:00+00:00,264.4,264.4,0.0,True,session
ETERNAL,5964,2024-08-23 09:24:00+00:00,263.12,263.12,0.0,True,session
ETERNAL,6002,2024-08-26 03:47:00+00:00,262.0,262.16,0.061069,True,session
ETERNAL,6005,2024-08-26 03:50:00+00:00,264.16,264.09,0.026499,True,session
ETERNAL,6015,2024-08-26 04:00:00+00:00,262.3,262.3,0.0,True,session
ETERNAL,6073,2024-08-26 04:58:00+00:00,259.71,259.71,0.0,True,session
ETERNAL,6134,2024-08-26 05:59:00+00:00,260.75,260.7,0.019175,True,session
ETERNAL,6195,2024-08-26 07:00:00+00:00,259.55,259.52,0.011558,True,session
ETERNAL,6256,2024-08-26 08:01:00+00:00,259.6,259.6,0.0,True,session
ETERNAL,6317,2024-08-26 09:02:00+00:00,258.34,258.38,0.015483,True,session
ETERNAL,6365,2024-08-26 09:50:00+00:00,259.8,259.88,0.030793,True,session
ETERNAL,6376,2024-08-27 03:46:00+00:00,260.61,260.61,0.0,True,session
ETERNAL,6383,2024-08-27 03:53:00+00:00,258.2,258.2,0.0,True,session
ETERNAL,6444,2024-08-27 04:54:00+00:00,257.99,257.98,0.003876,True,session
ETERNAL,6505,2024-08-27 05:55:00+00:00,257.12,257.12,0.0,True,session
ETERNAL,6566,2024-08-27 06:56:00+00:00,257.2,257.27,0.027216,True,session
ETERNAL,6627,2024-08-27 07:57:00+00:00,257.75,257.75,0.0,True,session
ETERNAL,6688,2024-08-27 08:58:00+00:00,257.76,257.79,0.011639,True,session
ETERNAL,6749,2024-08-27 09:59:00+00:00,255.99,255.99,0.0,True,session
ETERNAL,6751,2024-08-28 03:46:00+00:00,257.47,257.47,0.0,True,session
ETERNAL,6812,2024-08-28 04:47:00+00:00,256.29,256.35,0.023411,True,session
ETERNAL,6873,2024-08-28 05:48:00+00:00,256.31,256.31,0.0,True,session
ETERNAL,6934,2024-08-28 06:49:00+00:00,255.84,255.89,0.019543,True,session
ETERNAL,6995,2024-08-28 07:50:00+00:00,254.82,254.82,0.0,True,session
ETERNAL,7053,2024-08-28 08:48:00+00:00,252.8,252.8,0.0,True,session
ETERNAL,7114,2024-08-28 09:49:00+00:00,252.97,252.95,0.007906,True,session
ETERNAL,7126,2024-08-29 03:46:00+00:00,256.0,256.22,0.085938,True,session
ETERNAL,7130,2024-08-29 03:50:00+00:00,253.5,253.5,0.0,True,session
ETERNAL,7155,2024-08-29 04:15:00+00:00,254.88,254.9,0.007847,True,session
ETERNAL,7209,2024-08-29 05:09:00+00:00,252.41,252.36,0.019809,True,session
ETERNAL,7258,2024-08-29 05:58:00+00:00,249.88,249.88,0.0,True,session
ETERNAL,7319,2024-08-29 06:59:00+00:00,250.01,250.01,0.0,True,session
ETERNAL,7363,2024-08-29 07:43:00+00:00,252.18,252.22,0.015862,True,session
ETERNAL,7424,2024-08-29 08:44:00+00:00,250.4,250.4,0.0,True,session
ETERNAL,7441,2024-08-29 09:01:00+00:00,252.44,252.4,0.015845,True,session
ETERNAL,7501,2024-08-30 03:46:00+00:00,253.51,253.66,0.059169,True,session
ETERNAL,7513,2024-08-30 03:58:00+00:00,249.65,249.65,0.0,True,session
ETERNAL,7573,2024-08-30 04:58:00+00:00,252.42,252.44,0.007923,True,session
ETERNAL,7618,2024-08-30 05:43:00+00:00,255.05,255.17,0.04705,True,session
ETERNAL,7679,2024-08-30 06:44:00+00:00,253.63,253.61,0.007886,True,session
ETERNAL,7741,2024-08-30 07:46:00+00:00,252.86,252.96,0.039548,True,session
ETERNAL,7802,2024-08-30 08:47:00+00:00,253.66,253.66,0.0,True,session
ETERNAL,7855,2024-08-30 09:40:00+00:00,250.72,250.74,0.007977,True,session
GRASIM,6,2024-08-01 03:51:00+00:00,2773.0,2773.0,0.0,True,session
GRASIM,67,2024-08-01 04:52:00+00:00,2779.0,2777.9,0.039583,True,session
GRASIM,128,2024-08-01 05:53:00+00:00,2773.5,2773.5,0.0,True,session
GRASIM,189,2024-08-01 06:54:00+00:00,2766.85,2766.4,0.016264,True,session
GRASIM,250,2024-08-01 07:55:00+00:00,2763.7,2764.1,0.014473,True,session
GRASIM,311,2024-08-01 08:56:00+00:00,2759.85,2759.05,0.028987,True,session
GRASIM,372,2024-08-01 09:57:00+00:00,2764.25,2763.6,0.023515,True,session
GRASIM,408,2024-08-02 04:18:00+00:00,2738.65,2738.65,0.0,True,session
GRASIM,469,2024-08-02 05:19:00+00:00,2734.6,2734.6,0.0,True,session
GRASIM,530,2024-08-02 06:20:00+00:00,2735.65,2735.65,0.0,True,session
GRASIM,591,2024-08-02 07:21:00+00:00,2725.7,2725.7,0.0,True,session
GRASIM,652,2024-08-02 08:22:00+00:00,2726.7,2726.7,0.0,True,session
GRASIM,713,2024-08-02 09:23:00+00:00,2714.25,2714.25,0.0,True,session
GRASIM,751,2024-08-05 03:46:00+00:00,2674.25,2674.25,0.0,True,session
GRASIM,759,2024-08-05 03:54:00+00:00,2648.7,2649.8,0.04153,True,session
GRASIM,820,2024-08-05 04:55:00+00:00,2654.05,2654.05,0.0,True,session
GRASIM,866,2024-08-05 05:41:00+00:00,2625.65,2626.65,0.038086,True,session
GRASIM,895,2024-08-05 06:10:00+00:00,2602.65,2602.65,0.0,True,session
GRASIM,901,2024-08-05 06:16:00+00:00,2620.3,2620.3,0.0,True,session
GRASIM,962,2024-08-05 07:17:00+00:00,2596.9,2598.0,0.042358,True,session
GRASIM,994,2024-08-05 07:49:00+00:00,2615.95,2615.95,0.0,True,session
GRASIM,1055,2024-08-05 08:50:00+00:00,2615.7,2615.7,0.0,True,session
GRASIM,1116,2024-08-05 09:51:00+00:00,2612.2,2612.1,0.003828,True,session
GRASIM,1126,2024-08-06 03:46:00+00:00,2632.7,2635.95,0.123447,True,session
GRASIM,1147,2024-08-06 04:07:00+00:00,2652.05,2652.85,0.030165,True,session
GRASIM,1236,2024-08-06 05:36:00+00:00,2664.05,2665.2,0.043167,True,session
GRASIM,1297,2024-08-06 06:37:00+00:00,2661.55,2661.55,0.0,True,session
GRASIM,1358,2024-08-06 07:38:00+00:00,2647.5,2647.5,0.0,True,session
GRASIM,1419,2024-08-06 08:39:00+00:00,2629.45,2629.15,0.011409,True,session
GRASIM,1480,2024-08-06 09:40:00+00:00,2616.95,2618.0,0.040123,True,session
GRASIM,1496,2024-08-06 09:56:00+00:00,2631.55,2631.25,0.0114,True,session
GRASIM,1501,2024-08-07 03:46:00+00:00,2652.0,2651.0,0.037707,True,session
GRASIM,1562,2024-08-07 04:47:00+00:00,2642.05,2642.05,0.0,True,session
GRASIM,1590,2024-08-07 05:15:00+00:00,2655.0,2655.0,0.0,True,session
GRASIM,1651,2024-08-07 06:16:00+00:00,2649.85,2649.55,0.011321,True,session
GRASIM,1712,2024-08-07 07:17:00+00:00,2647.25,2647.25,0.0,True,session
GRASIM,1773,2024-08-07 08:18:00+00:00,2644.25,2644.95,0.026473,True,session
GRASIM,1834,2024-08-07 09:19:00+00:00,2636.0,2637.25,0.04742,True,session
GRASIM,1882,2024-08-08 03:52:00+00:00,2613.65,2615.0,0.051652,True,session
GRASIM,1943,2024-08-08 04:53:00+00:00,2601.7,2601.7,0.0,True,session
GRASIM,1949,2024-08-08 04:59:00+00:00,2613.25,2613.25,0.0,True,session
GRASIM,1994,2024-08-08 05:44:00+00:00,2585.7,2586.7,0.038674,True,session
GRASIM,2055,2024-08-08 06:45:00+00:00,2586.25,2583.1,0.121798,True,session
GRASIM,2109,2024-08-08 07:39:00+00:00,2563.35,2563.5,0.005852,True,session
GRASIM,2170,2024-08-08 08:40:00+00:00,2550.0,2550.0,0.0,True,session
GRASIM,2231,2024-08-08 09:41:00+00:00,2549.25,2549.0,0.009807,True,session
GRASIM,2251,2024-08-09 03:46:00+00:00,2550.5,2552.4,0.074495,True,session
GRASIM,2253,2024-08-09 03:48:00+00:00,2566.65,2565.45,0.046754,True,session
GRASIM,2259,2024-08-09 03:54:00+00:00,2583.0,2583.2,0.007743,True,session
GRASIM,2266,2024-08-09 04:01:00+00:00,2601.4,2601.4,0.0,True,session
GRASIM,2295,2024-08-09 04:30:00+00:00,2618.3,2618.55,0.009548,True,session
GRASIM,2375,2024-08-09 05:50:00+00:00,2607.0,2607.0,0.0,True,session
GRASIM,2459,2024-08-09 07:14:00+00:00,2628.0,2628.0,0.0,True,session
GRASIM,2520,2024-08-09 08:15:00+00:00,2631.95,2632.0,0.0019,True,session
GRASIM,2529,2024-08-09 08:24:00+00:00,2607.1,2608.1,0.038357,True,session
GRASIM,2531,2024-08-09 08:26:00+00:00,2611.6,2612.2,0.022974,True,session
GRASIM,2542,2024-08-09 08:37:00+00:00,2590.55,2590.4,0.00579,True,session
GRASIM,2547,2024-08-09 08:42:00+00:00,2568.05,2566.75,0.050622,True,session
GRASIM,2550,2024-08-09 08:45:00+00:00,2589.6,2589.6,0.0,True,session
GRASIM,2555,2024-08-09 08:50:00+00:00,2560.05,2560.0,0.001953,True,session
GRASIM,2558,2024-08-09 08:53:00+00:00,2575.0,2574.0,0.038835,True,session
GRASIM,2572,2024-08-09 09:07:00+00:00,2546.7,2547.1,0.015707,True,session
GRASIM,2577,2024-08-09 09:12:00+00:00,2565.75,2565.0,0.029231,True,session
GRASIM,2626,2024-08-12 03:46:00+00:00,2588.85,2587.95,0.034764,True,session
GRASIM,2651,2024-08-12 04:11:00+00:00,2611.0,2610.5,0.01915,True,session
GRASIM,2712,2024-08-12 05:12:00+00:00,2595.0,2595.0,0.0,True,session
GRASIM,2790,2024-08-12 06:30:00+00:00,2594.95,2594.95,0.0,True,session
GRASIM,2851,2024-08-12 07:31:00+00:00,2598.0,2598.0,0.0,True,session
GRASIM,2912,2024-08-12 08:32:00+00:00,2592.75,2592.75,0.0,True,session
GRASIM,2973,2024-08-12 09:33:00+00:00,2577.7,2577.55,0.005819,True,session
GRASIM,3024,2024-08-13 04:09:00+00:00,2552.2,2552.2,0.0,True,session
GRASIM,3031,2024-08-13 04:16:00+00:00,2566.9,2565.8,0.042853,True,session
GRASIM,3062,2024-08-13 04:47:00+00:00,2542.35,2542.35,0.0,True,session
GRASIM,3123,2024-08-13 05:48:00+00:00,2531.65,2531.55,0.00395,True,session
GRASIM,3184,2024-08-13 06:49:00+00:00,2527.9,2527.9,0.0,True,session
GRASIM,3245,2024-08-13 07:50:00+00:00,2531.3,2531.3,0.0,True,session
GRASIM,3306,2024-08-13 08:51:00+00:00,2523.6,2523.6,0.0,True,session
GRASIM,3367,2024-08-13 09:52:00+00:00,2514.85,2514.85,0.0,True,session
GRASIM,3409,2024-08-14 04:19:00+00:00,2528.8,2528.8,0.0,True,session
GRASIM,3470,2024-08-14 05:20:00+00:00,2522.8,2522.8,0.0,True,session
GRASIM,3531,2024-08-14 06:21:00+00:00,2515.0,2515.0,0.0,True,session
GRASIM,3592,2024-08-14 07:22:00+00:00,2514.8,2514.8,0.0,True,session
GRASIM,3653,2024-08-14 08:23:00+00:00,2511.9,2511.9,0.0,True,session
GRASIM,3714,2024-08-14 09:24:00+00:00,2512.35,2512.2,0.005971,True,session
GRASIM,3751,2024-08-16 03:46:00+00:00,2532.3,2532.0,0.011847,True,session
GRASIM,3763,2024-08-16 03:58:00+00:00,2545.75,2545.75,0.0,True,session
GRASIM,3780,2024-08-16 04:15:00+00:00,2557.0,2557.35,0.013688,True,session
GRASIM,3811,2024-08-16 04:46:00+00:00,2555.0,2555.0,0.0,True,session
GRASIM,3865,2024-08-16 05:40:00+00:00,2534.05,2534.05,0.0,True,session
GRASIM,3920,2024-08-16 06:35:00+00:00,2546.9,2547.0,0.003926,True,session
GRASIM,3954,2024-08-16 07:09:00+00:00,2560.05,2560.05,0.0,True,session
GRASIM,4015,2024-08-16 08:10:00+00:00,2566.55,2566.55,0.0,True,session
GRASIM,4121,2024-08-16 09:56:00+00:00,2597.0,2597.0,0.0,True,session
GRASIM,4130,2024-08-19 03:50:00+00:00,2596.45,2596.0,0.017331,True,session
GRASIM,4140,2024-08-19 04:00:00+00:00,2572.45,2572.45,0.0,True,session
GRASIM,4153,2024-08-19 04:13:00+00:00,2589.0,2587.9,0.042487,True,session
GRASIM,4214,2024-08-19 05:14:00+00:00,2567.6,2567.6,0.0,True,session
GRASIM,4246,2024-08-19 05:46:00+00:00,2580.95,2580.0,0.036808,True,session
GRASIM,4307,2024-08-19 06:47:00+00:00,2577.7,2577.7,0.0,True,session
GRASIM,4368,2024-08-19 07:48:00+00:00,2578.0,2578.0,0.0,True,session
GRASIM,4417,2024-08-19 08:37:00+00:00,2591.7,2591.7,0.0,True,session
GRASIM,4478,2024-08-19 09:38:00+00:00,2598.55,2598.55,0.0,True,session
GRASIM,4501,2024-08-20 03:46:00+00:00,2594.25,2592.9,0.052038,True,session
GRASIM,4590,2024-08-20 05:15:00+00:00,2620.0,2620.0,0.0,True,session
GRASIM,4717,2024-08-20 07:22:00+00:00,2625.9,2625.95,0.001904,True,session
GRASIM,4778,2024-08-20 08:23:00+00:00,2644.55,2644.6,0.001891,True,session
GRASIM,4820,2024-08-20 09:05:00+00:00,2631.85,2631.85,0.0,True,session
GRASIM,4980,2024-08-21 05:30:00+00:00,2652.65,2652.65,0.0,True,session
GRASIM,5283,2024-08-22 04:18:00+00:00,2736.8,2736.8,0.0,True,session
GRASIM,5384,2024-08-22 05:59:00+00:00,2761.2,2761.2,0.0,True,session
GRASIM,5445,2024-08-22 07:00:00+00:00,2759.85,2759.85,0.0,True,session
GRASIM,5489,2024-08-22 07:44:00+00:00,2749.2,2749.2,0.0,True,session
GRASIM,5561,2024-08-22 08:56:00+00:00,2752.0,2752.0,0.0,True,session
GRASIM,5622,2024-08-22 09:57:00+00:00,2753.6,2753.95,0.012711,True,session
GRASIM,5630,2024-08-23 03:50:00+00:00,2745.65,2746.2,0.020032,True,session
GRASIM,5678,2024-08-23 04:38:00+00:00,2719.85,2719.85,0.0,True,session
GRASIM,5734,2024-08-23 05:34:00+00:00,2737.0,2736.25,0.027402,True,session
GRASIM,5795,2024-08-23 06:35:00+00:00,2746.5,2746.5,0.0,True,session
GRASIM,5856,2024-08-23 07:36:00+00:00,2743.8,2743.8,0.0,True,session
GRASIM,5917,2024-08-23 08:37:00+00:00,2733.3,2733.3,0.0,True,session
GRASIM,5975,2024-08-23 09:35:00+00:00,2747.8,2747.8,0.0,True,session
GRASIM,6001,2024-08-26 03:46:00+00:00,2740.85,2740.85,0.0,True,session
GRASIM,6007,2024-08-26 03:52:00+00:00,2714.0,2714.0,0.0,True,session
GRASIM,6018,2024-08-26 04:03:00+00:00,2728.8,2728.8,0.0,True,session
GRASIM,6079,2024-08-26 05:04:00+00:00,2743.1,2743.1,0.0,True,session
GRASIM,6140,2024-08-26 06:05:00+00:00,2750.0,2750.0,0.0,True,session
GRASIM,6201,2024-08-26 07:06:00+00:00,2737.65,2737.65,0.0,True,session
GRASIM,6262,2024-08-26 08:07:00+00:00,2733.0,2733.0,0.0,True,session
GRASIM,6323,2024-08-26 09:08:00+00:00,2739.7,2739.7,0.0,True,session
GRASIM,6384,2024-08-27 03:54:00+00:00,2729.4,2729.5,0.003664,True,session
GRASIM,6445,2024-08-27 04:55:00+00:00,2719.65,2719.65,0.0,True,session
GRASIM,6506,2024-08-27 05:56:00+00:00,2712.2,2712.0,0.007374,True,session
GRASIM,6567,2024-08-27 06:57:00+00:00,2705.5,2704.15,0.049898,True,session
GRASIM,6628,2024-08-27 07:58:00+00:00,2716.75,2716.7,0.00184,True,session
GRASIM,6689,2024-08-27 08:59:00+00:00,2710.4,2710.4,0.0,True,session
GRASIM,6750,2024-08-28 03:45:00+00:00,2702.05,2698.5,0.131382,True,session
GRASIM,6811,2024-08-28 04:46:00+00:00,2694.45,2694.45,0.0,True,session
GRASIM,6872,2024-08-28 05:47:00+00:00,2706.55,2706.5,0.001847,True,session
GRASIM,6933,2024-08-28 06:48:00+00:00,2717.95,2718.0,0.00184,True,session
GRASIM,6994,2024-08-28 07:49:00+00:00,2704.35,2703.05,0.048071,True,session
GRASIM,7055,2024-08-28 08:50:00+00:00,2716.25,2716.25,0.0,True,session
GRASIM,7116,2024-08-28 09:51:00+00:00,2713.75,2713.65,0.003685,True,session
GRASIM,7153,2024-08-29 04:13:00+00:00,2688.4,2689.85,0.053935,True,session
GRASIM,7214,2024-08-29 05:14:00+00:00,2686.55,2686.55,0.0,True,session
GRASIM,7275,2024-08-29 06:15:00+00:00,2670.0,2670.0,0.0,True,session
GRASIM,7336,2024-08-29 07:16:00+00:00,2670.5,2670.5,0.0,True,session
GRASIM,7397,2024-08-29 08:17:00+00:00,2668.35,2668.35,0.0,True,session
GRASIM,7458,2024-08-29 09:18:00+00:00,2647.9,2648.45,0.020771,True,session
GRASIM,7466,2024-08-29 09:26:00+00:00,2665.75,2666.15,0.015005,True,session
GRASIM,7471,2024-08-29 09:31:00+00:00,2678.1,2679.05,0.035473,True,session
GRASIM,7527,2024-08-30 04:12:00+00:00,2688.45,2687.3,0.042776,True,session
GRASIM,7588,2024-08-30 05:13:00+00:00,2691.35,2691.35,0.0,True,session
GRASIM,7649,2024-08-30 06:14:00+00:00,2694.0,2694.0,0.0,True,session
GRASIM,7710,2024-08-30 07:15:00+00:00,2702.45,2702.25,0.007401,True,session
GRASIM,7867,2024-08-30 09:52:00+00:00,2691.8,2691.8,0.0,True,session
HCLTECH,5,2024-08-01 03:50:00+00:00,1639.7,1638.85,0.051839,True,session
HCLTECH,68,2024-08-01 04:53:00+00:00,1654.3,1653.75,0.033247,True,session
HCLTECH,132,2024-08-01 05:57:00+00:00,1650.5,1650.35,0.009088,True,session
HCLTECH,193,2024-08-01 06:58:00+00:00,1646.25,1646.3,0.003037,True,session
HCLTECH,254,2024-08-01 07:59:00+00:00,1641.1,1641.1,0.0,True,session
HCLTECH,315,2024-08-01 09:00:00+00:00,1639.35,1639.85,0.0305,True,session
HCLTECH,376,2024-08-02 03:46:00+00:00,1629.8,1629.2,0.036814,True,session
HCLTECH,398,2024-08-02 04:08:00+00:00,1615.05,1615.55,0.030959,True,session
HCLTECH,459,2024-08-02 05:09:00+00:00,1619.25,1619.25,0.0,True,session
HCLTECH,500,2024-08-02 05:50:00+00:00,1626.7,1626.7,0.0,True,session
HCLTECH,561,2024-08-02 06:51:00+00:00,1620.75,1620.1,0.040105,True,session
HCLTECH,622,2024-08-02 07:52:00+00:00,1617.15,1617.2,0.003092,True,session
HCLTECH,683,2024-08-02 08:53:00+00:00,1614.25,1614.25,0.0,True,session
HCLTECH,744,2024-08-02 09:54:00+00:00,1607.5,1607.5,0.0,True,session
HCLTECH,751,2024-08-05 03:46:00+00:00,1587.65,1587.55,0.006299,True,session
HCLTECH,812,2024-08-05 04:47:00+00:00,1584.5,1584.5,0.0,True,session
HCLTECH,857,2024-08-05 05:32:00+00:00,1568.05,1569.0,0.060585,True,session
HCLTECH,873,2024-08-05 05:48:00+00:00,1549.45,1549.45,0.0,True,session
HCLTECH,934,2024-08-05 06:49:00+00:00,1555.5,1555.5,0.0,True,session
HCLTECH,995,2024-08-05 07:50:00+00:00,1559.15,1559.45,0.019241,True,session
HCLTECH,1056,2024-08-05 08:51:00+00:00,1569.95,1569.95,0.0,True,session
HCLTECH,1117,2024-08-05 09:52:00+00:00,1562.35,1562.3,0.0032,True,session
HCLTECH,1126,2024-08-06 03:46:00+00:00,1575.05,1576.35,0.082537,True,session
HCLTECH,1130,2024-08-06 03:50:00+00:00,1585.05,1584.75,0.018927,True,session
HCLTECH,1142,2024-08-06 04:02:00+00:00,1596.05,1595.8,0.015664,True,session
HCLTECH,1227,2024-08-06 05:27:00+00:00,1601.6,1601.6,0.0,True,session
HCLTECH,1249,2024-08-06 05:49:00+00:00,1593.55,1593.55,0.0,True,session
HCLTECH,1310,2024-08-06 06:50:00+00:00,1600.0,1599.95,0.003125,True,session
HCLTECH,1330,2024-08-06 07:10:00+00:00,1591.5,1591.5,0.0,True,session
HCLTECH,1391,2024-08-06 08:11:00+00:00,1587.25,1587.25,0.0,True,session
HCLTECH,1452,2024-08-06 09:12:00+00:00,1585.45,1585.2,0.015768,True,session
HCLTECH,1503,2024-08-07 03:48:00+00:00,1612.8,1613.0,0.012401,True,session
HCLTECH,1527,2024-08-07 04:12:00+00:00,1602.35,1602.5,0.009361,True,session
HCLTECH,1598,2024-08-07 05:23:00+00:00,1606.05,1606.05,0.0,True,session
HCLTECH,1659,2024-08-07 06:24:00+00:00,1601.35,1601.35,0.0,True,session
HCLTECH,1720,2024-08-07 07:25:00+00:00,1595.9,1595.95,0.003133,True,session
HCLTECH,1781,2024-08-07 08:26:00+00:00,1595.4,1595.25,0.009402,True,session
HCLTECH,1842,2024-08-07 09:27:00+00:00,1596.55,1596.55,0.0,True,session
HCLTECH,1903,2024-08-08 04:13:00+00:00,1593.95,1594.0,0.003137,True,session
HCLTECH,1964,2024-08-08 05:14:00+00:00,1588.9,1588.9,0.0,True,session
HCLTECH,2025,2024-08-08 06:15:00+00:00,1588.75,1588.75,0.0,True,session
HCLTECH,2055,2024-08-08 06:45:00+00:00,1599.0,1599.4,0.025016,True,session
HCLTECH,2097,2024-08-08 07:27:00+00:00,1583.75,1584.1,0.022099,True,session
HCLTECH,2109,2024-08-08 07:39:00+00:00,1569.35,1569.75,0.025488,True,session
HCLTECH,2170,2024-08-08 08:40:00+00:00,1564.55,1564.6,0.003196,True,session
HCLTECH,2231,2024-08-08 09:41:00+00:00,1558.3,1558.35,0.003209,True,session
HCLTECH,2251,2024-08-09 03:46:00+00:00,1586.25,1586.1,0.009456,True,session
HCLTECH,2276,2024-08-09 04:11:00+00:00,1593.6,1593.6,0.0,True,session
HCLTECH,2337,2024-08-09 05:12:00+00:00,1594.0,1594.0,0.0,True,session
HCLTECH,2398,2024-08-09 06:13:00+00:00,1598.5,1598.6,0.006256,True,session
HCLTECH,2463,2024-08-09 07:18:00+00:00,1598.95,1598.95,0.0,True,session
HCLTECH,2524,2024-08-09 08:19:00+00:00,1596.65,1596.65,0.0,True,session
HCLTECH,2571,2024-08-09 09:06:00+00:00,1589.2,1589.2,0.0,True,session
HCLTECH,2632,2024-08-12 03:52:00+00:00,1580.7,1581.25,0.034795,True,session
HCLTECH,2693,2024-08-12 04:53:00+00:00,1580.0,1579.35,0.041139,True,session
HCLTECH,2735,2024-08-12 05:35:00+00:00,1588.0,1588.0,0.0,True,session
HCLTECH,2749,2024-08-12 05:49:00+00:00,1596.6,1596.6,0.0,True,session
HCLTECH,2837,2024-08-12 07:17:00+00:00,1597.9,1597.9,0.0,True,session
HCLTECH,2898,2024-08-12 08:18:00+00:00,1598.6,1598.6,0.0,True,session
HCLTECH,2949,2024-08-12 09:09:00+00:00,1590.35,1590.35,0.0,True,session
HCLTECH,3010,2024-08-13 03:55:00+00:00,1581.75,1581.75,0.0,True,session
HCLTECH,3018,2024-08-13 04:03:00+00:00,1591.35,1591.4,0.003142,True,session
HCLTECH,3043,2024-08-13 04:28:00+00:00,1597.25,1597.8,0.034434,True,session
HCLTECH,3114,2024-08-13 05:39:00+00:00,1604.0,1604.0,0.0,True,session
HCLTECH,3171,2024-08-13 06:36:00+00:00,1594.0,1594.05,0.003137,True,session
HCLTECH,3232,2024-08-13 07:37:00+00:00,1592.55,1592.6,0.00314,True,session
HCLTECH,3293,2024-08-13 08:38:00+00:00,1582.0,1582.1,0.006321,True,session
HCLTECH,3340,2024-08-13 09:25:00+00:00,1591.45,1591.45,0.0,True,session
HCLTECH,3403,2024-08-14 04:13:00+00:00,1609.5,1610.2,0.043492,True,session
HCLTECH,3464,2024-08-14 05:14:00+00:00,1612.5,1612.5,0.0,True,session
HCLTECH,3525,2024-08-14 06:15:00+00:00,1616.5,1616.5,0.0,True,session
HCLTECH,3597,2024-08-14 07:27:00+00:00,1622.0,1622.0,0.0,True,session
HCLTECH,3663,2024-08-14 08:33:00+00:00,1622.2,1621.7,0.030822,True,session
HCLTECH,3724,2024-08-14 09:34:00+00:00,1623.4,1623.5,0.00616,True,session
HCLTECH,3751,2024-08-16 03:46:00+00:00,1646.8,1646.75,0.003036,True,session
HCLTECH,3812,2024-08-16 04:47:00+00:00,1644.55,1644.6,0.00304,True,session
HCLTECH,3885,2024-08-16 06:00:00+00:00,1654.4,1654.0,0.024178,True,session
HCLTECH,3957,2024-08-16 07:12:00+00:00,1663.35,1663.85,0.03006,True,session
HCLTECH,4018,2024-08-16 08:13:00+00:00,1659.85,1659.85,0.0,True,session
HCLTECH,4085,2024-08-16 09:20:00+00:00,1670.95,1670.35,0.035908,True,session
HCLTECH,4126,2024-08-19 03:46:00+00:00,1669.25,1668.0,0.074884,True,session
HCLTECH,4198,2024-08-19 04:58:00+00:00,1666.85,1666.85,0.0,True,session
HCLTECH,4245,2024-08-19 05:45:00+00:00,1675.7,1675.7,0.0,True,session
HCLTECH,4306,2024-08-19 06:46:00+00:00,1674.6,1674.6,0.0,True,session
HCLTECH,4406,2024-08-19 08:26:00+00:00,1679.3,1679.3,0.0,True,session
HCLTECH,4467,2024-08-19 09:27:00+00:00,1682.5,1682.3,0.011887,True,session
HCLTECH,4507,2024-08-20 03:52:00+00:00,1672.45,1672.95,0.029896,True,session
HCLTECH,4632,2024-08-20 05:57:00+00:00,1677.85,1677.85,0.0,True,session
HCLTECH,4693,2024-08-20 06:58:00+00:00,1676.6,1676.6,0.0,True,session
HCLTECH,4754,2024-08-20 07:59:00+00:00,1676.65,1676.65,0.0,True,session
HCLTECH,4815,2024-08-20 09:00:00+00:00,1676.2,1676.15,0.002983,True,session
HCLTECH,4871,2024-08-20 09:56:00+00:00,1690.1,1690.1,0.0,True,session
HCLTECH,4885,2024-08-21 03:55:00+00:00,1681.5,1681.5,0.0,True,session
HCLTECH,4946,2024-08-21 04:56:00+00:00,1683.7,1684.0,0.017818,True,session
HCLTECH,5007,2024-08-21 05:57:00+00:00,1679.05,1679.05,0.0,True,session
HCLTECH,5068,2024-08-21 06:58:00+00:00,1676.5,1676.5,0.0,True,session
HCLTECH,5129,2024-08-21 07:59:00+00:00,1675.95,1675.95,0.0,True,session
HCLTECH,5190,2024-08-21 09:00:00+00:00,1676.7,1676.7,0.0,True,session
HCLTECH,5251,2024-08-22 03:46:00+00:00,1679.15,1679.05,0.005955,True,session
HCLTECH,5312,2024-08-22 04:47:00+00:00,1682.8,1683.0,0.011885,True,session
HCLTECH,5373,2024-08-22 05:48:00+00:00,1679.0,1679.0,0.0,True,session
HCLTECH,5434,2024-08-22 06:49:00+00:00,1684.9,1684.9,0.0,True,session
HCLTECH,5495,2024-08-22 07:50:00+00:00,1678.5,1678.3,0.011915,True,session
HCLTECH,5556,2024-08-22 08:51:00+00:00,1677.35,1677.35,0.0,True,session
HCLTECH,5617,2024-08-22 09:52:00+00:00,1675.3,1675.3,0.0,True,session
HCLTECH,5626,2024-08-23 03:46:00+00:00,1683.25,1683.7,0.026734,True,session
HCLTECH,5687,2024-08-23 04:47:00+00:00,1670.35,1670.35,0.0,True,session
HCLTECH,5748,2024-08-23 05:48:00+00:00,1673.6,1673.6,0.0,True,session
HCLTECH,5809,2024-08-23 06:49:00+00:00,1669.15,1669.0,0.008987,True,session
HCLTECH,5870,2024-08-23 07:50:00+00:00,1667.1,1666.6,0.029992,True,session
HCLTECH,5931,2024-08-23 08:51:00+00:00,1664.65,1664.6,0.003004,True,session
HCLTECH,5992,2024-08-23 09:52:00+00:00,1661.25,1660.85,0.024078,True,session
HCLTECH,6001,2024-08-26 03:46:00+00:00,1671.0,1671.0,0.0,True,session
HCLTECH,6008,2024-08-26 03:53:00+00:00,1677.55,1677.55,0.0,True,session
HCLTECH,6121,2024-08-26 05:46:00+00:00,1678.7,1678.7,0.0,True,session
HCLTECH,6182,2024-08-26 06:47:00+00:00,1686.7,1686.7,0.0,True,session
HCLTECH,6232,2024-08-26 07:37:00+00:00,1701.35,1701.35,0.0,True,session
HCLTECH,6293,2024-08-26 08:38:00+00:00,1705.45,1704.95,0.029318,True,session
HCLTECH,6354,2024-08-26 09:39:00+00:00,1711.3,1711.3,0.0,True,session
HCLTECH,6372,2024-08-26 09:57:00+00:00,1728.45,1728.45,0.0,True,session
HCLTECH,6381,2024-08-27 03:51:00+00:00,1746.6,1745.7,0.051529,True,session
HCLTECH,6393,2024-08-27 04:03:00+00:00,1736.6,1736.6,0.0,True,session
HCLTECH,6449,2024-08-27 04:59:00+00:00,1724.3,1724.4,0.005799,True,session
HCLTECH,6499,2024-08-27 05:49:00+00:00,1707.7,1707.7,0.0,True,session
HCLTECH,6560,2024-08-27 06:50:00+00:00,1714.95,1715.0,0.002916,True,session
HCLTECH,6621,2024-08-27 07:51:00+00:00,1719.2,1719.2,0.0,True,session
HCLTECH,6682,2024-08-27 08:52:00+00:00,1718.6,1718.7,0.005819,True,session
HCLTECH,6743,2024-08-27 09:53:00+00:00,1707.65,1707.6,0.002928,True,session
HCLTECH,6751,2024-08-28 03:46:00+00:00,1714.85,1714.85,0.0,True,session
HCLTECH,6768,2024-08-28 04:03:00+00:00,1695.6,1695.65,0.002949,True,session
HCLTECH,6785,2024-08-28 04:20:00+00:00,1704.0,1704.95,0.055751,True,session
HCLTECH,6811,2024-08-28 04:46:00+00:00,1712.3,1712.3,0.0,True,session
HCLTECH,6820,2024-08-28 04:55:00+00:00,1719.25,1719.25,0.0,True,session
HCLTECH,6836,2024-08-28 05:11:00+00:00,1728.8,1727.85,0.054951,True,session
HCLTECH,6924,2024-08-28 06:39:00+00:00,1731.45,1731.45,0.0,True,session
HCLTECH,6985,2024-08-28 07:40:00+00:00,1733.5,1733.5,0.0,True,session
HCLTECH,7046,2024-08-28 08:41:00+00:00,1732.2,1732.2,0.0,True,session
HCLTECH,7107,2024-08-28 09:42:00+00:00,1718.7,1718.95,0.014546,True,session
HCLTECH,7126,2024-08-29 03:46:00+00:00,1713.25,1713.25,0.0,True,session
HCLTECH,7147,2024-08-29 04:07:00+00:00,1721.9,1721.35,0.031941,True,session
HCLTECH,7169,2024-08-29 04:29:00+00:00,1731.5,1731.1,0.023101,True,session
HCLTECH,7193,2024-08-29 04:53:00+00:00,1747.0,1747.0,0.0,True,session
HCLTECH,7282,2024-08-29 06:22:00+00:00,1738.15,1738.15,0.0,True,session
HCLTECH,7356,2024-08-29 07:36:00+00:00,1745.95,1745.95,0.0,True,session
HCLTECH,7418,2024-08-29 08:38:00+00:00,1736.5,1736.5,0.0,True,session
HCLTECH,7467,2024-08-29 09:27:00+00:00,1748.3,1748.3,0.0,True,session
HCLTECH,7512,2024-08-30 03:57:00+00:00,1765.0,1765.1,0.005666,True,session
HCLTECH,7544,2024-08-30 04:29:00+00:00,1750.0,1750.0,0.0,True,session
HCLTECH,7605,2024-08-30 05:30:00+00:00,1758.3,1758.4,0.005687,True,session
HCLTECH,7675,2024-08-30 06:40:00+00:00,1759.55,1760.5,0.053991,True,session
HCLTECH,7736,2024-08-30 07:41:00+00:00,1761.35,1761.35,0.0,True,session
HCLTECH,7793,2024-08-30 08:38:00+00:00,1754.9,1754.85,0.002849,True,session
HCLTECH,7854,2024-08-30 09:39:00+00:00,1752.0,1752.2,0.011416,True,session
HDFCBANK,15,2024-08-01 04:00:00+00:00,814.8,814.8,0.0,True,session
HDFCBANK,81,2024-08-01 05:06:00+00:00,815.0,815.0,0.0,True,session
HDFCBANK,142,2024-08-01 06:07:00+00:00,816.9,816.9,0.0,True,session
HDFCBANK,225,2024-08-01 07:30:00+00:00,816.7,816.7,0.0,True,session
HDFCBANK,329,2024-08-01 09:14:00+00:00,817.1,817.0,0.012238,True,session
HDFCBANK,372,2024-08-01 09:57:00+00:00,824.3,824.1,0.024263,True,session
HDFCBANK,376,2024-08-02 03:46:00+00:00,816.9,817.2,0.036724,True,session
HDFCBANK,387,2024-08-02 03:57:00+00:00,824.5,824.7,0.024257,True,session
HDFCBANK,469,2024-08-02 05:19:00+00:00,832.4,832.2,0.024027,True,session
HDFCBANK,530,2024-08-02 06:20:00+00:00,834.4,834.2,0.023969,True,session
HDFCBANK,591,2024-08-02 07:21:00+00:00,832.0,832.1,0.012019,True,session
HDFCBANK,752,2024-08-05 03:47:00+00:00,818.4,818.8,0.048876,True,session
HDFCBANK,813,2024-08-05 04:48:00+00:00,816.8,816.9,0.012243,True,session
HDFCBANK,854,2024-08-05 05:29:00+00:00,810.3,810.4,0.012341,True,session
HDFCBANK,870,2024-08-05 05:45:00+00:00,803.4,803.4,0.0,True,session
HDFCBANK,885,2024-08-05 06:00:00+00:00,807.4,807.5,0.012385,True,session
HDFCBANK,946,2024-08-05 07:01:00+00:00,805.4,805.5,0.012416,True,session
HDFCBANK,991,2024-08-05 07:46:00+00:00,809.8,809.7,0.012349,True,session
HDFCBANK,1052,2024-08-05 08:47:00+00:00,809.7,809.7,0.0,True,session
HDFCBANK,1113,2024-08-05 09:48:00+00:00,807.5,807.4,0.012384,True,session
HDFCBANK,1126,2024-08-06 03:46:00+00:00,814.4,814.4,0.0,True,session
HDFCBANK,1187,2024-08-06 04:47:00+00:00,810.4,810.4,0.0,True,session
HDFCBANK,1248,2024-08-06 05:48:00+00:00,807.3,807.3,0.0,True,session
HDFCBANK,1309,2024-08-06 06:49:00+00:00,807.0,807.0,0.0,True,session
HDFCBANK,1370,2024-08-06 07:50:00+00:00,805.6,805.6,0.0,True,session
HDFCBANK,1427,2024-08-06 08:47:00+00:00,798.1,798.1,0.0,True,session
HDFCBANK,1488,2024-08-06 09:48:00+00:00,801.6,801.6,0.0,True,session
HDFCBANK,1501,2024-08-07 03:46:00+00:00,807.6,807.6,0.0,True,session
HDFCBANK,1562,2024-08-07 04:47:00+00:00,802.8,802.8,0.0,True,session
HDFCBANK,1576,2024-08-07 05:01:00+00:00,808.4,808.1,0.03711,True,session
HDFCBANK,1604,2024-08-07 05:29:00+00:00,812.9,812.9,0.0,True,session
HDFCBANK,1665,2024-08-07 06:30:00+00:00,809.8,809.8,0.0,True,session
HDFCBANK,1812,2024-08-07 08:57:00+00:00,812.8,812.8,0.0,True,session
HDFCBANK,1873,2024-08-07 09:58:00+00:00,813.0,812.7,0.0369,True,session
HDFCBANK,1953,2024-08-08 05:03:00+00:00,814.4,814.4,0.0,True,session
HDFCBANK,2014,2024-08-08 06:04:00+00:00,820.6,820.6,0.0,True,session
HDFCBANK,2075,2024-08-08 07:05:00+00:00,824.2,824.2,0.0,True,session
HDFCBANK,2130,2024-08-08 08:00:00+00:00,819.8,819.9,0.012198,True,session
HDFCBANK,2276,2024-08-09 04:11:00+00:00,829.9,829.9,0.0,True,session
HDFCBANK,2340,2024-08-09 05:15:00+00:00,827.4,827.4,0.0,True,session
HDFCBANK,2416,2024-08-09 06:31:00+00:00,830.4,830.5,0.012042,True,session
HDFCBANK,2547,2024-08-09 08:42:00+00:00,828.2,828.2,0.0,True,session
HDFCBANK,2662,2024-08-12 04:22:00+00:00,824.8,824.8,0.0,True,session
HDFCBANK,2690,2024-08-12 04:50:00+00:00,831.3,831.3,0.0,True,session
HDFCBANK,2751,2024-08-12 05:51:00+00:00,837.6,837.6,0.0,True,session
HDFCBANK,2817,2024-08-12 06:57:00+00:00,833.5,833.5,0.0,True,session
HDFCBANK,2892,2024-08-12 08:12:00+00:00,836.8,836.9,0.01195,True,session
HDFCBANK,2942,2024-08-12 09:02:00+00:00,832.1,831.8,0.036053,True,session
HDFCBANK,3003,2024-08-13 03:48:00+00:00,810.7,810.7,0.0,True,session
HDFCBANK,3064,2024-08-13 04:49:00+00:00,808.6,808.6,0.0,True,session
HDFCBANK,3125,2024-08-13 05:50:00+00:00,804.4,804.4,0.0,True,session
HDFCBANK,3186,2024-08-13 06:51:00+00:00,806.2,806.2,0.0,True,session
HDFCBANK,3247,2024-08-13 07:52:00+00:00,807.4,807.4,0.0,True,session
HDFCBANK,3308,2024-08-13 08:53:00+00:00,804.2,804.2,0.0,True,session
HDFCBANK,3369,2024-08-13 09:54:00+00:00,802.2,802.2,0.0,True,session
HDFCBANK,3402,2024-08-14 04:12:00+00:00,806.5,806.4,0.012399,True,session
HDFCBANK,3463,2024-08-14 05:13:00+00:00,803.4,803.4,0.0,True,session
HDFCBANK,3524,2024-08-14 06:14:00+00:00,802.9,802.8,0.012455,True,session
HDFCBANK,3585,2024-08-14 07:15:00+00:00,805.6,805.6,0.0,True,session
HDFCBANK,3646,2024-08-14 08:16:00+00:00,804.3,804.3,0.0,True,session
HDFCBANK,3707,2024-08-14 09:17:00+00:00,803.2,803.0,0.0249,True,session
HDFCBANK,3751,2024-08-16 03:46:00+00:00,811.2,811.1,0.012327,True,session
HDFCBANK,3812,2024-08-16 04:47:00+00:00,808.7,808.6,0.012366,True,session
HDFCBANK,3873,2024-08-16 05:48:00+00:00,808.1,808.1,0.0,True,session
HDFCBANK,3919,2024-08-16 06:34:00+00:00,812.7,812.7,0.0,True,session
HDFCBANK,3980,2024-08-16 07:35:00+00:00,814.8,814.8,0.0,True,session
HDFCBANK,4100,2024-08-16 09:35:00+00:00,816.2,816.2,0.0,True,session
HDFCBANK,4164,2024-08-19 04:24:00+00:00,812.2,812.2,0.0,True,session
HDFCBANK,4225,2024-08-19 05:25:00+00:00,812.6,812.6,0.0,True,session
HDFCBANK,4355,2024-08-19 07:35:00+00:00,813.8,813.8,0.0,True,session
HDFCBANK,4478,2024-08-19 09:38:00+00:00,815.2,815.2,0.0,True,session
HDFCBANK,4539,2024-08-20 04:24:00+00:00,819.0,819.0,0.0,True,session
HDFCBANK,4600,2024-08-20 05:25:00+00:00,819.2,819.2,0.0,True,session
HDFCBANK,4661,2024-08-20 06:26:00+00:00,822.3,822.0,0.036483,True,session
HDFCBANK,4722,2024-08-20 07:27:00+00:00,822.2,822.2,0.0,True,session
HDFCBANK,4783,2024-08-20 08:28:00+00:00,821.0,821.2,0.024361,True,session
HDFCBANK,4844,2024-08-20 09:29:00+00:00,821.0,821.0,0.0,True,session
HDFCBANK,4876,2024-08-21 03:46:00+00:00,815.9,816.5,0.073538,True,session
HDFCBANK,4939,2024-08-21 04:49:00+00:00,813.9,814.2,0.03686,True,session
HDFCBANK,5000,2024-08-21 05:50:00+00:00,811.0,811.0,0.0,True,session
HDFCBANK,5061,2024-08-21 06:51:00+00:00,811.1,811.1,0.0,True,session
HDFCBANK,5122,2024-08-21 07:52:00+00:00,809.5,809.5,0.0,True,session
HDFCBANK,5183,2024-08-21 08:53:00+00:00,811.0,811.0,0.0,True,session
HDFCBANK,5244,2024-08-21 09:54:00+00:00,814.0,814.0,0.0,True,session
HDFCBANK,5323,2024-08-22 04:58:00+00:00,817.2,817.1,0.012237,True,session
HDFCBANK,5501,2024-08-22 07:56:00+00:00,817.6,817.6,0.0,True,session
HDFCBANK,5632,2024-08-23 03:52:00+00:00,813.7,813.7,0.0,True,session
HDFCBANK,5693,2024-08-23 04:53:00+00:00,813.7,813.8,0.01229,True,session
HDFCBANK,5754,2024-08-23 05:54:00+00:00,814.8,814.8,0.0,True,session
HDFCBANK,5937,2024-08-23 08:57:00+00:00,813.7,813.5,0.024579,True,session
HDFCBANK,5998,2024-08-23 09:58:00+00:00,813.0,813.1,0.0123,True,session
HDFCBANK,6016,2024-08-26 04:01:00+00:00,820.2,820.2,0.0,True,session
HDFCBANK,6077,2024-08-26 05:02:00+00:00,822.5,822.5,0.0,True,session
HDFCBANK,6138,2024-08-26 06:03:00+00:00,821.7,821.7,0.0,True,session
HDFCBANK,6199,2024-08-26 07:04:00+00:00,821.2,821.0,0.024355,True,session
HDFCBANK,6260,2024-08-26 08:05:00+00:00,822.7,822.8,0.012155,True,session
HDFCBANK,6321,2024-08-26 09:06:00+00:00,821.4,821.3,0.012174,True,session
HDFCBANK,6382,2024-08-27 03:52:00+00:00,818.9,818.7,0.024423,True,session
HDFCBANK,6443,2024-08-27 04:53:00+00:00,819.6,819.6,0.0,True,session
HDFCBANK,6504,2024-08-27 05:54:00+00:00,821.3,821.3,0.0,True,session
HDFCBANK,6573,2024-08-27 07:03:00+00:00,820.8,820.5,0.03655,True,session
HDFCBANK,6637,2024-08-27 08:07:00+00:00,819.6,819.7,0.012201,True,session
HDFCBANK,6750,2024-08-28 03:45:00+00:00,817.4,818.9,0.183509,True,session
HDFCBANK,6811,2024-08-28 04:46:00+00:00,816.8,816.8,0.0,True,session
HDFCBANK,7131,2024-08-29 03:51:00+00:00,820.6,820.6,0.0,True,session
HDFCBANK,7195,2024-08-29 04:55:00+00:00,816.9,816.9,0.0,True,session
HDFCBANK,7256,2024-08-29 05:56:00+00:00,817.1,817.0,0.012238,True,session
HDFCBANK,7358,2024-08-29 07:38:00+00:00,819.4,819.4,0.0,True,session
HDFCBANK,7464,2024-08-29 09:24:00+00:00,818.5,818.5,0.0,True,session
HDFCBANK,7501,2024-08-30 03:46:00+00:00,829.0,829.3,0.036188,True,session
HDFCBANK,7525,2024-08-30 04:10:00+00:00,824.9,824.9,0.0,True,session
HDFCBANK,7588,2024-08-30 05:13:00+00:00,822.0,822.0,0.0,True,session
HDFCBANK,7649,2024-08-30 06:14:00+00:00,820.0,820.1,0.012195,True,session
HDFCBANK,7710,2024-08-30 07:15:00+00:00,821.0,821.0,0.0,True,session
HDFCBANK,7771,2024-08-30 08:16:00+00:00,824.0,824.0,0.0,True,session
HDFCBANK,7832,2024-08-30 09:17:00+00:00,820.8,820.7,0.012183,True,session
HDFCBANK,7873,2024-08-30 09:58:00+00:00,813.5,813.5,0.0,True,session
HDFCLIFE,2,2024-08-01 03:47:00+00:00,712.6,712.75,0.02105,True,session
HDFCLIFE,46,2024-08-01 04:31:00+00:00,718.3,718.3,0.0,True,session
HDFCLIFE,98,2024-08-01 05:23:00+00:00,719.25,719.25,0.0,True,session
HDFCLIFE,159,2024-08-01 06:24:00+00:00,717.15,717.05,0.013944,True,session
HDFCLIFE,220,2024-08-01 07:25:00+00:00,715.25,715.25,0.0,True,session
HDFCLIFE,281,2024-08-01 08:26:00+00:00,716.95,716.95,0.0,True,session
HDFCLIFE,342,2024-08-01 09:27:00+00:00,713.3,713.25,0.00701,True,session
HDFCLIFE,376,2024-08-02 03:46:00+00:00,708.35,708.8,0.063528,True,session
HDFCLIFE,397,2024-08-02 04:07:00+00:00,700.9,700.75,0.021401,True,session
HDFCLIFE,429,2024-08-02 04:39:00+00:00,704.6,704.6,0.0,True,session
HDFCLIFE,478,2024-08-02 05:28:00+00:00,708.9,708.9,0.0,True,session
HDFCLIFE,539,2024-08-02 06:29:00+00:00,712.75,712.4,0.049106,True,session
HDFCLIFE,600,2024-08-02 07:30:00+00:00,708.0,707.95,0.007062,True,session
HDFCLIFE,661,2024-08-02 08:31:00+00:00,708.2,708.25,0.00706,True,session
HDFCLIFE,722,2024-08-02 09:32:00+00:00,706.7,706.7,0.0,True,session
HDFCLIFE,751,2024-08-05 03:46:00+00:00,700.05,699.85,0.028569,True,session
HDFCLIFE,760,2024-08-05 03:55:00+00:00,692.3,691.7,0.086668,True,session
HDFCLIFE,783,2024-08-05 04:18:00+00:00,695.6,695.35,0.03594,True,session
HDFCLIFE,825,2024-08-05 05:00:00+00:00,702.0,702.1,0.014245,True,session
HDFCLIFE,886,2024-08-05 06:01:00+00:00,699.6,699.6,0.0,True,session
HDFCLIFE,922,2024-08-05 06:37:00+00:00,704.35,704.45,0.014197,True,session
HDFCLIFE,983,2024-08-05 07:38:00+00:00,701.1,701.05,0.007132,True,session
HDFCLIFE,1024,2024-08-05 08:19:00+00:00,707.5,707.8,0.042403,True,session
HDFCLIFE,1079,2024-08-05 09:14:00+00:00,713.0,713.0,0.0,True,session
HDFCLIFE,1147,2024-08-06 04:07:00+00:00,704.5,704.4,0.014194,True,session
HDFCLIFE,1151,2024-08-06 04:11:00+00:00,707.65,707.65,0.0,True,session
HDFCLIFE,1200,2024-08-06 05:00:00+00:00,701.6,701.25,0.049886,True,session
HDFCLIFE,1261,2024-08-06 06:01:00+00:00,699.3,699.3,0.0,True,session
HDFCLIFE,1322,2024-08-06 07:02:00+00:00,699.8,699.8,0.0,True,session
HDFCLIFE,1383,2024-08-06 08:03:00+00:00,696.2,696.1,0.014364,True,session
HDFCLIFE,1422,2024-08-06 08:42:00+00:00,688.95,688.65,0.043545,True,session
HDFCLIFE,1471,2024-08-06 09:31:00+00:00,682.55,682.55,0.0,True,session
HDFCLIFE,1501,2024-08-07 03:46:00+00:00,685.75,685.4,0.051039,True,session
HDFCLIFE,1509,2024-08-07 03:54:00+00:00,690.0,690.05,0.007246,True,session
HDFCLIFE,1550,2024-08-07 04:35:00+00:00,694.6,694.6,0.0,True,session
HDFCLIFE,1611,2024-08-07 05:36:00+00:00,690.5,690.45,0.007241,True,session
HDFCLIFE,1672,2024-08-07 06:37:00+00:00,692.2,692.3,0.014447,True,session
HDFCLIFE,1733,2024-08-07 07:38:00+00:00,688.4,688.4,0.0,True,session
HDFCLIFE,1794,2024-08-07 08:39:00+00:00,690.9,690.65,0.036185,True,session
HDFCLIFE,1816,2024-08-07 09:01:00+00:00,695.95,696.25,0.043107,True,session
HDFCLIFE,1877,2024-08-08 03:47:00+00:00,692.5,692.6,0.01444,True,session
HDFCLIFE,1938,2024-08-08 04:48:00+00:00,692.45,692.45,0.0,True,session
HDFCLIFE,1949,2024-08-08 04:59:00+00:00,696.6,696.55,0.007178,True,session
HDFCLIFE,2010,2024-08-08 06:00:00+00:00,692.1,692.1,0.0,True,session
HDFCLIFE,2046,2024-08-08 06:36:00+00:00,698.0,698.0,0.0,True,session
HDFCLIFE,2051,2024-08-08 06:41:00+00:00,702.45,702.6,0.021354,True,session
HDFCLIFE,2090,2024-08-08 07:20:00+00:00,706.1,706.35,0.035406,True,session
HDFCLIFE,2136,2024-08-08 08:06:00+00:00,708.25,708.25,0.0,True,session
HDFCLIFE,2237,2024-08-08 09:47:00+00:00,709.2,709.35,0.021151,True,session
HDFCLIFE,2251,2024-08-09 03:46:00+00:00,707.3,707.3,0.0,True,session
HDFCLIFE,2266,2024-08-09 04:01:00+00:00,711.25,711.3,0.00703,True,session
HDFCLIFE,2327,2024-08-09 05:02:00+00:00,709.3,709.3,0.0,True,session
HDFCLIFE,2388,2024-08-09 06:03:00+00:00,707.55,707.55,0.0,True,session
HDFCLIFE,2449,2024-08-09 07:04:00+00:00,706.55,706.55,0.0,True,session
HDFCLIFE,2510,2024-08-09 08:05:00+00:00,705.05,705.05,0.0,True,session
HDFCLIFE,2571,2024-08-09 09:06:00+00:00,704.8,704.6,0.028377,True,session
HDFCLIFE,2626,2024-08-12 03:46:00+00:00,699.75,699.75,0.0,True,session
HDFCLIFE,2663,2024-08-12 04:23:00+00:00,693.45,693.3,0.021631,True,session
HDFCLIFE,2691,2024-08-12 04:51:00+00:00,696.8,696.8,0.0,True,session
HDFCLIFE,2709,2024-08-12 05:09:00+00:00,700.7,700.8,0.014271,True,session
HDFCLIFE,2747,2024-08-12 05:47:00+00:00,704.4,704.4,0.0,True,session
HDFCLIFE,2755,2024-08-12 05:55:00+00:00,707.5,707.5,0.0,True,session
HDFCLIFE,2767,2024-08-12 06:07:00+00:00,712.45,712.8,0.049126,True,session
HDFCLIFE,2805,2024-08-12 06:45:00+00:00,704.5,704.9,0.056778,True,session
HDFCLIFE,2866,2024-08-12 07:46:00+00:00,703.9,703.9,0.0,True,session
HDFCLIFE,2927,2024-08-12 08:47:00+00:00,705.25,705.45,0.028359,True,session
HDFCLIFE,2988,2024-08-12 09:48:00+00:00,702.95,703.0,0.007113,True,session
HDFCLIFE,3001,2024-08-13 03:46:00+00:00,705.2,705.1,0.01418,True,session
HDFCLIFE,3016,2024-08-13 04:01:00+00:00,697.55,697.5,0.007168,True,session
HDFCLIFE,3077,2024-08-13 05:02:00+00:00,691.05,690.9,0.021706,True,session
HDFCLIFE,3138,2024-08-13 06:03:00+00:00,692.85,692.55,0.043299,True,session
HDFCLIFE,3199,2024-08-13 07:04:00+00:00,686.85,686.75,0.014559,True,session
HDFCLIFE,3260,2024-08-13 08:05:00+00:00,684.05,684.05,0.0,True,session
HDFCLIFE,3321,2024-08-13 09:06:00+00:00,678.05,677.95,0.014748,True,session
HDFCLIFE,3335,2024-08-13 09:20:00+00:00,683.7,683.7,0.0,True,session
HDFCLIFE,3396,2024-08-14 04:06:00+00:00,679.95,679.85,0.014707,True,session
HDFCLIFE,3457,2024-08-14 05:07:00+00:00,684.05,684.05,0.0,True,session
HDFCLIFE,3518,2024-08-14 06:08:00+00:00,686.1,686.1,0.0,True,session
HDFCLIFE,3579,2024-08-14 07:09:00+00:00,688.0,688.0,0.0,True,session
HDFCLIFE,3640,2024-08-14 08:10:00+00:00,687.2,687.2,0.0,True,session
HDFCLIFE,3701,2024-08-14 09:11:00+00:00,687.8,687.8,0.0,True,session
HDFCLIFE,3751,2024-08-16 03:46:00+00:00,678.35,677.45,0.132675,True,session
HDFCLIFE,3812,2024-08-16 04:47:00+00:00,674.15,674.0,0.02225,True,session
HDFCLIFE,3873,2024-08-16 05:48:00+00:00,674.4,674.45,0.007414,True,session
HDFCLIFE,3887,2024-08-16 06:02:00+00:00,679.6,679.5,0.014715,True,session
HDFCLIFE,3921,2024-08-16 06:36:00+00:00,685.0,684.95,0.007299,True,session
HDFCLIFE,3982,2024-08-16 07:37:00+00:00,682.7,682.6,0.014648,True,session
HDFCLIFE,4043,2024-08-16 08:38:00+00:00,687.5,687.45,0.007273,True,session
HDFCLIFE,4104,2024-08-16 09:39:00+00:00,689.0,689.0,0.0,True,session
HDFCLIFE,4135,2024-08-19 03:55:00+00:00,681.5,681.45,0.007337,True,session
HDFCLIFE,4212,2024-08-19 05:12:00+00:00,683.9,683.9,0.0,True,session
HDFCLIFE,4273,2024-08-19 06:13:00+00:00,683.1,683.1,0.0,True,session
HDFCLIFE,4334,2024-08-19 07:14:00+00:00,683.95,683.85,0.014621,True,session
HDFCLIFE,4395,2024-08-19 08:15:00+00:00,684.2,684.1,0.014616,True,session
HDFCLIFE,4597,2024-08-20 05:22:00+00:00,699.1,699.2,0.014304,True,session
HDFCLIFE,4655,2024-08-20 06:20:00+00:00,705.55,705.5,0.007087,True,session
HDFCLIFE,4682,2024-08-20 06:47:00+00:00,701.6,701.85,0.035633,True,session
HDFCLIFE,4778,2024-08-20 08:23:00+00:00,707.2,707.2,0.0,True,session
HDFCLIFE,4839,2024-08-20 09:24:00+00:00,710.0,710.1,0.014085,True,session
HDFCLIFE,4879,2024-08-21 03:49:00+00:00,716.65,716.4,0.034885,True,session
HDFCLIFE,4884,2024-08-21 03:54:00+00:00,712.6,712.45,0.02105,True,session
HDFCLIFE,4907,2024-08-21 04:17:00+00:00,711.65,711.65,0.0,True,session
HDFCLIFE,4983,2024-08-21 05:33:00+00:00,714.95,715.0,0.006993,True,session
HDFCLIFE,5047,2024-08-21 06:37:00+00:00,721.9,722.0,0.013852,True,session
HDFCLIFE,5108,2024-08-21 07:38:00+00:00,726.45,726.4,0.006883,True,session
HDFCLIFE,5223,2024-08-21 09:33:00+00:00,725.05,725.05,0.0,True,session
HDFCLIFE,5262,2024-08-22 03:57:00+00:00,721.25,721.4,0.020797,True,session
HDFCLIFE,5326,2024-08-22 05:01:00+00:00,726.5,726.7,0.027529,True,session
HDFCLIFE,5387,2024-08-22 06:02:00+00:00,725.2,725.2,0.0,True,session
HDFCLIFE,5448,2024-08-22 07:03:00+00:00,725.5,725.65,0.020675,True,session
HDFCLIFE,5509,2024-08-22 08:04:00+00:00,723.6,723.65,0.00691,True,session
HDFCLIFE,5570,2024-08-22 09:05:00+00:00,726.4,726.3,0.013767,True,session
HDFCLIFE,5631,2024-08-23 03:51:00+00:00,728.4,728.5,0.013729,True,session
HDFCLIFE,5692,2024-08-23 04:52:00+00:00,724.3,724.3,0.0,True,session
HDFCLIFE,5774,2024-08-23 06:14:00+00:00,728.45,728.5,0.006864,True,session
HDFCLIFE,5988,2024-08-23 09:48:00+00:00,728.3,728.25,0.006865,True,session
HDFCLIFE,6001,2024-08-26 03:46:00+00:00,725.95,725.95,0.0,True,session
HDFCLIFE,6062,2024-08-26 04:47:00+00:00,727.9,728.0,0.013738,True,session
HDFCLIFE,6123,2024-08-26 05:48:00+00:00,727.8,727.8,0.0,True,session
HDFCLIFE,6184,2024-08-26 06:49:00+00:00,726.0,726.35,0.048209,True,session
HDFCLIFE,6245,2024-08-26 07:50:00+00:00,727.6,727.65,0.006872,True,session
HDFCLIFE,6306,2024-08-26 08:51:00+00:00,724.3,724.35,0.006903,True,session
HDFCLIFE,6367,2024-08-26 09:52:00+00:00,725.65,725.65,0.0,True,session
HDFCLIFE,6421,2024-08-27 04:31:00+00:00,728.85,728.6,0.034301,True,session
HDFCLIFE,6492,2024-08-27 05:42:00+00:00,732.9,732.6,0.040933,True,session
HDFCLIFE,6531,2024-08-27 06:21:00+00:00,735.9,735.85,0.006794,True,session
HDFCLIFE,6631,2024-08-27 08:01:00+00:00,736.45,736.45,0.0,True,session
HDFCLIFE,6670,2024-08-27 08:40:00+00:00,741.95,742.2,0.033695,True,session
HDFCLIFE,6701,2024-08-27 09:11:00+00:00,737.8,737.8,0.0,True,session
HDFCLIFE,6756,2024-08-28 03:51:00+00:00,739.6,739.55,0.00676,True,session
HDFCLIFE,6817,2024-08-28 04:52:00+00:00,738.35,738.7,0.047403,True,session
HDFCLIFE,6878,2024-08-28 05:53:00+00:00,740.0,740.0,0.0,True,session
HDFCLIFE,6939,2024-08-28 06:54:00+00:00,739.8,739.95,0.020276,True,session
HDFCLIFE,7045,2024-08-28 08:40:00+00:00,744.0,744.0,0.0,True,session
HDFCLIFE,7125,2024-08-29 03:45:00+00:00,740.0,740.0,0.0,True,session
HDFCLIFE,7316,2024-08-29 06:56:00+00:00,745.0,744.8,0.026846,True,session
HDFCLIFE,7377,2024-08-29 07:57:00+00:00,747.6,747.6,0.0,True,session
HDFCLIFE,7391,2024-08-29 08:11:00+00:00,743.0,742.95,0.006729,True,session
HDFCLIFE,7413,2024-08-29 08:33:00+00:00,735.55,735.55,0.0,True,session
HDFCLIFE,7465,2024-08-29 09:25:00+00:00,739.0,738.95,0.006766,True,session
HDFCLIFE,7526,2024-08-30 04:11:00+00:00,736.35,735.95,0.054322,True,session
HDFCLIFE,7587,2024-08-30 05:12:00+00:00,737.9,737.9,0.0,True,session
HDFCLIFE,7610,2024-08-30 05:35:00+00:00,741.7,741.65,0.006741,True,session
HDFCLIFE,7671,2024-08-30 06:36:00+00:00,739.95,739.95,0.0,True,session
HDFCLIFE,7732,2024-08-30 07:37:00+00:00,737.7,737.6,0.013556,True,session
HDFCLIFE,7793,2024-08-30 08:38:00+00:00,739.95,739.95,0.0,True,session
HDFCLIFE,7854,2024-08-30 09:39:00+00:00,737.6,737.6,0.0,True,session
HDFCLIFE,7874,2024-08-30 09:59:00+00:00,740.65,740.65,0.0,True,session
HINDALCO,6,2024-08-01 03:51:00+00:00,684.7,685.0,0.043815,True,session
HINDALCO,67,2024-08-01 04:52:00+00:00,681.0,680.8,0.029369,True,session
HINDALCO,128,2024-08-01 05:53:00+00:00,677.85,677.85,0.0,True,session
HINDALCO,189,2024-08-01 06:54:00+00:00,673.35,673.4,0.007426,True,session
HINDALCO,250,2024-08-01 07:55:00+00:00,670.9,671.05,0.022358,True,session
HINDALCO,311,2024-08-01 08:56:00+00:00,669.9,669.9,0.0,True,session
HINDALCO,354,2024-08-01 09:39:00+00:00,674.15,674.1,0.007417,True,session
HINDALCO,376,2024-08-02 03:46:00+00:00,658.8,659.0,0.030358,True,session
HINDALCO,437,2024-08-02 04:47:00+00:00,659.45,659.35,0.015164,True,session
HINDALCO,498,2024-08-02 05:48:00+00:00,655.15,655.15,0.0,True,session
HINDALCO,559,2024-08-02 06:49:00+00:00,656.6,656.55,0.007615,True,session
HINDALCO,620,2024-08-02 07:50:00+00:00,654.35,654.3,0.007641,True,session
HINDALCO,681,2024-08-02 08:51:00+00:00,653.6,653.7,0.0153,True,session
HINDALCO,742,2024-08-02 09:52:00+00:00,648.3,648.3,0.0,True,session
HINDALCO,751,2024-08-05 03:46:00+00:00,622.95,622.55,0.064211,True,session
HINDALCO,812,2024-08-05 04:47:00+00:00,625.75,625.75,0.0,True,session
HINDALCO,868,2024-08-05 05:43:00+00:00,614.9,614.85,0.008131,True,session
HINDALCO,929,2024-08-05 06:44:00+00:00,619.5,619.3,0.032284,True,session
HINDALCO,990,2024-08-05 07:45:00+00:00,617.55,617.75,0.032386,True,session
HINDALCO,1051,2024-08-05 08:46:00+00:00,616.45,616.4,0.008111,True,session
HINDALCO,1112,2024-08-05 09:47:00+00:00,613.95,613.95,0.0,True,session
HINDALCO,1126,2024-08-06 03:46:00+00:00,627.15,627.75,0.095671,True,session
HINDALCO,1187,2024-08-06 04:47:00+00:00,624.4,624.5,0.016015,True,session
HINDALCO,1248,2024-08-06 05:48:00+00:00,619.3,619.1,0.032295,True,session
HINDALCO,1309,2024-08-06 06:49:00+00:00,620.7,620.55,0.024166,True,session
HINDALCO,1370,2024-08-06 07:50:00+00:00,614.55,614.55,0.0,True,session
HINDALCO,1431,2024-08-06 08:51:00+00:00,611.4,611.45,0.008178,True,session
HINDALCO,1492,2024-08-06 09:52:00+00:00,610.25,610.85,0.09832,True,session
HINDALCO,1501,2024-08-07 03:46:00+00:00,620.0,620.7,0.112903,True,session
HINDALCO,1524,2024-08-07 04:09:00+00:00,626.3,626.25,0.007983,True,session
HINDALCO,1585,2024-08-07 05:10:00+00:00,627.8,627.95,0.023893,True,session
HINDALCO,1646,2024-08-07 06:11:00+00:00,622.9,622.7,0.032108,True,session
HINDALCO,1707,2024-08-07 07:12:00+00:00,622.5,622.5,0.0,True,session
HINDALCO,1768,2024-08-07 08:13:00+00:00,618.55,618.6,0.008083,True,session
HINDALCO,1829,2024-08-07 09:14:00+00:00,622.35,622.3,0.008034,True,session
HINDALCO,1877,2024-08-08 03:47:00+00:00,625.85,625.75,0.015978,True,session
HINDALCO,1921,2024-08-08 04:31:00+00:00,620.0,620.05,0.008065,True,session
HINDALCO,1982,2024-08-08 05:32:00+00:00,616.4,616.4,0.0,True,session
HINDALCO,2043,2024-08-08 06:33:00+00:00,615.5,615.4,0.016247,True,session
HINDALCO,2078,2024-08-08 07:08:00+00:00,619.3,619.4,0.016147,True,session
HINDALCO,2139,2024-08-08 08:09:00+00:00,615.95,615.95,0.0,True,session
HINDALCO,2200,2024-08-08 09:10:00+00:00,615.5,615.45,0.008123,True,session
HINDALCO,2251,2024-08-09 03:46:00+00:00,620.0,622.4,0.387097,True,session
HINDALCO,2312,2024-08-09 04:47:00+00:00,618.15,618.0,0.024266,True,session
HINDALCO,2373,2024-08-09 05:48:00+00:00,618.15,618.25,0.016177,True,session
HINDALCO,2428,2024-08-09 06:43:00+00:00,620.5,620.5,0.0,True,session
HINDALCO,2489,2024-08-09 07:44:00+00:00,616.45,616.75,0.048666,True,session
HINDALCO,2505,2024-08-09 08:00:00+00:00,619.5,619.5,0.0,True,session
HINDALCO,2545,2024-08-09 08:40:00+00:00,623.4,623.4,0.0,True,session
HINDALCO,2606,2024-08-09 09:41:00+00:00,621.55,621.4,0.024133,True,session
HINDALCO,2625,2024-08-12 03:45:00+00:00,622.75,619.0,0.602168,True,session
HINDALCO,2634,2024-08-12 03:54:00+00:00,626.45,626.15,0.047889,True,session
HINDALCO,2714,2024-08-12 05:14:00+00:00,628.65,628.65,0.0,True,session
HINDALCO,2828,2024-08-12 07:08:00+00:00,629.9,629.95,0.007938,True,session
HINDALCO,2889,2024-08-12 08:09:00+00:00,631.8,631.8,0.0,True,session
HINDALCO,2950,2024-08-12 09:10:00+00:00,631.9,631.9,0.0,True,session
HINDALCO,3005,2024-08-13 03:50:00+00:00,627.75,627.75,0.0,True,session
HINDALCO,3018,2024-08-13 04:03:00+00:00,628.7,628.7,0.0,True,session
HINDALCO,3058,2024-08-13 04:43:00+00:00,628.95,628.95,0.0,True,session
HINDALCO,3119,2024-08-13 05:44:00+00:00,626.85,626.9,0.007976,True,session
HINDALCO,3180,2024-08-13 06:45:00+00:00,629.25,629.25,0.0,True,session
HINDALCO,3241,2024-08-13 07:46:00+00:00,626.4,626.15,0.039911,True,session
HINDALCO,3292,2024-08-13 08:37:00+00:00,622.45,622.5,0.008033,True,session
HINDALCO,3304,2024-08-13 08:49:00+00:00,624.7,624.6,0.016008,True,session
HINDALCO,3306,2024-08-13 08:51:00+00:00,628.55,628.75,0.031819,True,session
HINDALCO,3342,2024-08-13 09:27:00+00:00,622.5,622.25,0.040161,True,session
HINDALCO,3376,2024-08-14 03:46:00+00:00,626.6,626.75,0.023939,True,session
HINDALCO,3401,2024-08-14 04:11:00+00:00,628.9,628.9,0.0,True,session
HINDALCO,3451,2024-08-14 05:01:00+00:00,623.65,623.85,0.032069,True,session
HINDALCO,3476,2024-08-14 05:26:00+00:00,617.15,617.05,0.016204,True,session
HINDALCO,3493,2024-08-14 05:43:00+00:00,621.25,621.25,0.0,True,session
HINDALCO,3513,2024-08-14 06:03:00+00:00,615.7,615.7,0.0,True,session
HINDALCO,3542,2024-08-14 06:32:00+00:00,618.15,618.05,0.016177,True,session
HINDALCO,3569,2024-08-14 06:59:00+00:00,620.8,620.8,0.0,True,session
HINDALCO,3630,2024-08-14 08:00:00+00:00,622.3,622.25,0.008035,True,session
HINDALCO,3642,2024-08-14 08:12:00+00:00,625.1,625.4,0.047992,True,session
HINDALCO,3703,2024-08-14 09:13:00+00:00,623.4,623.25,0.024062,True,session
HINDALCO,3751,2024-08-16 03:46:00+00:00,637.8,638.8,0.156789,True,session
HINDALCO,3814,2024-08-16 04:49:00+00:00,630.8,630.8,0.0,True,session
HINDALCO,3875,2024-08-16 05:50:00+00:00,631.6,631.6,0.0,True,session
HINDALCO,3950,2024-08-16 07:05:00+00:00,633.0,633.0,0.0,True,session
HINDALCO,4011,2024-08-16 08:06:00+00:00,633.25,633.2,0.007896,True,session
HINDALCO,4086,2024-08-16 09:21:00+00:00,635.45,635.45,0.0,True,session
HINDALCO,4126,2024-08-19 03:46:00+00:00,642.15,643.3,0.179086,True,session
HINDALCO,4161,2024-08-19 04:21:00+00:00,648.0,647.95,0.007716,True,session
HINDALCO,4180,2024-08-19 04:40:00+00:00,654.75,654.8,0.007637,True,session
HINDALCO,4192,2024-08-19 04:52:00+00:00,651.9,651.85,0.00767,True,session
HINDALCO,4276,2024-08-19 06:16:00+00:00,653.05,653.05,0.0,True,session
HINDALCO,4337,2024-08-19 07:17:00+00:00,654.05,654.25,0.030579,True,session
HINDALCO,4398,2024-08-19 08:18:00+00:00,656.55,656.45,0.015231,True,session
HINDALCO,4459,2024-08-19 09:19:00+00:00,659.15,659.2,0.007586,True,session
HINDALCO,4505,2024-08-20 03:50:00+00:00,665.35,665.1,0.037574,True,session
HINDALCO,4566,2024-08-20 04:51:00+00:00,664.6,664.4,0.030093,True,session
HINDALCO,4627,2024-08-20 05:52:00+00:00,665.75,665.65,0.015021,True,session
HINDALCO,4764,2024-08-20 08:09:00+00:00,671.85,671.85,0.0,True,session
HINDALCO,4836,2024-08-20 09:21:00+00:00,672.95,673.0,0.00743,True,session
HINDALCO,4876,2024-08-21 03:46:00+00:00,672.0,671.9,0.014881,True,session
HINDALCO,4884,2024-08-21 03:54:00+00:00,677.45,677.25,0.029522,True,session
HINDALCO,4971,2024-08-21 05:21:00+00:00,682.65,682.65,0.0,True,session
HINDALCO,5032,2024-08-21 06:22:00+00:00,684.3,684.35,0.007307,True,session
HINDALCO,5074,2024-08-21 07:04:00+00:00,690.5,690.5,0.0,True,session
HINDALCO,5121,2024-08-21 07:51:00+00:00,687.05,687.3,0.036387,True,session
HINDALCO,5194,2024-08-21 09:04:00+00:00,685.1,685.05,0.007298,True,session
HINDALCO,5256,2024-08-22 03:51:00+00:00,686.05,686.15,0.014576,True,session
HINDALCO,5317,2024-08-22 04:52:00+00:00,683.1,683.1,0.0,True,session
HINDALCO,5378,2024-08-22 05:53:00+00:00,683.2,683.2,0.0,True,session
HINDALCO,5439,2024-08-22 06:54:00+00:00,680.2,680.1,0.014702,True,session
HINDALCO,5500,2024-08-22 07:55:00+00:00,680.2,680.2,0.0,True,session
HINDALCO,5507,2024-08-22 08:02:00+00:00,683.25,683.3,0.007318,True,session
HINDALCO,5529,2024-08-22 08:24:00+00:00,686.55,686.55,0.0,True,session
HINDALCO,5592,2024-08-22 09:27:00+00:00,685.15,685.1,0.007298,True,session
HINDALCO,5647,2024-08-23 04:07:00+00:00,687.7,688.0,0.043624,True,session
HINDALCO,5705,2024-08-23 05:05:00+00:00,693.3,693.3,0.0,True,session
HINDALCO,5799,2024-08-23 06:39:00+00:00,688.8,688.9,0.014518,True,session
HINDALCO,5826,2024-08-23 07:06:00+00:00,682.35,682.1,0.036638,True,session
HINDALCO,5887,2024-08-23 08:07:00+00:00,679.0,679.0,0.0,True,session
HINDALCO,5897,2024-08-23 08:17:00+00:00,682.65,682.7,0.007324,True,session
HINDALCO,5958,2024-08-23 09:18:00+00:00,683.1,683.1,0.0,True,session
HINDALCO,6001,2024-08-26 03:46:00+00:00,692.1,692.1,0.0,True,session
HINDALCO,6012,2024-08-26 03:57:00+00:00,691.0,690.85,0.021708,True,session
HINDALCO,6061,2024-08-26 04:46:00+00:00,694.8,694.8,0.0,True,session
HINDALCO,6136,2024-08-26 06:01:00+00:00,700.0,700.0,0.0,True,session
HINDALCO,6197,2024-08-26 07:02:00+00:00,700.45,700.65,0.028553,True,session
HINDALCO,6252,2024-08-26 07:57:00+00:00,707.5,707.5,0.0,True,session
HINDALCO,6313,2024-08-26 08:58:00+00:00,711.5,711.5,0.0,True,session
HINDALCO,6374,2024-08-26 09:59:00+00:00,712.25,712.25,0.0,True,session
HINDALCO,6376,2024-08-27 03:46:00+00:00,707.7,707.35,0.049456,True,session
HINDALCO,6457,2024-08-27 05:07:00+00:00,709.6,709.6,0.0,True,session
HINDALCO,6518,2024-08-27 06:08:00+00:00,710.25,710.2,0.00704,True,session
HINDALCO,6590,2024-08-27 07:20:00+00:00,705.3,705.3,0.0,True,session
HINDALCO,6651,2024-08-27 08:21:00+00:00,706.05,706.05,0.0,True,session
HINDALCO,6712,2024-08-27 09:22:00+00:00,703.7,703.7,0.0,True,session
HINDALCO,6773,2024-08-28 04:08:00+00:00,703.3,703.35,0.007109,True,session
HINDALCO,6834,2024-08-28 05:09:00+00:00,701.95,701.95,0.0,True,session
HINDALCO,6874,2024-08-28 05:49:00+00:00,706.3,706.05,0.035396,True,session
HINDALCO,6935,2024-08-28 06:50:00+00:00,706.3,706.3,0.0,True,session
HINDALCO,7091,2024-08-28 09:26:00+00:00,704.0,704.0,0.0,True,session
HINDALCO,7126,2024-08-29 03:46:00+00:00,697.8,697.45,0.050158,True,session
HINDALCO,7187,2024-08-29 04:47:00+00:00,694.65,694.65,0.0,True,session
HINDALCO,7248,2024-08-29 05:48:00+00:00,694.85,694.85,0.0,True,session
HINDALCO,7309,2024-08-29 06:49:00+00:00,695.05,695.05,0.0,True,session
HINDALCO,7323,2024-08-29 07:03:00+00:00,698.55,698.75,0.028631,True,session
HINDALCO,7342,2024-08-29 07:22:00+00:00,702.1,702.15,0.007121,True,session
HINDALCO,7403,2024-08-29 08:23:00+00:00,697.65,697.65,0.0,True,session
HINDALCO,7464,2024-08-29 09:24:00+00:00,698.5,698.6,0.014316,True,session
HINDALCO,7525,2024-08-30 04:10:00+00:00,695.85,695.85,0.0,True,session
HINDALCO,7532,2024-08-30 04:17:00+00:00,700.05,700.05,0.0,True,session
HINDALCO,7593,2024-08-30 05:18:00+00:00,697.5,697.5,0.0,True,session
HINDALCO,7654,2024-08-30 06:19:00+00:00,698.4,698.5,0.014318,True,session
HINDALCO,7707,2024-08-30 07:12:00+00:00,701.95,701.95,0.0,True,session
HINDALCO,7731,2024-08-30 07:36:00+00:00,703.5,703.5,0.0,True,session
HINDALCO,7792,2024-08-30 08:37:00+00:00,702.0,702.0,0.0,True,session
HINDALCO,7853,2024-08-30 09:38:00+00:00,699.0,699.25,0.035765,True,session
HINDALCO,7861,2024-08-30 09:46:00+00:00,702.1,702.1,0.0,True,session
HINDUNILVR,37,2024-08-01 04:22:00+00:00,2709.9,2709.95,0.001845,True,session
HINDUNILVR,98,2024-08-01 05:23:00+00:00,2703.8,2704.8,0.036985,True,session
HINDUNILVR,159,2024-08-01 06:24:00+00:00,2700.05,2700.05,0.0,True,session
HINDUNILVR,220,2024-08-01 07:25:00+00:00,2704.8,2705.05,0.009243,True,session
HINDUNILVR,281,2024-08-01 08:26:00+00:00,2705.8,2705.8,0.0,True,session
HINDUNILVR,342,2024-08-01 09:27:00+00:00,2709.55,2710.0,0.016608,True,session
HINDUNILVR,376,2024-08-02 03:46:00+00:00,2716.25,2716.35,0.003682,True,session
HINDUNILVR,380,2024-08-02 03:50:00+00:00,2748.45,2750.0,0.056395,True,session
HINDUNILVR,406,2024-08-02 04:16:00+00:00,2735.6,2735.0,0.021933,True,session
HINDUNILVR,455,2024-08-02 05:05:00+00:00,2720.0,2720.0,0.0,True,session
HINDUNILVR,515,2024-08-02 06:05:00+00:00,2693.2,2693.2,0.0,True,session
HINDUNILVR,576,2024-08-02 07:06:00+00:00,2699.95,2699.95,0.0,True,session
HINDUNILVR,637,2024-08-02 08:07:00+00:00,2693.95,2693.95,0.0,True,session
HINDUNILVR,698,2024-08-02 09:08:00+00:00,2693.95,2693.95,0.0,True,session
HINDUNILVR,751,2024-08-05 03:46:00+00:00,2680.0,2680.0,0.0,True,session
HINDUNILVR,754,2024-08-05 03:49:00+00:00,2701.1,2699.1,0.074044,True,session
HINDUNILVR,775,2024-08-05 04:10:00+00:00,2715.2,2715.9,0.025781,True,session
HINDUNILVR,815,2024-08-05 04:50:00+00:00,2729.4,2729.4,0.0,True,session
HINDUNILVR,876,2024-08-05 05:51:00+00:00,2714.8,2713.85,0.034993,True,session
HINDUNILVR,937,2024-08-05 06:52:00+00:00,2722.0,2722.0,0.0,True,session
HINDUNILVR,998,2024-08-05 07:53:00+00:00,2701.2,2701.25,0.001851,True,session
HINDUNILVR,1012,2024-08-05 08:07:00+00:00,2713.85,2713.95,0.003685,True,session
HINDUNILVR,1073,2024-08-05 09:08:00+00:00,2722.65,2723.0,0.012855,True,session
HINDUNILVR,1134,2024-08-06 03:54:00+00:00,2734.0,2734.95,0.034748,True,session
HINDUNILVR,1180,2024-08-06 04:40:00+00:00,2746.25,2746.95,0.025489,True,session
HINDUNILVR,1261,2024-08-06 06:01:00+00:00,2768.0,2768.0,0.0,True,session
HINDUNILVR,1322,2024-08-06 07:02:00+00:00,2752.55,2752.8,0.009082,True,session
HINDUNILVR,1372,2024-08-06 07:52:00+00:00,2759.8,2759.8,0.0,True,session
HINDUNILVR,1433,2024-08-06 08:53:00+00:00,2751.5,2751.35,0.005452,True,session
HINDUNILVR,1494,2024-08-06 09:54:00+00:00,2750.65,2750.7,0.001818,True,session
HINDUNILVR,1501,2024-08-07 03:46:00+00:00,2771.0,2772.8,0.064958,True,session
HINDUNILVR,1585,2024-08-07 05:10:00+00:00,2777.65,2777.65,0.0,True,session
HINDUNILVR,1643,2024-08-07 06:08:00+00:00,2766.5,2766.95,0.016266,True,session
HINDUNILVR,1704,2024-08-07 07:09:00+00:00,2762.35,2762.35,0.0,True,session
HINDUNILVR,1765,2024-08-07 08:10:00+00:00,2748.95,2748.9,0.001819,True,session
HINDUNILVR,1826,2024-08-07 09:11:00+00:00,2750.95,2750.5,0.016358,True,session
HINDUNILVR,1887,2024-08-08 03:57:00+00:00,2750.0,2750.95,0.034545,True,session
HINDUNILVR,1948,2024-08-08 04:58:00+00:00,2751.1,2751.1,0.0,True,session
HINDUNILVR,2009,2024-08-08 05:59:00+00:00,2742.45,2742.5,0.001823,True,session
HINDUNILVR,2070,2024-08-08 07:00:00+00:00,2744.55,2744.55,0.0,True,session
HINDUNILVR,2131,2024-08-08 08:01:00+00:00,2726.55,2726.0,0.020172,True,session
HINDUNILVR,2172,2024-08-08 08:42:00+00:00,2741.8,2741.85,0.001824,True,session
HINDUNILVR,2233,2024-08-08 09:43:00+00:00,2734.0,2734.05,0.001829,True,session
HINDUNILVR,2251,2024-08-09 03:46:00+00:00,2746.25,2744.85,0.050979,True,session
HINDUNILVR,2312,2024-08-09 04:47:00+00:00,2732.75,2732.4,0.012808,True,session
HINDUNILVR,2373,2024-08-09 05:48:00+00:00,2732.05,2732.05,0.0,True,session
HINDUNILVR,2434,2024-08-09 06:49:00+00:00,2725.0,2725.0,0.0,True,session
HINDUNILVR,2495,2024-08-09 07:50:00+00:00,2735.0,2734.5,0.018282,True,session
HINDUNILVR,2556,2024-08-09 08:51:00+00:00,2734.8,2734.35,0.016455,True,session
HINDUNILVR,2606,2024-08-09 09:41:00+00:00,2748.9,2748.9,0.0,True,session
HINDUNILVR,2667,2024-08-12 04:27:00+00:00,2726.3,2726.3,0.0,True,session
HINDUNILVR,2728,2024-08-12 05:28:00+00:00,2731.0,2731.0,0.0,True,session
HINDUNILVR,2761,2024-08-12 06:01:00+00:00,2744.95,2743.65,0.04736,True,session
HINDUNILVR,2822,2024-08-12 07:02:00+00:00,2747.65,2747.8,0.005459,True,session
HINDUNILVR,2899,2024-08-12 08:19:00+00:00,2754.9,2754.9,0.0,True,session
HINDUNILVR,2960,2024-08-12 09:20:00+00:00,2751.9,2751.9,0.0,True,session
HINDUNILVR,3005,2024-08-13 03:50:00+00:00,2745.95,2745.8,0.005463,True,session
HINDUNILVR,3078,2024-08-13 05:03:00+00:00,2748.85,2749.9,0.038198,True,session
HINDUNILVR,3139,2024-08-13 06:04:00+00:00,2750.7,2750.7,0.0,True,session
HINDUNILVR,3200,2024-08-13 07:05:00+00:00,2748.95,2749.0,0.001819,True,session
HINDUNILVR,3261,2024-08-13 08:06:00+00:00,2743.45,2743.65,0.00729,True,session
HINDUNILVR,3322,2024-08-13 09:07:00+00:00,2739.5,2740.0,0.018252,True,session
HINDUNILVR,3383,2024-08-14 03:53:00+00:00,2723.65,2722.45,0.044059,True,session
HINDUNILVR,3444,2024-08-14 04:54:00+00:00,2718.5,2718.5,0.0,True,session
HINDUNILVR,3495,2024-08-14 05:45:00+00:00,2732.5,2732.5,0.0,True,session
HINDUNILVR,3556,2024-08-14 06:46:00+00:00,2731.6,2731.65,0.00183,True,session
HINDUNILVR,3617,2024-08-14 07:47:00+00:00,2729.7,2728.85,0.031139,True,session
HINDUNILVR,3678,2024-08-14 08:48:00+00:00,2727.1,2727.0,0.003667,True,session
HINDUNILVR,3739,2024-08-14 09:49:00+00:00,2722.5,2722.5,0.0,True,session
HINDUNILVR,3751,2024-08-16 03:46:00+00:00,2722.05,2723.5,0.053269,True,session
HINDUNILVR,3763,2024-08-16 03:58:00+00:00,2734.0,2734.0,0.0,True,session
HINDUNILVR,3824,2024-08-16 04:59:00+00:00,2716.9,2716.9,0.0,True,session
HINDUNILVR,3885,2024-08-16 06:00:00+00:00,2722.9,2723.05,0.005509,True,session
HINDUNILVR,3946,2024-08-16 07:01:00+00:00,2729.15,2729.15,0.0,True,session
HINDUNILVR,4007,2024-08-16 08:02:00+00:00,2732.45,2732.45,0.0,True,session
HINDUNILVR,4068,2024-08-16 09:03:00+00:00,2740.35,2740.35,0.0,True,session
HINDUNILVR,4129,2024-08-19 03:49:00+00:00,2743.75,2743.55,0.007289,True,session
HINDUNILVR,4201,2024-08-19 05:01:00+00:00,2746.2,2746.2,0.0,True,session
HINDUNILVR,4303,2024-08-19 06:43:00+00:00,2751.05,2751.05,0.0,True,session
HINDUNILVR,4364,2024-08-19 07:44:00+00:00,2751.6,2751.6,0.0,True,session
HINDUNILVR,4425,2024-08-19 08:45:00+00:00,2751.5,2751.3,0.007269,True,session
HINDUNILVR,4486,2024-08-19 09:46:00+00:00,2744.85,2744.85,0.0,True,session
HINDUNILVR,4547,2024-08-20 04:32:00+00:00,2749.85,2749.5,0.012728,True,session
HINDUNILVR,4608,2024-08-20 05:33:00+00:00,2742.55,2742.55,0.0,True,session
HINDUNILVR,4669,2024-08-20 06:34:00+00:00,2737.4,2737.4,0.0,True,session
HINDUNILVR,4730,2024-08-20 07:35:00+00:00,2739.2,2739.05,0.005476,True,session
HINDUNILVR,4791,2024-08-20 08:36:00+00:00,2737.1,2737.85,0.027401,True,session
HINDUNILVR,4852,2024-08-20 09:37:00+00:00,2751.05,2750.45,0.02181,True,session
HINDUNILVR,4914,2024-08-21 04:24:00+00:00,2766.35,2765.8,0.019882,True,session
HINDUNILVR,4975,2024-08-21 05:25:00+00:00,2765.0,2765.0,0.0,True,session
HINDUNILVR,5036,2024-08-21 06:26:00+00:00,2768.8,2768.8,0.0,True,session
HINDUNILVR,5097,2024-08-21 07:27:00+00:00,2768.05,2768.05,0.0,True,session
HINDUNILVR,5168,2024-08-21 08:38:00+00:00,2777.1,2777.15,0.0018,True,session
HINDUNILVR,5229,2024-08-21 09:39:00+00:00,2790.8,2790.8,0.0,True,session
HINDUNILVR,5290,2024-08-22 04:25:00+00:00,2787.9,2787.9,0.0,True,session
HINDUNILVR,5351,2024-08-22 05:26:00+00:00,2788.9,2788.85,0.001793,True,session
HINDUNILVR,5412,2024-08-22 06:27:00+00:00,2786.85,2786.85,0.0,True,session
HINDUNILVR,5473,2024-08-22 07:28:00+00:00,2785.95,2785.9,0.001795,True,session
HINDUNILVR,5534,2024-08-22 08:29:00+00:00,2788.7,2788.85,0.005379,True,session
HINDUNILVR,5595,2024-08-22 09:30:00+00:00,2792.3,2791.95,0.012534,True,session
HINDUNILVR,5656,2024-08-23 04:16:00+00:00,2794.45,2794.35,0.003579,True,session
HINDUNILVR,5670,2024-08-23 04:30:00+00:00,2779.5,2778.85,0.023386,True,session
HINDUNILVR,5782,2024-08-23 06:22:00+00:00,2804.0,2804.0,0.0,True,session
HINDUNILVR,5843,2024-08-23 07:23:00+00:00,2807.75,2807.85,0.003562,True,session
HINDUNILVR,5904,2024-08-23 08:24:00+00:00,2806.0,2806.0,0.0,True,session
HINDUNILVR,5965,2024-08-23 09:25:00+00:00,2817.0,2817.0,0.0,True,session
HINDUNILVR,6026,2024-08-26 04:11:00+00:00,2813.5,2813.5,0.0,True,session
HINDUNILVR,6087,2024-08-26 05:12:00+00:00,2825.5,2826.7,0.04247,True,session
HINDUNILVR,6148,2024-08-26 06:13:00+00:00,2820.65,2820.35,0.010636,True,session
HINDUNILVR,6238,2024-08-26 07:43:00+00:00,2825.85,2825.2,0.023002,True,session
HINDUNILVR,6299,2024-08-26 08:44:00+00:00,2827.05,2827.05,0.0,True,session
HINDUNILVR,6372,2024-08-26 09:57:00+00:00,2809.8,2809.95,0.005338,True,session
HINDUNILVR,6433,2024-08-27 04:43:00+00:00,2814.95,2814.95,0.0,True,session
HINDUNILVR,6494,2024-08-27 05:44:00+00:00,2799.7,2799.7,0.0,True,session
HINDUNILVR,6555,2024-08-27 06:45:00+00:00,2791.9,2791.85,0.001791,True,session
HINDUNILVR,6616,2024-08-27 07:46:00+00:00,2775.95,2775.9,0.001801,True,session
HINDUNILVR,6677,2024-08-27 08:47:00+00:00,2780.95,2780.9,0.001798,True,session
HINDUNILVR,6738,2024-08-27 09:48:00+00:00,2765.6,2765.85,0.00904,True,session
HINDUNILVR,6799,2024-08-28 04:34:00+00:00,2754.95,2754.3,0.023594,True,session
HINDUNILVR,6860,2024-08-28 05:35:00+00:00,2748.0,2748.0,0.0,True,session
HINDUNILVR,6921,2024-08-28 06:36:00+00:00,2756.05,2756.05,0.0,True,session
HINDUNILVR,6982,2024-08-28 07:37:00+00:00,2764.05,2764.45,0.014472,True,session
HINDUNILVR,7033,2024-08-28 08:28:00+00:00,2778.0,2778.0,0.0,True,session
HINDUNILVR,7094,2024-08-28 09:29:00+00:00,2768.65,2769.4,0.027089,True,session
HINDUNILVR,7155,2024-08-29 04:15:00+00:00,2778.45,2778.45,0.0,True,session
HINDUNILVR,7216,2024-08-29 05:16:00+00:00,2780.45,2780.45,0.0,True,session
HINDUNILVR,7277,2024-08-29 06:17:00+00:00,2787.5,2787.5,0.0,True,session
HINDUNILVR,7320,2024-08-29 07:00:00+00:00,2802.55,2802.65,0.003568,True,session
HINDUNILVR,7381,2024-08-29 08:01:00+00:00,2803.25,2803.25,0.0,True,session
HINDUNILVR,7416,2024-08-29 08:36:00+00:00,2778.6,2778.6,0.0,True,session
HINDUNILVR,7466,2024-08-29 09:26:00+00:00,2792.4,2793.2,0.028649,True,session
HINDUNILVR,7546,2024-08-30 04:31:00+00:00,2805.0,2804.2,0.02852,True,session
HINDUNILVR,7607,2024-08-30 05:32:00+00:00,2787.0,2787.0,0.0,True,session
HINDUNILVR,7668,2024-08-30 06:33:00+00:00,2788.25,2788.35,0.003586,True,session
HINDUNILVR,7729,2024-08-30 07:34:00+00:00,2779.85,2779.85,0.0,True,session
HINDUNILVR,7790,2024-08-30 08:35:00+00:00,2782.9,2782.9,0.0,True,session
HINDUNILVR,7851,2024-08-30 09:36:00+00:00,2785.95,2786.25,0.010768,True,session
ICICIBANK,93,2024-08-01 05:18:00+00:00,1215.95,1215.95,0.0,True,session
ICICIBANK,380,2024-08-02 03:50:00+00:00,1192.75,1193.1,0.029344,True,session
ICICIBANK,441,2024-08-02 04:51:00+00:00,1193.85,1193.95,0.008376,True,session
ICICIBANK,455,2024-08-02 05:05:00+00:00,1200.25,1200.05,0.016663,True,session
ICICIBANK,516,2024-08-02 06:06:00+00:00,1195.5,1195.5,0.0,True,session
ICICIBANK,577,2024-08-02 07:07:00+00:00,1194.1,1194.1,0.0,True,session
ICICIBANK,638,2024-08-02 08:08:00+00:00,1199.35,1199.2,0.012507,True,session
ICICIBANK,699,2024-08-02 09:09:00+00:00,1199.4,1199.4,0.0,True,session
ICICIBANK,751,2024-08-05 03:46:00+00:00,1186.15,1184.4,0.147536,True,session
ICICIBANK,802,2024-08-05 04:37:00+00:00,1175.1,1175.2,0.00851,True,session
ICICIBANK,863,2024-08-05 05:38:00+00:00,1170.2,1170.05,0.012818,True,session
ICICIBANK,924,2024-08-05 06:39:00+00:00,1171.1,1171.0,0.008539,True,session
ICICIBANK,985,2024-08-05 07:40:00+00:00,1170.35,1170.45,0.008544,True,session
ICICIBANK,991,2024-08-05 07:46:00+00:00,1176.35,1176.35,0.0,True,session
ICICIBANK,1052,2024-08-05 08:47:00+00:00,1172.75,1172.75,0.0,True,session
ICICIBANK,1113,2024-08-05 09:48:00+00:00,1175.0,1174.95,0.004255,True,session
ICICIBANK,1128,2024-08-06 03:48:00+00:00,1182.25,1181.8,0.038063,True,session
ICICIBANK,1189,2024-08-06 04:49:00+00:00,1172.45,1172.65,0.017058,True,session
ICICIBANK,1250,2024-08-06 05:50:00+00:00,1172.8,1172.75,0.004263,True,session
ICICIBANK,1311,2024-08-06 06:51:00+00:00,1169.25,1169.25,0.0,True,session
ICICIBANK,1372,2024-08-06 07:52:00+00:00,1169.4,1169.35,0.004276,True,session
ICICIBANK,1433,2024-08-06 08:53:00+00:00,1164.3,1164.3,0.0,True,session
ICICIBANK,1494,2024-08-06 09:54:00+00:00,1168.3,1168.3,0.0,True,session
ICICIBANK,1501,2024-08-07 03:46:00+00:00,1176.55,1176.55,0.0,True,session
ICICIBANK,1552,2024-08-07 04:37:00+00:00,1166.8,1167.0,0.017141,True,session
ICICIBANK,1584,2024-08-07 05:09:00+00:00,1172.25,1172.3,0.004265,True,session
ICICIBANK,1645,2024-08-07 06:10:00+00:00,1166.0,1166.0,0.0,True,session
ICICIBANK,1691,2024-08-07 06:56:00+00:00,1171.45,1171.5,0.004268,True,session
ICICIBANK,1752,2024-08-07 07:57:00+00:00,1165.7,1165.7,0.0,True,session
ICICIBANK,1804,2024-08-07 08:49:00+00:00,1171.55,1171.4,0.012804,True,session
ICICIBANK,1878,2024-08-08 03:48:00+00:00,1172.35,1172.35,0.0,True,session
ICICIBANK,1930,2024-08-08 04:40:00+00:00,1161.95,1161.95,0.0,True,session
ICICIBANK,1949,2024-08-08 04:59:00+00:00,1167.95,1168.05,0.008562,True,session
ICICIBANK,2010,2024-08-08 06:00:00+00:00,1167.75,1167.6,0.012845,True,session
ICICIBANK,2071,2024-08-08 07:01:00+00:00,1171.35,1171.35,0.0,True,session
ICICIBANK,2132,2024-08-08 08:02:00+00:00,1163.2,1163.4,0.017194,True,session
ICICIBANK,2193,2024-08-08 09:03:00+00:00,1166.65,1166.25,0.034286,True,session
ICICIBANK,2251,2024-08-09 03:46:00+00:00,1174.75,1174.95,0.017025,True,session
ICICIBANK,2402,2024-08-09 06:17:00+00:00,1174.2,1174.2,0.0,True,session
ICICIBANK,2463,2024-08-09 07:18:00+00:00,1177.4,1177.2,0.016987,True,session
ICICIBANK,2524,2024-08-09 08:19:00+00:00,1171.65,1171.65,0.0,True,session
ICICIBANK,2629,2024-08-12 03:49:00+00:00,1162.2,1162.0,0.017209,True,session
ICICIBANK,2690,2024-08-12 04:50:00+00:00,1162.25,1162.25,0.0,True,session
ICICIBANK,2728,2024-08-12 05:28:00+00:00,1168.4,1168.25,0.012838,True,session
ICICIBANK,2839,2024-08-12 07:19:00+00:00,1174.5,1174.5,0.0,True,session
ICICIBANK,2900,2024-08-12 08:20:00+00:00,1173.4,1173.4,0.0,True,session
ICICIBANK,2961,2024-08-12 09:21:00+00:00,1177.95,1177.95,0.0,True,session
ICICIBANK,2980,2024-08-12 09:40:00+00:00,1171.75,1171.6,0.012801,True,session
ICICIBANK,3001,2024-08-13 03:46:00+00:00,1183.8,1183.7,0.008447,True,session
ICICIBANK,3062,2024-08-13 04:47:00+00:00,1176.15,1175.75,0.034009,True,session
ICICIBANK,3123,2024-08-13 05:48:00+00:00,1175.1,1175.4,0.02553,True,session
ICICIBANK,3184,2024-08-13 06:49:00+00:00,1172.8,1172.95,0.01279,True,session
ICICIBANK,3245,2024-08-13 07:50:00+00:00,1168.15,1168.15,0.0,True,session
ICICIBANK,3306,2024-08-13 08:51:00+00:00,1165.8,1165.95,0.012867,True,session
ICICIBANK,3367,2024-08-13 09:52:00+00:00,1169.65,1170.15,0.042748,True,session
ICICIBANK,3376,2024-08-14 03:46:00+00:00,1159.45,1158.9,0.047436,True,session
ICICIBANK,3437,2024-08-14 04:47:00+00:00,1157.3,1157.3,0.0,True,session
ICICIBANK,3498,2024-08-14 05:48:00+00:00,1156.2,1156.55,0.030272,True,session
ICICIBANK,3559,2024-08-14 06:49:00+00:00,1157.45,1157.4,0.00432,True,session
ICICIBANK,3620,2024-08-14 07:50:00+00:00,1158.45,1158.45,0.0,True,session
ICICIBANK,3681,2024-08-14 08:51:00+00:00,1160.65,1160.65,0.0,True,session
ICICIBANK,3742,2024-08-14 09:52:00+00:00,1163.45,1163.25,0.01719,True,session
ICICIBANK,3751,2024-08-16 03:46:00+00:00,1173.3,1172.9,0.034092,True,session
ICICIBANK,3779,2024-08-16 04:14:00+00:00,1170.15,1170.25,0.008546,True,session
ICICIBANK,3840,2024-08-16 05:15:00+00:00,1168.6,1168.6,0.0,True,session
ICICIBANK,3890,2024-08-16 06:05:00+00:00,1180.2,1180.1,0.008473,True,session
ICICIBANK,3961,2024-08-16 07:16:00+00:00,1183.35,1183.35,0.0,True,session
ICICIBANK,4022,2024-08-16 08:17:00+00:00,1189.0,1188.95,0.004205,True,session
ICICIBANK,4083,2024-08-16 09:18:00+00:00,1188.2,1188.2,0.0,True,session
ICICIBANK,4144,2024-08-19 04:04:00+00:00,1189.65,1189.65,0.0,True,session
ICICIBANK,4163,2024-08-19 04:23:00+00:00,1183.55,1183.15,0.033797,True,session
ICICIBANK,4227,2024-08-19 05:27:00+00:00,1180.3,1180.3,0.0,True,session
ICICIBANK,4288,2024-08-19 06:28:00+00:00,1182.3,1182.3,0.0,True,session
ICICIBANK,4349,2024-08-19 07:29:00+00:00,1178.5,1178.55,0.004243,True,session
ICICIBANK,4410,2024-08-19 08:30:00+00:00,1175.65,1175.65,0.0,True,session
ICICIBANK,4471,2024-08-19 09:31:00+00:00,1173.7,1174.0,0.02556,True,session
ICICIBANK,4529,2024-08-20 04:14:00+00:00,1179.95,1179.95,0.0,True,session
ICICIBANK,4594,2024-08-20 05:19:00+00:00,1180.85,1180.9,0.004234,True,session
ICICIBANK,4668,2024-08-20 06:33:00+00:00,1186.5,1186.25,0.02107,True,session
ICICIBANK,4729,2024-08-20 07:34:00+00:00,1188.75,1188.75,0.0,True,session
ICICIBANK,4790,2024-08-20 08:35:00+00:00,1186.1,1186.1,0.0,True,session
ICICIBANK,4886,2024-08-21 03:56:00+00:00,1173.55,1174.2,0.055387,True,session
ICICIBANK,4947,2024-08-21 04:57:00+00:00,1172.75,1172.75,0.0,True,session
ICICIBANK,5008,2024-08-21 05:58:00+00:00,1173.5,1173.25,0.021304,True,session
ICICIBANK,5069,2024-08-21 06:59:00+00:00,1172.5,1172.6,0.008529,True,session
ICICIBANK,5130,2024-08-21 08:00:00+00:00,1168.7,1168.95,0.021391,True,session
ICICIBANK,5191,2024-08-21 09:01:00+00:00,1167.35,1167.35,0.0,True,session
ICICIBANK,5213,2024-08-21 09:23:00+00:00,1173.0,1173.1,0.008525,True,session
ICICIBANK,5330,2024-08-22 05:05:00+00:00,1183.9,1183.95,0.004223,True,session
ICICIBANK,5391,2024-08-22 06:06:00+00:00,1183.3,1183.3,0.0,True,session
ICICIBANK,5452,2024-08-22 07:07:00+00:00,1188.35,1188.35,0.0,True,session
ICICIBANK,5513,2024-08-22 08:08:00+00:00,1190.9,1190.9,0.0,True,session
ICICIBANK,5574,2024-08-22 09:09:00+00:00,1189.7,1189.8,0.008405,True,session
ICICIBANK,5635,2024-08-23 03:55:00+00:00,1192.35,1192.4,0.004193,True,session
ICICIBANK,5696,2024-08-23 04:56:00+00:00,1196.9,1197.0,0.008355,True,session
ICICIBANK,5757,2024-08-23 05:57:00+00:00,1199.05,1199.1,0.00417,True,session
ICICIBANK,5818,2024-08-23 06:58:00+00:00,1198.6,1198.6,0.0,True,session
ICICIBANK,5879,2024-08-23 07:59:00+00:00,1202.0,1202.0,0.0,True,session
ICICIBANK,5940,2024-08-23 09:00:00+00:00,1203.8,1204.3,0.041535,True,session
ICICIBANK,6001,2024-08-26 03:46:00+00:00,1203.65,1203.65,0.0,True,session
ICICIBANK,6062,2024-08-26 04:47:00+00:00,1211.65,1211.55,0.008253,True,session
ICICIBANK,6123,2024-08-26 05:48:00+00:00,1211.45,1211.7,0.020636,True,session
ICICIBANK,6185,2024-08-26 06:50:00+00:00,1211.05,1211.05,0.0,True,session
ICICIBANK,6246,2024-08-26 07:51:00+00:00,1207.95,1207.95,0.0,True,session
ICICIBANK,6337,2024-08-26 09:22:00+00:00,1212.05,1212.0,0.004125,True,session
ICICIBANK,6416,2024-08-27 04:26:00+00:00,1215.85,1215.75,0.008225,True,session
ICICIBANK,6477,2024-08-27 05:27:00+00:00,1218.9,1218.8,0.008204,True,session
ICICIBANK,6538,2024-08-27 06:28:00+00:00,1226.8,1226.95,0.012227,True,session
ICICIBANK,6599,2024-08-27 07:29:00+00:00,1230.5,1230.4,0.008127,True,session
ICICIBANK,6660,2024-08-27 08:30:00+00:00,1229.0,1229.25,0.020342,True,session
ICICIBANK,6721,2024-08-27 09:31:00+00:00,1225.95,1225.55,0.032628,True,session
ICICIBANK,6776,2024-08-28 04:11:00+00:00,1218.8,1218.8,0.0,True,session
ICICIBANK,6838,2024-08-28 05:13:00+00:00,1220.3,1220.3,0.0,True,session
ICICIBANK,6906,2024-08-28 06:21:00+00:00,1223.35,1223.35,0.0,True,session
ICICIBANK,6967,2024-08-28 07:22:00+00:00,1222.4,1222.4,0.0,True,session
ICICIBANK,7052,2024-08-28 08:47:00+00:00,1224.9,1224.9,0.0,True,session
ICICIBANK,7113,2024-08-28 09:48:00+00:00,1224.35,1224.35,0.0,True,session
ICICIBANK,7164,2024-08-29 04:24:00+00:00,1228.65,1228.65,0.0,True,session
ICICIBANK,7225,2024-08-29 05:25:00+00:00,1231.6,1231.5,0.00812,True,session
ICICIBANK,7286,2024-08-29 06:26:00+00:00,1230.35,1230.25,0.008128,True,session
ICICIBANK,7348,2024-08-29 07:28:00+00:00,1231.2,1231.0,0.016244,True,session
ICICIBANK,7421,2024-08-29 08:41:00+00:00,1221.15,1221.2,0.004095,True,session
ICICIBANK,7486,2024-08-29 09:46:00+00:00,1221.25,1221.15,0.008188,True,session
ICICIBANK,7580,2024-08-30 05:05:00+00:00,1224.7,1224.7,0.0,True,session
ICICIBANK,7641,2024-08-30 06:06:00+00:00,1225.8,1226.1,0.024474,True,session
ICICIBANK,7702,2024-08-30 07:07:00+00:00,1230.5,1230.5,0.0,True,session
ICICIBANK,7763,2024-08-30 08:08:00+00:00,1226.25,1226.25,0.0,True,session
ICICIBANK,7824,2024-08-30 09:09:00+00:00,1225.65,1225.65,0.0,True,session
INDIGO,2,2024-08-01 03:47:00+00:00,4442.1,4442.0,0.002251,True,session
INDIGO,63,2024-08-01 04:48:00+00:00,4431.0,4431.0,0.0,True,session
INDIGO,124,2024-08-01 05:49:00+00:00,4416.75,4417.55,0.018113,True,session
INDIGO,185,2024-08-01 06:50:00+00:00,4413.15,4413.15,0.0,True,session
INDIGO,246,2024-08-01 07:51:00+00:00,4404.45,4404.4,0.001135,True,session
INDIGO,307,2024-08-01 08:52:00+00:00,4400.5,4400.5,0.0,True,session
INDIGO,368,2024-08-01 09:53:00+00:00,4410.9,4410.9,0.0,True,session
INDIGO,376,2024-08-02 03:46:00+00:00,4358.45,4358.65,0.004589,True,session
INDIGO,437,2024-08-02 04:47:00+00:00,4376.2,4377.0,0.018281,True,session
INDIGO,475,2024-08-02 05:25:00+00:00,4405.0,4405.0,0.0,True,session
INDIGO,536,2024-08-02 06:26:00+00:00,4381.5,4380.25,0.028529,True,session
INDIGO,597,2024-08-02 07:27:00+00:00,4358.35,4358.35,0.0,True,session
INDIGO,658,2024-08-02 08:28:00+00:00,4372.5,4372.5,0.0,True,session
INDIGO,711,2024-08-02 09:21:00+00:00,4335.0,4334.7,0.00692,True,session
INDIGO,751,2024-08-05 03:46:00+00:00,4250.0,4250.0,0.0,True,session
INDIGO,753,2024-08-05 03:48:00+00:00,4273.6,4277.0,0.079558,True,session
INDIGO,814,2024-08-05 04:49:00+00:00,4298.1,4299.0,0.020939,True,session
INDIGO,853,2024-08-05 05:28:00+00:00,4240.0,4240.0,0.0,True,session
INDIGO,891,2024-08-05 06:06:00+00:00,4162.95,4165.85,0.069662,True,session
INDIGO,897,2024-08-05 06:12:00+00:00,4220.6,4220.6,0.0,True,session
INDIGO,958,2024-08-05 07:13:00+00:00,4199.75,4199.75,0.0,True,session
INDIGO,1019,2024-08-05 08:14:00+00:00,4215.8,4215.8,0.0,True,session
INDIGO,1080,2024-08-05 09:15:00+00:00,4234.95,4234.95,0.0,True,session
INDIGO,1126,2024-08-06 03:46:00+00:00,4318.4,4310.6,0.180622,True,session
INDIGO,1187,2024-08-06 04:47:00+00:00,4318.95,4321.2,0.052096,True,session
INDIGO,1273,2024-08-06 06:13:00+00:00,4300.3,4300.3,0.0,True,session
INDIGO,1306,2024-08-06 06:46:00+00:00,4330.0,4330.0,0.0,True,session
INDIGO,1364,2024-08-06 07:44:00+00:00,4305.25,4306.25,0.023227,True,session
INDIGO,1425,2024-08-06 08:45:00+00:00,4284.75,4284.75,0.0,True,session
INDIGO,1486,2024-08-06 09:46:00+00:00,4259.2,4259.25,0.001174,True,session
INDIGO,1501,2024-08-07 03:46:00+00:00,4281.9,4281.9,0.0,True,session
INDIGO,1517,2024-08-07 04:02:00+00:00,4310.75,4310.75,0.0,True,session
INDIGO,1578,2024-08-07 05:03:00+00:00,4306.85,4306.85,0.0,True,session
INDIGO,1639,2024-08-07 06:04:00+00:00,4299.1,4299.1,0.0,True,session
INDIGO,1700,2024-08-07 07:05:00+00:00,4300.7,4300.7,0.0,True,session
INDIGO,1761,2024-08-07 08:06:00+00:00,4293.4,4293.4,0.0,True,session
INDIGO,1822,2024-08-07 09:07:00+00:00,4301.85,4301.9,0.001162,True,session
INDIGO,1888,2024-08-08 03:58:00+00:00,4320.95,4321.0,0.001157,True,session
INDIGO,1956,2024-08-08 05:06:00+00:00,4312.15,4312.15,0.0,True,session
INDIGO,2017,2024-08-08 06:07:00+00:00,4313.15,4313.15,0.0,True,session
INDIGO,2128,2024-08-08 07:58:00+00:00,4320.55,4320.55,0.0,True,session
INDIGO,2198,2024-08-08 09:08:00+00:00,4298.65,4298.65,0.0,True,session
INDIGO,2231,2024-08-08 09:41:00+00:00,4261.0,4261.0,0.0,True,session
INDIGO,2251,2024-08-09 03:46:00+00:00,4295.0,4296.6,0.037253,True,session
INDIGO,2367,2024-08-09 05:42:00+00:00,4306.0,4306.0,0.0,True,session
INDIGO,2492,2024-08-09 07:47:00+00:00,4287.0,4286.45,0.012829,True,session
INDIGO,2560,2024-08-09 08:55:00+00:00,4297.25,4297.25,0.0,True,session
INDIGO,2628,2024-08-12 03:48:00+00:00,4235.75,4239.1,0.079089,True,session
INDIGO,2634,2024-08-12 03:54:00+00:00,4262.35,4261.0,0.031673,True,session
INDIGO,2695,2024-08-12 04:55:00+00:00,4252.25,4252.25,0.0,True,session
INDIGO,2747,2024-08-12 05:47:00+00:00,4273.45,4273.45,0.0,True,session
INDIGO,2808,2024-08-12 06:48:00+00:00,4278.5,4278.0,0.011686,True,session
INDIGO,2869,2024-08-12 07:49:00+00:00,4255.2,4255.2,0.0,True,session
INDIGO,2930,2024-08-12 08:50:00+00:00,4259.75,4259.75,0.0,True,session
INDIGO,2991,2024-08-12 09:51:00+00:00,4250.15,4250.75,0.014117,True,session
INDIGO,3001,2024-08-13 03:46:00+00:00,4255.1,4255.1,0.0,True,session
INDIGO,3011,2024-08-13 03:56:00+00:00,4277.95,4278.4,0.010519,True,session
INDIGO,3045,2024-08-13 04:30:00+00:00,4293.8,4293.8,0.0,True,session
INDIGO,3106,2024-08-13 05:31:00+00:00,4275.05,4275.05,0.0,True,session
INDIGO,3167,2024-08-13 06:32:00+00:00,4269.65,4269.65,0.0,True,session
INDIGO,3228,2024-08-13 07:33:00+00:00,4248.8,4248.8,0.0,True,session
INDIGO,3257,2024-08-13 08:02:00+00:00,4269.85,4269.85,0.0,True,session
INDIGO,3294,2024-08-13 08:39:00+00:00,4234.3,4234.3,0.0,True,session
INDIGO,3355,2024-08-13 09:40:00+00:00,4233.5,4233.2,0.007086,True,session
INDIGO,3416,2024-08-14 04:26:00+00:00,4246.85,4246.85,0.0,True,session
INDIGO,3477,2024-08-14 05:27:00+00:00,4246.6,4246.6,0.0,True,session
INDIGO,3538,2024-08-14 06:28:00+00:00,4229.2,4229.2,0.0,True,session
INDIGO,3599,2024-08-14 07:29:00+00:00,4239.7,4239.7,0.0,True,session
INDIGO,3660,2024-08-14 08:30:00+00:00,4222.65,4222.65,0.0,True,session
INDIGO,3721,2024-08-14 09:31:00+00:00,4219.0,4217.35,0.039109,True,session
INDIGO,3751,2024-08-16 03:46:00+00:00,4235.85,4235.9,0.00118,True,session
INDIGO,3812,2024-08-16 04:47:00+00:00,4230.0,4230.0,0.0,True,session
INDIGO,3873,2024-08-16 05:48:00+00:00,4207.25,4207.2,0.001188,True,session
INDIGO,3893,2024-08-16 06:08:00+00:00,4232.95,4232.0,0.022443,True,session
INDIGO,3904,2024-08-16 06:19:00+00:00,4256.15,4256.15,0.0,True,session
INDIGO,3965,2024-08-16 07:20:00+00:00,4269.6,4269.6,0.0,True,session
INDIGO,4090,2024-08-16 09:25:00+00:00,4277.55,4277.55,0.0,True,session
INDIGO,4127,2024-08-19 03:47:00+00:00,4312.05,4312.2,0.003479,True,session
INDIGO,4180,2024-08-19 04:40:00+00:00,4290.4,4290.4,0.0,True,session
INDIGO,4191,2024-08-19 04:51:00+00:00,4268.05,4268.05,0.0,True,session
INDIGO,4206,2024-08-19 05:06:00+00:00,4230.55,4232.35,0.042548,True,session
INDIGO,4267,2024-08-19 06:07:00+00:00,4237.7,4238.4,0.016518,True,session
INDIGO,4328,2024-08-19 07:08:00+00:00,4224.85,4224.85,0.0,True,session
INDIGO,4366,2024-08-19 07:46:00+00:00,4245.05,4246.25,0.028268,True,session
INDIGO,4385,2024-08-19 08:05:00+00:00,4266.95,4266.95,0.0,True,session
INDIGO,4446,2024-08-19 09:06:00+00:00,4236.8,4236.8,0.0,True,session
INDIGO,4501,2024-08-20 03:46:00+00:00,4248.35,4248.35,0.0,True,session
INDIGO,4505,2024-08-20 03:50:00+00:00,4277.0,4275.4,0.037409,True,session
INDIGO,4577,2024-08-20 05:02:00+00:00,4277.95,4277.95,0.0,True,session
INDIGO,4638,2024-08-20 06:03:00+00:00,4287.7,4287.7,0.0,True,session
INDIGO,4699,2024-08-20 07:04:00+00:00,4275.05,4276.0,0.022222,True,session
INDIGO,4716,2024-08-20 07:21:00+00:00,4292.95,4292.95,0.0,True,session
INDIGO,4777,2024-08-20 08:22:00+00:00,4291.95,4291.95,0.0,True,session
INDIGO,4838,2024-08-20 09:23:00+00:00,4295.95,4295.95,0.0,True,session
INDIGO,4877,2024-08-21 03:47:00+00:00,4319.2,4319.2,0.0,True,session
INDIGO,4899,2024-08-21 04:09:00+00:00,4319.95,4319.75,0.00463,True,session
INDIGO,4960,2024-08-21 05:10:00+00:00,4295.0,4295.0,0.0,True,session
INDIGO,5021,2024-08-21 06:11:00+00:00,4302.6,4302.6,0.0,True,session
INDIGO,5082,2024-08-21 07:12:00+00:00,4301.4,4302.1,0.016274,True,session
INDIGO,5143,2024-08-21 08:13:00+00:00,4287.6,4287.65,0.001166,True,session
INDIGO,5204,2024-08-21 09:14:00+00:00,4303.7,4303.7,0.0,True,session
INDIGO,5253,2024-08-22 03:48:00+00:00,4423.9,4421.35,0.057641,True,session
INDIGO,5278,2024-08-22 04:13:00+00:00,4468.7,4468.6,0.002238,True,session
INDIGO,5282,2024-08-22 04:17:00+00:00,4447.9,4446.6,0.029227,True,session
INDIGO,5343,2024-08-22 05:18:00+00:00,4453.45,4453.45,0.0,True,session
INDIGO,5408,2024-08-22 06:23:00+00:00,4416.65,4416.65,0.0,True,session
INDIGO,5434,2024-08-22 06:49:00+00:00,4429.9,4429.9,0.0,True,session
INDIGO,5495,2024-08-22 07:50:00+00:00,4439.4,4439.4,0.0,True,session
INDIGO,5531,2024-08-22 08:26:00+00:00,4453.55,4453.55,0.0,True,session
INFY,30,2024-08-01 04:15:00+00:00,1821.0,1821.2,0.010983,True,session
INFY,91,2024-08-01 05:16:00+00:00,1818.9,1818.9,0.0,True,session
INFY,152,2024-08-01 06:17:00+00:00,1816.6,1816.6,0.0,True,session
INFY,213,2024-08-01 07:18:00+00:00,1817.1,1817.1,0.0,True,session
INFY,274,2024-08-01 08:19:00+00:00,1810.0,1810.0,0.0,True,session
INFY,335,2024-08-01 09:20:00+00:00,1813.7,1813.8,0.005514,True,session
INFY,395,2024-08-02 04:05:00+00:00,1796.2,1796.2,0.0,True,session
INFY,456,2024-08-02 05:06:00+00:00,1796.9,1796.9,0.0,True,session
INFY,517,2024-08-02 06:07:00+00:00,1795.6,1795.6,0.0,True,session
INFY,578,2024-08-02 07:08:00+00:00,1795.0,1795.0,0.0,True,session
INFY,639,2024-08-02 08:09:00+00:00,1788.3,1788.3,0.0,True,session
INFY,700,2024-08-02 09:10:00+00:00,1778.5,1778.5,0.0,True,session
INFY,751,2024-08-05 03:46:00+00:00,1754.3,1755.2,0.051303,True,session
INFY,803,2024-08-05 04:38:00+00:00,1738.3,1739.0,0.040269,True,session
INFY,836,2024-08-05 05:11:00+00:00,1722.8,1722.8,0.0,True,session
INFY,850,2024-08-05 05:25:00+00:00,1706.0,1705.9,0.005862,True,session
INFY,890,2024-08-05 06:05:00+00:00,1685.9,1686.2,0.017795,True,session
INFY,911,2024-08-05 06:26:00+00:00,1699.0,1698.5,0.029429,True,session
INFY,972,2024-08-05 07:27:00+00:00,1697.7,1697.7,0.0,True,session
INFY,1004,2024-08-05 07:59:00+00:00,1710.9,1710.9,0.0,True,session
INFY,1065,2024-08-05 09:00:00+00:00,1712.0,1711.7,0.017523,True,session
INFY,1086,2024-08-05 09:21:00+00:00,1724.2,1724.2,0.0,True,session
INFY,1128,2024-08-06 03:48:00+00:00,1736.0,1736.2,0.011521,True,session
INFY,1140,2024-08-06 04:00:00+00:00,1752.8,1753.0,0.01141,True,session
INFY,1201,2024-08-06 05:01:00+00:00,1745.8,1745.8,0.0,True,session
INFY,1262,2024-08-06 06:02:00+00:00,1728.6,1728.6,0.0,True,session
INFY,1323,2024-08-06 07:03:00+00:00,1712.8,1712.8,0.0,True,session
INFY,1384,2024-08-06 08:04:00+00:00,1716.7,1716.7,0.0,True,session
INFY,1445,2024-08-06 09:05:00+00:00,1714.2,1714.3,0.005834,True,session
INFY,1501,2024-08-07 03:46:00+00:00,1759.0,1758.6,0.02274,True,session
INFY,1562,2024-08-07 04:47:00+00:00,1746.2,1745.7,0.028634,True,session
INFY,1635,2024-08-07 06:00:00+00:00,1739.7,1739.7,0.0,True,session
INFY,1696,2024-08-07 07:01:00+00:00,1737.0,1737.4,0.023028,True,session
INFY,1757,2024-08-07 08:02:00+00:00,1725.6,1725.5,0.005795,True,session
INFY,1783,2024-08-07 08:28:00+00:00,1734.6,1734.6,0.0,True,session
INFY,1807,2024-08-07 08:52:00+00:00,1744.5,1744.7,0.011465,True,session
INFY,1857,2024-08-07 09:42:00+00:00,1756.0,1755.9,0.005695,True,session
INFY,1878,2024-08-08 03:48:00+00:00,1729.0,1728.4,0.034702,True,session
INFY,1939,2024-08-08 04:49:00+00:00,1715.6,1715.6,0.0,True,session
INFY,1949,2024-08-08 04:59:00+00:00,1723.8,1723.9,0.005801,True,session
INFY,2010,2024-08-08 06:00:00+00:00,1716.6,1716.6,0.0,True,session
INFY,2054,2024-08-08 06:44:00+00:00,1726.3,1726.0,0.017378,True,session
INFY,2103,2024-08-08 07:33:00+00:00,1710.0,1709.6,0.023392,True,session
INFY,2148,2024-08-08 08:18:00+00:00,1692.9,1692.5,0.023628,True,session
INFY,2173,2024-08-08 08:43:00+00:00,1704.6,1704.5,0.005866,True,session
INFY,2234,2024-08-08 09:44:00+00:00,1705.3,1705.3,0.0,True,session
INFY,2251,2024-08-09 03:46:00+00:00,1737.1,1738.3,0.069081,True,session
INFY,2312,2024-08-09 04:47:00+00:00,1723.3,1723.3,0.0,True,session
INFY,2373,2024-08-09 05:48:00+00:00,1726.7,1726.7,0.0,True,session
INFY,2434,2024-08-09 06:49:00+00:00,1723.9,1723.9,0.0,True,session
INFY,2495,2024-08-09 07:50:00+00:00,1729.3,1729.3,0.0,True,session
INFY,2556,2024-08-09 08:51:00+00:00,1730.3,1730.3,0.0,True,session
INFY,2617,2024-08-09 09:52:00+00:00,1731.6,1732.0,0.0231,True,session
INFY,2626,2024-08-12 03:46:00+00:00,1739.6,1739.3,0.017245,True,session
INFY,2711,2024-08-12 05:11:00+00:00,1740.7,1740.7,0.0,True,session
INFY,2749,2024-08-12 05:49:00+00:00,1758.3,1758.0,0.017062,True,session
INFY,2810,2024-08-12 06:50:00+00:00,1763.0,1763.5,0.028361,True,session
INFY,2871,2024-08-12 07:51:00+00:00,1760.3,1760.3,0.0,True,session
INFY,2937,2024-08-12 08:57:00+00:00,1758.9,1759.1,0.011371,True,session
INFY,3026,2024-08-13 04:11:00+00:00,1756.8,1757.5,0.039845,True,session
INFY,3078,2024-08-13 05:03:00+00:00,1763.0,1763.0,0.0,True,session
INFY,3139,2024-08-13 06:04:00+00:00,1764.2,1764.3,0.005668,True,session
INFY,3206,2024-08-13 07:11:00+00:00,1763.9,1764.1,0.011339,True,session
INFY,3267,2024-08-13 08:12:00+00:00,1759.8,1759.8,0.0,True,session
INFY,3328,2024-08-13 09:13:00+00:00,1758.0,1758.0,0.0,True,session
INFY,3376,2024-08-14 03:46:00+00:00,1765.3,1765.5,0.01133,True,session
INFY,3507,2024-08-14 05:57:00+00:00,1774.4,1774.4,0.0,True,session
INFY,3568,2024-08-14 06:58:00+00:00,1783.5,1783.5,0.0,True,session
INFY,3629,2024-08-14 07:59:00+00:00,1781.8,1781.8,0.0,True,session
INFY,3690,2024-08-14 09:00:00+00:00,1782.5,1782.5,0.0,True,session
INFY,3751,2024-08-16 03:46:00+00:00,1798.3,1797.5,0.044486,True,session
INFY,3812,2024-08-16 04:47:00+00:00,1799.3,1799.2,0.005558,True,session
INFY,3935,2024-08-16 06:50:00+00:00,1811.4,1811.0,0.022082,True,session
INFY,4001,2024-08-16 07:56:00+00:00,1811.0,1811.0,0.0,True,session
INFY,4126,2024-08-19 03:46:00+00:00,1813.5,1815.6,0.115798,True,session
INFY,4197,2024-08-19 04:57:00+00:00,1819.8,1819.5,0.016485,True,session
INFY,4258,2024-08-19 05:58:00+00:00,1822.0,1822.0,0.0,True,session
INFY,4388,2024-08-19 08:08:00+00:00,1821.4,1821.4,0.0,True,session
INFY,4467,2024-08-19 09:27:00+00:00,1826.3,1826.3,0.0,True,session
INFY,4528,2024-08-20 04:13:00+00:00,1838.2,1837.8,0.02176,True,session
INFY,4589,2024-08-20 05:14:00+00:00,1843.2,1843.2,0.0,True,session
INFY,4650,2024-08-20 06:15:00+00:00,1840.3,1840.4,0.005434,True,session
INFY,4836,2024-08-20 09:21:00+00:00,1833.3,1833.3,0.0,True,session
INFY,4920,2024-08-21 04:30:00+00:00,1833.9,1833.9,0.0,True,session
INFY,5223,2024-08-21 09:33:00+00:00,1832.3,1832.3,0.0,True,session
INFY,5252,2024-08-22 03:47:00+00:00,1850.9,1850.8,0.005403,True,session
INFY,5313,2024-08-22 04:48:00+00:00,1844.3,1844.3,0.0,True,session
INFY,5374,2024-08-22 05:49:00+00:00,1840.6,1840.7,0.005433,True,session
INFY,5449,2024-08-22 07:04:00+00:00,1837.0,1836.8,0.010887,True,session
INFY,5510,2024-08-22 08:05:00+00:00,1832.0,1832.0,0.0,True,session
INFY,5571,2024-08-22 09:06:00+00:00,1836.3,1836.3,0.0,True,session
INFY,5632,2024-08-23 03:52:00+00:00,1826.4,1826.7,0.016426,True,session
INFY,5693,2024-08-23 04:53:00+00:00,1827.1,1827.1,0.0,True,session
INFY,5754,2024-08-23 05:54:00+00:00,1825.5,1825.5,0.0,True,session
INFY,5815,2024-08-23 06:55:00+00:00,1826.9,1827.0,0.005474,True,session
INFY,5876,2024-08-23 07:56:00+00:00,1828.4,1827.9,0.027346,True,session
INFY,5937,2024-08-23 08:57:00+00:00,1825.0,1825.2,0.010959,True,session
INFY,5998,2024-08-23 09:58:00+00:00,1825.1,1825.1,0.0,True,session
INFY,6003,2024-08-26 03:48:00+00:00,1835.1,1835.1,0.0,True,session
INFY,6065,2024-08-26 04:50:00+00:00,1847.0,1847.1,0.005414,True,session
INFY,6269,2024-08-26 08:14:00+00:00,1840.0,1840.0,0.0,True,session
INFY,6330,2024-08-26 09:15:00+00:00,1837.1,1837.0,0.005443,True,session
INFY,6412,2024-08-27 04:22:00+00:00,1851.4,1851.4,0.0,True,session
INFY,6473,2024-08-27 05:23:00+00:00,1851.9,1851.7,0.0108,True,session
INFY,6534,2024-08-27 06:24:00+00:00,1853.0,1853.0,0.0,True,session
INFY,6595,2024-08-27 07:25:00+00:00,1855.7,1855.7,0.0,True,session
INFY,6656,2024-08-27 08:26:00+00:00,1858.5,1858.5,0.0,True,session
INFY,6717,2024-08-27 09:27:00+00:00,1859.7,1859.7,0.0,True,session
INFY,6778,2024-08-28 04:13:00+00:00,1863.1,1863.3,0.010735,True,session
INFY,6822,2024-08-28 04:57:00+00:00,1878.4,1878.4,0.0,True,session
INFY,6876,2024-08-28 05:51:00+00:00,1895.5,1895.9,0.021103,True,session
INFY,6964,2024-08-28 07:19:00+00:00,1906.3,1906.3,0.0,True,session
INFY,7086,2024-08-28 09:21:00+00:00,1901.8,1901.9,0.005258,True,session
INFY,7147,2024-08-29 04:07:00+00:00,1897.2,1897.2,0.0,True,session
INFY,7208,2024-08-29 05:08:00+00:00,1905.1,1905.1,0.0,True,session
INFY,7269,2024-08-29 06:09:00+00:00,1898.9,1898.9,0.0,True,session
INFY,7330,2024-08-29 07:10:00+00:00,1900.0,1899.3,0.036842,True,session
INFY,7391,2024-08-29 08:11:00+00:00,1895.4,1896.0,0.031656,True,session
INFY,7452,2024-08-29 09:12:00+00:00,1884.8,1884.8,0.0,True,session
INFY,7466,2024-08-29 09:26:00+00:00,1897.8,1897.7,0.005269,True,session
INFY,7527,2024-08-30 04:12:00+00:00,1894.8,1894.8,0.0,True,session
INFY,7588,2024-08-30 05:13:00+00:00,1890.3,1889.8,0.026451,True,session
INFY,7649,2024-08-30 06:14:00+00:00,1889.2,1889.2,0.0,True,session
INFY,7710,2024-08-30 07:15:00+00:00,1895.2,1895.3,0.005276,True,session
INFY,7771,2024-08-30 08:16:00+00:00,1891.8,1891.8,0.0,True,session
INFY,7832,2024-08-30 09:17:00+00:00,1888.9,1888.9,0.0,True,session
INFY,7849,2024-08-30 09:34:00+00:00,1900.9,1900.8,0.005261,True,session
ITC,2,2024-08-01 03:47:00+00:00,408.4,408.4,0.0,True,session
ITC,63,2024-08-01 04:48:00+00:00,406.1,406.15,0.012312,True,session
ITC,124,2024-08-01 05:49:00+00:00,405.05,405.1,0.012344,True,session
ITC,185,2024-08-01 06:50:00+00:00,406.7,406.8,0.024588,True,session
ITC,201,2024-08-01 07:06:00+00:00,408.9,408.8,0.024456,True,session
ITC,262,2024-08-01 08:07:00+00:00,407.1,407.2,0.024564,True,session
ITC,324,2024-08-01 09:09:00+00:00,407.3,407.3,0.0,True,session
ITC,395,2024-08-02 04:05:00+00:00,408.2,408.15,0.012249,True,session
ITC,414,2024-08-02 04:24:00+00:00,404.3,404.1,0.049468,True,session
ITC,475,2024-08-02 05:25:00+00:00,403.1,402.95,0.037212,True,session
ITC,520,2024-08-02 06:10:00+00:00,405.3,405.3,0.0,True,session
ITC,581,2024-08-02 07:11:00+00:00,402.75,402.65,0.024829,True,session
ITC,642,2024-08-02 08:12:00+00:00,403.1,403.0,0.024808,True,session
ITC,683,2024-08-02 08:53:00+00:00,404.95,404.9,0.012347,True,session
ITC,744,2024-08-02 09:54:00+00:00,403.05,403.15,0.024811,True,session
ITC,751,2024-08-05 03:46:00+00:00,398.9,398.85,0.012534,True,session
ITC,755,2024-08-05 03:50:00+00:00,400.85,400.9,0.012473,True,session
ITC,787,2024-08-05 04:22:00+00:00,403.25,403.2,0.012399,True,session
ITC,848,2024-08-05 05:23:00+00:00,403.2,403.2,0.0,True,session
ITC,880,2024-08-05 05:55:00+00:00,398.9,398.95,0.012534,True,session
ITC,906,2024-08-05 06:21:00+00:00,401.4,401.25,0.037369,True,session
ITC,967,2024-08-05 07:22:00+00:00,398.3,398.3,0.0,True,session
ITC,1028,2024-08-05 08:23:00+00:00,400.35,400.6,0.062445,True,session
ITC,1089,2024-08-05 09:24:00+00:00,401.0,400.95,0.012469,True,session
ITC,1126,2024-08-06 03:46:00+00:00,402.95,402.85,0.024817,True,session
ITC,1187,2024-08-06 04:47:00+00:00,402.7,402.7,0.0,True,session
ITC,1248,2024-08-06 05:48:00+00:00,402.15,402.1,0.012433,True,session
ITC,1490,2024-08-06 09:50:00+00:00,401.6,401.6,0.0,True,session
ITC,1503,2024-08-07 03:48:00+00:00,406.15,406.35,0.049243,True,session
ITC,1564,2024-08-07 04:49:00+00:00,405.4,405.4,0.0,True,session
ITC,1625,2024-08-07 05:50:00+00:00,405.7,405.6,0.024649,True,session
ITC,1665,2024-08-07 06:30:00+00:00,403.7,403.9,0.049542,True,session
ITC,1726,2024-08-07 07:31:00+00:00,404.6,404.6,0.0,True,session
ITC,1798,2024-08-07 08:43:00+00:00,405.8,405.8,0.0,True,session
ITC,1859,2024-08-07 09:44:00+00:00,406.35,406.35,0.0,True,session
ITC,1920,2024-08-08 04:30:00+00:00,407.4,407.4,0.0,True,session
ITC,1985,2024-08-08 05:35:00+00:00,407.4,407.45,0.012273,True,session
ITC,2046,2024-08-08 06:36:00+00:00,408.05,408.05,0.0,True,session
ITC,2107,2024-08-08 07:37:00+00:00,407.65,407.65,0.0,True,session
ITC,2168,2024-08-08 08:38:00+00:00,408.35,408.4,0.012244,True,session
ITC,2229,2024-08-08 09:39:00+00:00,408.45,408.45,0.0,True,session
ITC,2290,2024-08-09 04:25:00+00:00,408.25,408.2,0.012247,True,session
ITC,2351,2024-08-09 05:26:00+00:00,408.25,408.25,0.0,True,session
ITC,2412,2024-08-09 06:27:00+00:00,408.6,408.6,0.0,True,session
ITC,2473,2024-08-09 07:28:00+00:00,408.25,408.25,0.0,True,session
ITC,2534,2024-08-09 08:29:00+00:00,409.15,409.3,0.036661,True,session
ITC,2595,2024-08-09 09:30:00+00:00,408.6,408.6,0.0,True,session
ITC,2626,2024-08-12 03:46:00+00:00,408.75,408.85,0.024465,True,session
ITC,2724,2024-08-12 05:24:00+00:00,409.05,409.15,0.024447,True,session
ITC,2785,2024-08-12 06:25:00+00:00,410.6,410.65,0.012177,True,session
ITC,2846,2024-08-12 07:26:00+00:00,411.55,411.55,0.0,True,session
ITC,2907,2024-08-12 08:27:00+00:00,411.35,411.3,0.012155,True,session
ITC,2965,2024-08-12 09:25:00+00:00,409.1,409.1,0.0,True,session
ITC,2981,2024-08-12 09:41:00+00:00,407.6,407.6,0.0,True,session
ITC,3057,2024-08-13 04:42:00+00:00,410.2,410.1,0.024378,True,session
ITC,3150,2024-08-13 06:15:00+00:00,408.85,408.95,0.024459,True,session
ITC,3376,2024-08-14 03:46:00+00:00,405.85,405.85,0.0,True,session
ITC,3437,2024-08-14 04:47:00+00:00,406.7,406.7,0.0,True,session
ITC,3498,2024-08-14 05:48:00+00:00,409.05,409.05,0.0,True,session
ITC,3559,2024-08-14 06:49:00+00:00,408.05,408.2,0.03676,True,session
ITC,3618,2024-08-14 07:48:00+00:00,405.65,405.65,0.0,True,session
ITC,3759,2024-08-16 03:54:00+00:00,408.3,408.35,0.012246,True,session
ITC,3820,2024-08-16 04:55:00+00:00,409.15,409.15,0.0,True,session
ITC,3871,2024-08-16 05:46:00+00:00,406.5,406.55,0.0123,True,session
ITC,3890,2024-08-16 06:05:00+00:00,408.7,408.7,0.0,True,session
ITC,3951,2024-08-16 07:06:00+00:00,410.8,410.95,0.036514,True,session
ITC,4012,2024-08-16 08:07:00+00:00,411.3,411.3,0.0,True,session
ITC,4073,2024-08-16 09:08:00+00:00,411.9,411.9,0.0,True,session
ITC,4109,2024-08-16 09:44:00+00:00,415.55,415.65,0.024064,True,session
ITC,4144,2024-08-19 04:04:00+00:00,419.15,419.15,0.0,True,session
ITC,4184,2024-08-19 04:44:00+00:00,417.15,417.25,0.023972,True,session
ITC,4267,2024-08-19 06:07:00+00:00,415.75,415.7,0.012026,True,session
ITC,4498,2024-08-19 09:58:00+00:00,412.3,412.3,0.0,True,session
ITC,4729,2024-08-20 07:34:00+00:00,411.8,411.7,0.024284,True,session
ITC,4790,2024-08-20 08:35:00+00:00,411.9,411.85,0.012139,True,session
ITC,4941,2024-08-21 04:51:00+00:00,414.35,414.25,0.024134,True,session
ITC,5002,2024-08-21 05:52:00+00:00,415.25,415.25,0.0,True,session
ITC,5063,2024-08-21 06:53:00+00:00,416.15,416.15,0.0,True,session
ITC,5124,2024-08-21 07:54:00+00:00,416.2,416.2,0.0,True,session
ITC,5185,2024-08-21 08:55:00+00:00,419.2,419.2,0.0,True,session
ITC,5229,2024-08-21 09:39:00+00:00,417.0,417.0,0.0,True,session
ITC,5290,2024-08-22 04:25:00+00:00,416.95,416.95,0.0,True,session
ITC,5351,2024-08-22 05:26:00+00:00,417.8,417.85,0.011967,True,session
ITC,5394,2024-08-22 06:09:00+00:00,415.5,415.5,0.0,True,session
ITC,5467,2024-08-22 07:22:00+00:00,415.25,415.25,0.0,True,session
ITC,5528,2024-08-22 08:23:00+00:00,414.75,414.7,0.012055,True,session
ITC,5589,2024-08-22 09:24:00+00:00,415.55,415.6,0.012032,True,session
ITC,5643,2024-08-23 04:03:00+00:00,414.2,414.3,0.024143,True,session
ITC,5704,2024-08-23 05:04:00+00:00,414.75,414.8,0.012055,True,session
ITC,6002,2024-08-26 03:47:00+00:00,415.25,415.25,0.0,True,session
ITC,6065,2024-08-26 04:50:00+00:00,418.55,418.55,0.0,True,session
ITC,6126,2024-08-26 05:51:00+00:00,416.05,416.05,0.0,True,session
ITC,6190,2024-08-26 06:55:00+00:00,416.8,416.95,0.035988,True,session
ITC,6284,2024-08-26 08:29:00+00:00,418.0,418.05,0.011962,True,session
ITC,6345,2024-08-26 09:30:00+00:00,417.2,417.5,0.071908,True,session
ITC,6776,2024-08-28 04:11:00+00:00,412.55,412.55,0.0,True,session
ITC,6837,2024-08-28 05:12:00+00:00,412.05,411.95,0.024269,True,session
ITC,6898,2024-08-28 06:13:00+00:00,411.75,411.75,0.0,True,session
ITC,6959,2024-08-28 07:14:00+00:00,411.3,411.3,0.0,True,session
ITC,7020,2024-08-28 08:15:00+00:00,411.15,411.15,0.0,True,session
ITC,7081,2024-08-28 09:16:00+00:00,411.25,411.2,0.012158,True,session
ITC,7142,2024-08-29 04:02:00+00:00,411.1,411.1,0.0,True,session
ITC,7203,2024-08-29 05:03:00+00:00,410.75,410.75,0.0,True,session
ITC,7259,2024-08-29 05:59:00+00:00,414.3,414.3,0.0,True,session
ITC,7320,2024-08-29 07:00:00+00:00,417.75,417.8,0.011969,True,session
ITC,7381,2024-08-29 08:01:00+00:00,417.65,417.65,0.0,True,session
ITC,7414,2024-08-29 08:34:00+00:00,415.25,415.3,0.012041,True,session
ITC,7434,2024-08-29 08:54:00+00:00,413.35,413.2,0.036289,True,session
ITC,7467,2024-08-29 09:27:00+00:00,418.45,418.4,0.011949,True,session
ITC,7495,2024-08-29 09:55:00+00:00,416.15,416.1,0.012015,True,session
ITC,7542,2024-08-30 04:27:00+00:00,417.25,417.25,0.0,True,session
ITC,7603,2024-08-30 05:28:00+00:00,414.25,414.4,0.03621,True,session
ITC,7664,2024-08-30 06:29:00+00:00,414.3,414.3,0.0,True,session
ITC,7725,2024-08-30 07:30:00+00:00,413.45,413.5,0.012093,True,session
ITC,7786,2024-08-30 08:31:00+00:00,414.1,414.1,0.0,True,session
ITC,7847,2024-08-30 09:32:00+00:00,412.95,412.9,0.012108,True,session
ITC,7873,2024-08-30 09:58:00+00:00,415.55,415.65,0.024064,True,session
JIOFIN,5,2024-08-01 03:50:00+00:00,329.45,329.5,0.015177,True,session
JIOFIN,100,2024-08-01 05:25:00+00:00,331.3,331.3,0.0,True,session
JIOFIN,183,2024-08-01 06:48:00+00:00,330.85,330.9,0.015113,True,session
JIOFIN,244,2024-08-01 07:49:00+00:00,330.1,330.25,0.045441,True,session
JIOFIN,305,2024-08-01 08:50:00+00:00,329.6,329.6,0.0,True,session
JIOFIN,366,2024-08-01 09:51:00+00:00,328.55,328.55,0.0,True,session
JIOFIN,376,2024-08-02 03:46:00+00:00,326.5,326.55,0.015314,True,session
JIOFIN,437,2024-08-02 04:47:00+00:00,326.8,326.8,0.0,True,session
JIOFIN,498,2024-08-02 05:48:00+00:00,327.25,327.25,0.0,True,session
JIOFIN,559,2024-08-02 06:49:00+00:00,326.7,326.7,0.0,True,session
JIOFIN,620,2024-08-02 07:50:00+00:00,326.95,326.95,0.0,True,session
JIOFIN,681,2024-08-02 08:51:00+00:00,327.1,327.1,0.0,True,session
JIOFIN,742,2024-08-02 09:52:00+00:00,326.15,326.1,0.01533,True,session
JIOFIN,751,2024-08-05 03:46:00+00:00,319.75,319.35,0.125098,True,session
JIOFIN,758,2024-08-05 03:53:00+00:00,316.95,316.85,0.031551,True,session
JIOFIN,772,2024-08-05 04:07:00+00:00,318.95,318.85,0.031353,True,session
JIOFIN,782,2024-08-05 04:17:00+00:00,321.3,321.35,0.015562,True,session
JIOFIN,843,2024-08-05 05:18:00+00:00,318.65,318.7,0.015691,True,session
JIOFIN,904,2024-08-05 06:19:00+00:00,317.55,317.5,0.015746,True,session
JIOFIN,965,2024-08-05 07:20:00+00:00,316.7,316.7,0.0,True,session
JIOFIN,1026,2024-08-05 08:21:00+00:00,318.3,318.4,0.031417,True,session
JIOFIN,1087,2024-08-05 09:22:00+00:00,317.85,317.8,0.015731,True,session
JIOFIN,1126,2024-08-06 03:46:00+00:00,321.55,321.45,0.031099,True,session
JIOFIN,1187,2024-08-06 04:47:00+00:00,320.95,320.9,0.015579,True,session
JIOFIN,1248,2024-08-06 05:48:00+00:00,319.6,319.5,0.031289,True,session
JIOFIN,1309,2024-08-06 06:49:00+00:00,319.5,319.4,0.031299,True,session
JIOFIN,1370,2024-08-06 07:50:00+00:00,317.05,317.05,0.0,True,session
JIOFIN,1431,2024-08-06 08:51:00+00:00,314.75,314.75,0.0,True,session
JIOFIN,1485,2024-08-06 09:45:00+00:00,311.4,311.3,0.032113,True,session
JIOFIN,1501,2024-08-07 03:46:00+00:00,314.9,314.75,0.047634,True,session
JIOFIN,1562,2024-08-07 04:47:00+00:00,313.7,313.6,0.031878,True,session
JIOFIN,1623,2024-08-07 05:48:00+00:00,314.8,314.65,0.047649,True,session
JIOFIN,1678,2024-08-07 06:43:00+00:00,317.95,317.95,0.0,True,session
JIOFIN,1753,2024-08-07 07:58:00+00:00,322.85,322.85,0.0,True,session
JIOFIN,1814,2024-08-07 08:59:00+00:00,323.0,323.1,0.03096,True,session
JIOFIN,1831,2024-08-07 09:16:00+00:00,324.0,324.0,0.0,True,session
JIOFIN,1865,2024-08-07 09:50:00+00:00,332.45,332.05,0.120319,True,session
JIOFIN,1886,2024-08-08 03:56:00+00:00,329.35,329.35,0.0,True,session
JIOFIN,1928,2024-08-08 04:38:00+00:00,326.4,326.4,0.0,True,session
JIOFIN,1989,2024-08-08 05:39:00+00:00,327.85,327.85,0.0,True,session
JIOFIN,2050,2024-08-08 06:40:00+00:00,327.7,327.65,0.015258,True,session
JIOFIN,2111,2024-08-08 07:41:00+00:00,326.15,326.15,0.0,True,session
JIOFIN,2172,2024-08-08 08:42:00+00:00,325.55,325.55,0.0,True,session
JIOFIN,2224,2024-08-08 09:34:00+00:00,327.25,327.2,0.015279,True,session
JIOFIN,2251,2024-08-09 03:46:00+00:00,329.4,329.4,0.0,True,session
JIOFIN,2312,2024-08-09 04:47:00+00:00,328.8,328.7,0.030414,True,session
JIOFIN,2373,2024-08-09 05:48:00+00:00,327.0,327.0,0.0,True,session
JIOFIN,2434,2024-08-09 06:49:00+00:00,326.25,326.25,0.0,True,session
JIOFIN,2495,2024-08-09 07:50:00+00:00,326.0,326.0,0.0,True,session
JIOFIN,2556,2024-08-09 08:51:00+00:00,325.65,325.65,0.0,True,session
JIOFIN,2617,2024-08-09 09:52:00+00:00,325.8,325.7,0.030694,True,session
JIOFIN,2626,2024-08-12 03:46:00+00:00,325.15,325.4,0.076888,True,session
JIOFIN,2687,2024-08-12 04:47:00+00:00,324.95,324.95,0.0,True,session
JIOFIN,2707,2024-08-12 05:07:00+00:00,326.55,326.55,0.0,True,session
JIOFIN,2709,2024-08-12 05:09:00+00:00,328.15,328.15,0.0,True,session
JIOFIN,2769,2024-08-12 06:09:00+00:00,328.5,328.5,0.0,True,session
JIOFIN,2830,2024-08-12 07:10:00+00:00,326.15,326.15,0.0,True,session
JIOFIN,2891,2024-08-12 08:11:00+00:00,325.95,325.95,0.0,True,session
JIOFIN,2952,2024-08-12 09:12:00+00:00,326.0,326.0,0.0,True,session
JIOFIN,2978,2024-08-12 09:38:00+00:00,328.3,328.25,0.01523,True,session
JIOFIN,2987,2024-08-12 09:47:00+00:00,330.4,330.35,0.015133,True,session
JIOFIN,3013,2024-08-13 03:58:00+00:00,331.75,331.55,0.060286,True,session
JIOFIN,3030,2024-08-13 04:15:00+00:00,334.9,334.9,0.0,True,session
JIOFIN,3068,2024-08-13 04:53:00+00:00,331.65,331.75,0.030152,True,session
JIOFIN,3129,2024-08-13 05:54:00+00:00,331.9,331.9,0.0,True,session
JIOFIN,3190,2024-08-13 06:55:00+00:00,329.35,329.35,0.0,True,session
JIOFIN,3251,2024-08-13 07:56:00+00:00,327.5,327.5,0.0,True,session
JIOFIN,3290,2024-08-13 08:35:00+00:00,324.45,324.6,0.046232,True,session
JIOFIN,3298,2024-08-13 08:43:00+00:00,326.05,326.2,0.046005,True,session
JIOFIN,3359,2024-08-13 09:44:00+00:00,324.0,324.0,0.0,True,session
JIOFIN,3376,2024-08-14 03:46:00+00:00,324.8,324.65,0.046182,True,session
JIOFIN,3437,2024-08-14 04:47:00+00:00,324.3,324.1,0.061671,True,session
JIOFIN,3498,2024-08-14 05:48:00+00:00,323.4,323.4,0.0,True,session
JIOFIN,3559,2024-08-14 06:49:00+00:00,324.1,324.05,0.015427,True,session
JIOFIN,3620,2024-08-14 07:50:00+00:00,322.7,322.7,0.0,True,session
JIOFIN,3681,2024-08-14 08:51:00+00:00,321.9,321.9,0.0,True,session
JIOFIN,3742,2024-08-14 09:52:00+00:00,320.2,320.15,0.015615,True,session
JIOFIN,3751,2024-08-16 03:46:00+00:00,325.15,325.4,0.076888,True,session
JIOFIN,3796,2024-08-16 04:31:00+00:00,321.3,321.45,0.046685,True,session
JIOFIN,3857,2024-08-16 05:32:00+00:00,321.2,321.2,0.0,True,session
JIOFIN,3918,2024-08-16 06:33:00+00:00,320.9,320.9,0.0,True,session
JIOFIN,3979,2024-08-16 07:34:00+00:00,320.1,320.1,0.0,True,session
JIOFIN,4038,2024-08-16 08:33:00+00:00,322.15,322.15,0.0,True,session
JIOFIN,4042,2024-08-16 08:37:00+00:00,324.2,324.2,0.0,True,session
JIOFIN,4060,2024-08-16 08:55:00+00:00,327.2,327.2,0.0,True,session
JIOFIN,4172,2024-08-19 04:32:00+00:00,332.45,332.5,0.01504,True,session
JIOFIN,4214,2024-08-19 05:14:00+00:00,332.75,332.65,0.030053,True,session
JIOFIN,4275,2024-08-19 06:15:00+00:00,332.6,332.45,0.045099,True,session
JIOFIN,4336,2024-08-19 07:16:00+00:00,330.7,330.7,0.0,True,session
JIOFIN,4397,2024-08-19 08:17:00+00:00,330.0,330.0,0.0,True,session
JIOFIN,4458,2024-08-19 09:18:00+00:00,330.95,330.95,0.0,True,session
JIOFIN,4465,2024-08-19 09:25:00+00:00,332.35,332.35,0.0,True,session
JIOFIN,4509,2024-08-20 03:54:00+00:00,336.05,336.0,0.014879,True,session
JIOFIN,4584,2024-08-20 05:09:00+00:00,334.45,334.5,0.01495,True,session
JIOFIN,4645,2024-08-20 06:10:00+00:00,333.85,333.95,0.029954,True,session
JIOFIN,4706,2024-08-20 07:11:00+00:00,333.9,333.85,0.014975,True,session
JIOFIN,4767,2024-08-20 08:12:00+00:00,333.9,333.9,0.0,True,session
JIOFIN,4828,2024-08-20 09:13:00+00:00,333.1,333.15,0.015011,True,session
JIOFIN,4871,2024-08-20 09:56:00+00:00,334.9,334.85,0.01493,True,session
JIOFIN,4922,2024-08-21 04:32:00+00:00,332.65,332.65,0.0,True,session
JIOFIN,4965,2024-08-21 05:15:00+00:00,335.75,335.75,0.0,True,session
JIOFIN,5026,2024-08-21 06:16:00+00:00,334.3,334.3,0.0,True,session
JIOFIN,5087,2024-08-21 07:17:00+00:00,332.4,332.4,0.0,True,session
JIOFIN,5148,2024-08-21 08:18:00+00:00,330.85,330.85,0.0,True,session
JIOFIN,5209,2024-08-21 09:19:00+00:00,331.2,331.2,0.0,True,session
JIOFIN,5251,2024-08-22 03:46:00+00:00,332.9,332.8,0.030039,True,session
JIOFIN,5312,2024-08-22 04:47:00+00:00,331.9,331.9,0.0,True,session
JIOFIN,5373,2024-08-22 05:48:00+00:00,332.35,332.35,0.0,True,session
JIOFIN,5434,2024-08-22 06:49:00+00:00,332.45,332.45,0.0,True,session
JIOFIN,5495,2024-08-22 07:50:00+00:00,330.65,330.6,0.015122,True,session
JIOFIN,5556,2024-08-22 08:51:00+00:00,329.9,329.9,0.0,True,session
JIOFIN,5617,2024-08-22 09:52:00+00:00,329.4,329.4,0.0,True,session
JIOFIN,5626,2024-08-23 03:46:00+00:00,331.3,331.45,0.045276,True,session
JIOFIN,5635,2024-08-23 03:55:00+00:00,333.55,333.5,0.01499,True,session
JIOFIN,5649,2024-08-23 04:09:00+00:00,330.35,330.35,0.0,True,session
JIOFIN,5689,2024-08-23 04:49:00+00:00,331.85,331.9,0.015067,True,session
JIOFIN,5750,2024-08-23 05:50:00+00:00,330.7,330.7,0.0,True,session
JIOFIN,5811,2024-08-23 06:51:00+00:00,330.2,330.2,0.0,True,session
JIOFIN,5872,2024-08-23 07:52:00+00:00,329.35,329.35,0.0,True,session
JIOFIN,5933,2024-08-23 08:53:00+00:00,328.0,328.0,0.0,True,session
JIOFIN,5994,2024-08-23 09:54:00+00:00,327.15,327.15,0.0,True,session
JIOFIN,6001,2024-08-26 03:46:00+00:00,333.9,333.45,0.134771,True,session
JIOFIN,6020,2024-08-26 04:05:00+00:00,330.8,330.9,0.03023,True,session
JIOFIN,6081,2024-08-26 05:06:00+00:00,329.9,329.9,0.0,True,session
JIOFIN,6095,2024-08-26 05:20:00+00:00,324.35,324.25,0.030831,True,session
JIOFIN,6156,2024-08-26 06:21:00+00:00,324.75,324.8,0.015396,True,session
JIOFIN,6217,2024-08-26 07:22:00+00:00,323.5,323.5,0.0,True,session
JIOFIN,6278,2024-08-26 08:23:00+00:00,323.5,323.5,0.0,True,session
JIOFIN,6339,2024-08-26 09:24:00+00:00,323.35,323.35,0.0,True,session
JIOFIN,6395,2024-08-27 04:05:00+00:00,325.35,325.15,0.061472,True,session
JIOFIN,6456,2024-08-27 05:06:00+00:00,324.35,324.45,0.030831,True,session
JIOFIN,6517,2024-08-27 06:07:00+00:00,323.9,324.0,0.030874,True,session
JIOFIN,6578,2024-08-27 07:08:00+00:00,323.0,323.0,0.0,True,session
JIOFIN,6624,2024-08-27 07:54:00+00:00,325.55,325.6,0.015359,True,session
JIOFIN,6685,2024-08-27 08:55:00+00:00,323.25,323.25,0.0,True,session
JIOFIN,6746,2024-08-27 09:56:00+00:00,323.75,323.75,0.0,True,session
JIOFIN,6751,2024-08-28 03:46:00+00:00,327.0,326.65,0.107034,True,session
JIOFIN,6777,2024-08-28 04:12:00+00:00,327.15,327.15,0.0,True,session
JIOFIN,6831,2024-08-28 05:06:00+00:00,329.0,329.0,0.0,True,session
JIOFIN,6892,2024-08-28 06:07:00+00:00,327.7,327.7,0.0,True,session
JIOFIN,6953,2024-08-28 07:08:00+00:00,326.35,326.35,0.0,True,session
JIOFIN,7014,2024-08-28 08:09:00+00:00,324.95,324.95,0.0,True,session
JIOFIN,7075,2024-08-28 09:10:00+00:00,324.4,324.35,0.015413,True,session
JIOFIN,7113,2024-08-28 09:48:00+00:00,321.45,321.4,0.015555,True,session
JIOFIN,7126,2024-08-29 03:46:00+00:00,325.65,325.7,0.015354,True,session
JIOFIN,7183,2024-08-29 04:43:00+00:00,327.3,327.3,0.0,True,session
JIOFIN,7201,2024-08-29 05:01:00+00:00,331.3,331.5,0.060368,True,session
JIOFIN,7224,2024-08-29 05:24:00+00:00,328.8,328.8,0.0,True,session
JIOFIN,7285,2024-08-29 06:25:00+00:00,326.65,326.8,0.045921,True,session
JIOFIN,7346,2024-08-29 07:26:00+00:00,325.45,325.45,0.0,True,session
JIOFIN,7396,2024-08-29 08:16:00+00:00,326.95,326.8,0.045879,True,session
JIOFIN,7402,2024-08-29 08:22:00+00:00,329.5,329.5,0.0,True,session
JIOFIN,7421,2024-08-29 08:41:00+00:00,326.2,326.0,0.061312,True,session
JIOFIN,7482,2024-08-29 09:42:00+00:00,325.0,325.15,0.046154,True,session
JIOFIN,7501,2024-08-30 03:46:00+00:00,328.7,328.55,0.045634,True,session
JIOFIN,7514,2024-08-30 03:59:00+00:00,329.35,329.5,0.045544,True,session
JIOFIN,7575,2024-08-30 05:00:00+00:00,329.15,329.15,0.0,True,session
JIOFIN,7636,2024-08-30 06:01:00+00:00,326.95,327.0,0.015293,True,session
JIOFIN,7697,2024-08-30 07:02:00+00:00,325.85,325.85,0.0,True,session
JIOFIN,7758,2024-08-30 08:03:00+00:00,324.95,324.95,0.0,True,session
JIOFIN,7819,2024-08-30 09:04:00+00:00,325.3,325.25,0.01537,True,session
JIOFIN,7850,2024-08-30 09:35:00+00:00,322.4,322.45,0.015509,True,session
JSWSTEEL,12,2024-08-01 03:57:00+00:00,947.6,947.2,0.042212,True,session
JSWSTEEL,64,2024-08-01 04:49:00+00:00,939.25,938.85,0.042587,True,session
JSWSTEEL,125,2024-08-01 05:50:00+00:00,934.5,934.7,0.021402,True,session
JSWSTEEL,186,2024-08-01 06:51:00+00:00,932.15,932.1,0.005364,True,session
JSWSTEEL,247,2024-08-01 07:52:00+00:00,930.25,930.25,0.0,True,session
JSWSTEEL,308,2024-08-01 08:53:00+00:00,931.8,931.55,0.02683,True,session
JSWSTEEL,369,2024-08-01 09:54:00+00:00,933.85,933.85,0.0,True,session
JSWSTEEL,376,2024-08-02 03:46:00+00:00,920.9,922.1,0.130307,True,session
JSWSTEEL,398,2024-08-02 04:08:00+00:00,913.55,913.45,0.010946,True,session
JSWSTEEL,459,2024-08-02 05:09:00+00:00,914.1,913.9,0.021879,True,session
JSWSTEEL,486,2024-08-02 05:36:00+00:00,905.55,905.55,0.0,True,session
JSWSTEEL,547,2024-08-02 06:37:00+00:00,905.4,905.4,0.0,True,session
JSWSTEEL,608,2024-08-02 07:38:00+00:00,908.8,908.8,0.0,True,session
JSWSTEEL,669,2024-08-02 08:39:00+00:00,907.15,907.15,0.0,True,session
JSWSTEEL,730,2024-08-02 09:40:00+00:00,899.95,899.95,0.0,True,session
JSWSTEEL,751,2024-08-05 03:46:00+00:00,879.35,879.0,0.039802,True,session
JSWSTEEL,812,2024-08-05 04:47:00+00:00,874.45,874.45,0.0,True,session
JSWSTEEL,873,2024-08-05 05:48:00+00:00,865.15,865.1,0.005779,True,session
JSWSTEEL,934,2024-08-05 06:49:00+00:00,860.3,860.3,0.0,True,session
JSWSTEEL,995,2024-08-05 07:50:00+00:00,860.3,860.3,0.0,True,session
JSWSTEEL,1026,2024-08-05 08:21:00+00:00,867.55,867.55,0.0,True,session
JSWSTEEL,1087,2024-08-05 09:22:00+00:00,868.1,868.1,0.0,True,session
JSWSTEEL,1126,2024-08-06 03:46:00+00:00,886.9,886.15,0.084564,True,session
JSWSTEEL,1187,2024-08-06 04:47:00+00:00,889.6,889.6,0.0,True,session
JSWSTEEL,1248,2024-08-06 05:48:00+00:00,881.0,881.0,0.0,True,session
JSWSTEEL,1296,2024-08-06 06:36:00+00:00,888.95,889.0,0.005625,True,session
JSWSTEEL,1357,2024-08-06 07:37:00+00:00,888.05,888.0,0.00563,True,session
JSWSTEEL,1418,2024-08-06 08:38:00+00:00,888.1,888.1,0.0,True,session
JSWSTEEL,1479,2024-08-06 09:39:00+00:00,884.85,884.85,0.0,True,session
JSWSTEEL,1501,2024-08-07 03:46:00+00:00,897.9,897.9,0.0,True,session
JSWSTEEL,1521,2024-08-07 04:06:00+00:00,897.7,897.7,0.0,True,session
JSWSTEEL,1548,2024-08-07 04:33:00+00:00,900.3,900.3,0.0,True,session
JSWSTEEL,1878,2024-08-08 03:48:00+00:00,895.0,895.0,0.0,True,session
JSWSTEEL,1939,2024-08-08 04:49:00+00:00,893.75,893.75,0.0,True,session
JSWSTEEL,2000,2024-08-08 05:50:00+00:00,894.7,894.7,0.0,True,session
JSWSTEEL,2061,2024-08-08 06:51:00+00:00,899.5,899.6,0.011117,True,session
JSWSTEEL,2116,2024-08-08 07:46:00+00:00,891.7,891.7,0.0,True,session
JSWSTEEL,2153,2024-08-08 08:23:00+00:00,896.05,895.6,0.05022,True,session
JSWSTEEL,2214,2024-08-08 09:24:00+00:00,893.5,893.5,0.0,True,session
JSWSTEEL,2240,2024-08-08 09:50:00+00:00,884.95,885.0,0.00565,True,session
JSWSTEEL,2251,2024-08-09 03:46:00+00:00,899.5,899.45,0.005559,True,session
JSWSTEEL,2312,2024-08-09 04:47:00+00:00,894.8,894.8,0.0,True,session
JSWSTEEL,2373,2024-08-09 05:48:00+00:00,898.55,898.55,0.0,True,session
JSWSTEEL,2389,2024-08-09 06:04:00+00:00,902.8,902.8,0.0,True,session
JSWSTEEL,2427,2024-08-09 06:42:00+00:00,912.95,912.95,0.0,True,session
JSWSTEEL,2623,2024-08-09 09:58:00+00:00,908.15,907.75,0.044046,True,session
JSWSTEEL,2629,2024-08-12 03:49:00+00:00,900.9,901.2,0.0333,True,session
JSWSTEEL,2653,2024-08-12 04:13:00+00:00,916.85,916.85,0.0,True,session
JSWSTEEL,2666,2024-08-12 04:26:00+00:00,912.15,912.15,0.0,True,session
JSWSTEEL,2880,2024-08-12 08:00:00+00:00,921.15,921.15,0.0,True,session
JSWSTEEL,3013,2024-08-13 03:58:00+00:00,918.15,918.15,0.0,True,session
JSWSTEEL,3163,2024-08-13 06:28:00+00:00,918.8,918.7,0.010884,True,session
JSWSTEEL,3398,2024-08-14 04:08:00+00:00,906.0,905.9,0.011038,True,session
JSWSTEEL,3459,2024-08-14 05:09:00+00:00,905.2,905.8,0.066284,True,session
JSWSTEEL,3474,2024-08-14 05:24:00+00:00,894.6,894.55,0.005589,True,session
JSWSTEEL,3486,2024-08-14 05:36:00+00:00,887.35,887.25,0.01127,True,session
JSWSTEEL,3492,2024-08-14 05:42:00+00:00,892.0,892.25,0.028027,True,session
JSWSTEEL,3553,2024-08-14 06:43:00+00:00,893.85,893.65,0.022375,True,session
JSWSTEEL,3600,2024-08-14 07:30:00+00:00,899.25,899.65,0.044482,True,session
JSWSTEEL,3661,2024-08-14 08:31:00+00:00,899.65,899.55,0.011115,True,session
JSWSTEEL,3700,2024-08-14 09:10:00+00:00,891.35,890.95,0.044876,True,session
JSWSTEEL,3751,2024-08-16 03:46:00+00:00,899.45,899.3,0.016677,True,session
JSWSTEEL,3773,2024-08-16 04:08:00+00:00,900.25,900.2,0.005554,True,session
JSWSTEEL,3808,2024-08-16 04:43:00+00:00,892.15,892.35,0.022418,True,session
JSWSTEEL,3869,2024-08-16 05:44:00+00:00,886.45,886.45,0.0,True,session
JSWSTEEL,3886,2024-08-16 06:01:00+00:00,890.7,890.7,0.0,True,session
JSWSTEEL,3925,2024-08-16 06:40:00+00:00,895.45,895.45,0.0,True,session
JSWSTEEL,3986,2024-08-16 07:41:00+00:00,893.75,893.3,0.05035,True,session
JSWSTEEL,4016,2024-08-16 08:11:00+00:00,899.5,899.5,0.0,True,session
JSWSTEEL,4077,2024-08-16 09:12:00+00:00,903.1,903.55,0.049828,True,session
JSWSTEEL,4112,2024-08-16 09:47:00+00:00,909.55,909.6,0.005497,True,session
JSWSTEEL,4182,2024-08-19 04:42:00+00:00,914.4,914.45,0.005468,True,session
JSWSTEEL,4206,2024-08-19 05:06:00+00:00,908.5,908.85,0.038525,True,session
JSWSTEEL,4319,2024-08-19 06:59:00+00:00,912.8,912.8,0.0,True,session
JSWSTEEL,4381,2024-08-19 08:01:00+00:00,913.55,913.55,0.0,True,session
JSWSTEEL,4443,2024-08-19 09:03:00+00:00,915.8,915.8,0.0,True,session
JSWSTEEL,4504,2024-08-20 03:49:00+00:00,914.8,914.8,0.0,True,session
JSWSTEEL,4565,2024-08-20 04:50:00+00:00,914.6,914.6,0.0,True,session
JSWSTEEL,4691,2024-08-20 06:56:00+00:00,917.3,916.8,0.054508,True,session
JSWSTEEL,4900,2024-08-21 04:10:00+00:00,921.35,920.95,0.043415,True,session
JSWSTEEL,4961,2024-08-21 05:11:00+00:00,921.85,921.85,0.0,True,session
JSWSTEEL,5069,2024-08-21 06:59:00+00:00,925.45,925.45,0.0,True,session
JSWSTEEL,5130,2024-08-21 08:00:00+00:00,924.75,925.4,0.070289,True,session
JSWSTEEL,5225,2024-08-21 09:35:00+00:00,925.2,925.3,0.010808,True,session
JSWSTEEL,5286,2024-08-22 04:21:00+00:00,925.95,926.5,0.059398,True,session
JSWSTEEL,5347,2024-08-22 05:22:00+00:00,928.85,928.85,0.0,True,session
JSWSTEEL,5408,2024-08-22 06:23:00+00:00,929.85,929.85,0.0,True,session
JSWSTEEL,5469,2024-08-22 07:24:00+00:00,933.95,933.95,0.0,True,session
JSWSTEEL,5530,2024-08-22 08:25:00+00:00,931.5,931.4,0.010735,True,session
JSWSTEEL,5591,2024-08-22 09:26:00+00:00,930.95,931.0,0.005371,True,session
JSWSTEEL,5652,2024-08-23 04:12:00+00:00,931.9,931.85,0.005365,True,session
JSWSTEEL,5713,2024-08-23 05:13:00+00:00,936.1,936.0,0.010683,True,session
JSWSTEEL,5774,2024-08-23 06:14:00+00:00,938.0,938.0,0.0,True,session
JSWSTEEL,5835,2024-08-23 07:15:00+00:00,936.0,936.0,0.0,True,session
JSWSTEEL,5896,2024-08-23 08:16:00+00:00,938.75,938.5,0.026631,True,session
JSWSTEEL,5957,2024-08-23 09:17:00+00:00,939.65,939.65,0.0,True,session
JSWSTEEL,6018,2024-08-26 04:03:00+00:00,940.65,941.05,0.042524,True,session
JSWSTEEL,6079,2024-08-26 05:04:00+00:00,943.5,943.5,0.0,True,session
JSWSTEEL,6118,2024-08-26 05:43:00+00:00,938.45,938.45,0.0,True,session
JSWSTEEL,6184,2024-08-26 06:49:00+00:00,942.0,942.05,0.005308,True,session
JSWSTEEL,6236,2024-08-26 07:41:00+00:00,950.25,950.25,0.0,True,session
JSWSTEEL,6297,2024-08-26 08:42:00+00:00,952.6,952.6,0.0,True,session
JSWSTEEL,6314,2024-08-26 08:59:00+00:00,961.95,962.0,0.005198,True,session
JSWSTEEL,6375,2024-08-27 03:45:00+00:00,964.0,963.45,0.057054,True,session
JSWSTEEL,6378,2024-08-27 03:48:00+00:00,959.85,959.8,0.005209,True,session
JSWSTEEL,6399,2024-08-27 04:09:00+00:00,954.75,954.95,0.020948,True,session
JSWSTEEL,6460,2024-08-27 05:10:00+00:00,952.85,952.85,0.0,True,session
JSWSTEEL,6521,2024-08-27 06:11:00+00:00,950.8,950.3,0.052587,True,session
JSWSTEEL,6582,2024-08-27 07:12:00+00:00,948.1,948.1,0.0,True,session
JSWSTEEL,6607,2024-08-27 07:37:00+00:00,952.9,952.9,0.0,True,session
JSWSTEEL,6668,2024-08-27 08:38:00+00:00,947.75,947.75,0.0,True,session
JSWSTEEL,6729,2024-08-27 09:39:00+00:00,943.8,943.75,0.005298,True,session
JSWSTEEL,6790,2024-08-28 04:25:00+00:00,937.95,937.95,0.0,True,session
JSWSTEEL,6851,2024-08-28 05:26:00+00:00,936.7,936.95,0.026689,True,session
JSWSTEEL,6890,2024-08-28 06:05:00+00:00,941.8,941.8,0.0,True,session
JSWSTEEL,6905,2024-08-28 06:20:00+00:00,947.4,947.3,0.010555,True,session
JSWSTEEL,6966,2024-08-28 07:21:00+00:00,947.1,946.8,0.031676,True,session
JSWSTEEL,7027,2024-08-28 08:22:00+00:00,949.15,949.15,0.0,True,session
JSWSTEEL,7088,2024-08-28 09:23:00+00:00,945.05,944.9,0.015872,True,session
JSWSTEEL,7107,2024-08-28 09:42:00+00:00,950.9,950.9,0.0,True,session
JSWSTEEL,7168,2024-08-29 04:28:00+00:00,949.6,949.6,0.0,True,session
JSWSTEEL,7226,2024-08-29 05:26:00+00:00,941.0,941.0,0.0,True,session
JSWSTEEL,7287,2024-08-29 06:27:00+00:00,942.15,942.35,0.021228,True,session
JSWSTEEL,7348,2024-08-29 07:28:00+00:00,944.0,944.0,0.0,True,session
JSWSTEEL,7409,2024-08-29 08:29:00+00:00,939.45,939.45,0.0,True,session
JSWSTEEL,7470,2024-08-29 09:30:00+00:00,941.65,941.65,0.0,True,session
JSWSTEEL,7501,2024-08-30 03:46:00+00:00,941.75,941.3,0.047783,True,session
JSWSTEEL,7526,2024-08-30 04:11:00+00:00,948.25,948.25,0.0,True,session
JSWSTEEL,7541,2024-08-30 04:26:00+00:00,945.2,945.2,0.0,True,session
JSWSTEEL,7602,2024-08-30 05:27:00+00:00,947.15,947.15,0.0,True,session
KOTAKBANK,233,2024-08-01 07:38:00+00:00,358.8,358.8,0.0,True,session
KOTAKBANK,294,2024-08-01 08:39:00+00:00,358.9,358.9,0.0,True,session
KOTAKBANK,355,2024-08-01 09:40:00+00:00,358.8,358.8,0.0,True,session
KOTAKBANK,399,2024-08-02 04:09:00+00:00,358.8,358.8,0.0,True,session
KOTAKBANK,444,2024-08-02 04:54:00+00:00,358.0,358.0,0.0,True,session
KOTAKBANK,505,2024-08-02 05:55:00+00:00,360.0,360.0,0.0,True,session
KOTAKBANK,566,2024-08-02 06:56:00+00:00,360.8,360.7,0.027716,True,session
KOTAKBANK,627,2024-08-02 07:57:00+00:00,361.3,361.3,0.0,True,session
KOTAKBANK,688,2024-08-02 08:58:00+00:00,361.5,361.5,0.0,True,session
KOTAKBANK,749,2024-08-02 09:59:00+00:00,359.9,359.9,0.0,True,session
KOTAKBANK,751,2024-08-05 03:46:00+00:00,359.7,359.8,0.027801,True,session
KOTAKBANK,758,2024-08-05 03:53:00+00:00,358.1,358.2,0.027925,True,session
KOTAKBANK,793,2024-08-05 04:28:00+00:00,354.6,354.6,0.0,True,session
KOTAKBANK,854,2024-08-05 05:29:00+00:00,355.7,355.7,0.0,True,session
KOTAKBANK,915,2024-08-05 06:30:00+00:00,354.7,354.7,0.0,True,session
KOTAKBANK,976,2024-08-05 07:31:00+00:00,354.4,354.4,0.0,True,session
KOTAKBANK,1037,2024-08-05 08:32:00+00:00,355.0,355.0,0.0,True,session
KOTAKBANK,1098,2024-08-05 09:33:00+00:00,354.9,354.9,0.0,True,session
KOTAKBANK,1126,2024-08-06 03:46:00+00:00,357.3,357.4,0.027988,True,session
KOTAKBANK,1187,2024-08-06 04:47:00+00:00,354.9,355.0,0.028177,True,session
KOTAKBANK,1248,2024-08-06 05:48:00+00:00,355.7,355.7,0.0,True,session
KOTAKBANK,1309,2024-08-06 06:49:00+00:00,354.6,354.6,0.0,True,session
KOTAKBANK,1370,2024-08-06 07:50:00+00:00,355.6,355.6,0.0,True,session
KOTAKBANK,1430,2024-08-06 08:50:00+00:00,352.2,352.2,0.0,True,session
KOTAKBANK,1449,2024-08-06 09:09:00+00:00,354.0,353.9,0.028249,True,session
KOTAKBANK,1501,2024-08-07 03:46:00+00:00,355.4,355.3,0.028137,True,session
KOTAKBANK,1562,2024-08-07 04:47:00+00:00,352.6,352.6,0.0,True,session
KOTAKBANK,1623,2024-08-07 05:48:00+00:00,354.2,354.2,0.0,True,session
KOTAKBANK,1684,2024-08-07 06:49:00+00:00,353.3,353.3,0.0,True,session
KOTAKBANK,1745,2024-08-07 07:50:00+00:00,352.8,352.8,0.0,True,session
KOTAKBANK,1806,2024-08-07 08:51:00+00:00,354.1,354.1,0.0,True,session
KOTAKBANK,1864,2024-08-07 09:49:00+00:00,356.1,356.1,0.0,True,session
KOTAKBANK,1929,2024-08-08 04:39:00+00:00,353.7,353.7,0.0,True,session
KOTAKBANK,1990,2024-08-08 05:40:00+00:00,355.5,355.5,0.0,True,session
KOTAKBANK,2051,2024-08-08 06:41:00+00:00,354.1,354.1,0.0,True,session
KOTAKBANK,2112,2024-08-08 07:42:00+00:00,353.1,353.1,0.0,True,session
KOTAKBANK,2173,2024-08-08 08:43:00+00:00,353.7,353.7,0.0,True,session
KOTAKBANK,2234,2024-08-08 09:44:00+00:00,354.5,354.5,0.0,True,session
KOTAKBANK,2413,2024-08-09 06:28:00+00:00,355.5,355.5,0.0,True,session
KOTAKBANK,2629,2024-08-12 03:49:00+00:00,351.5,351.5,0.0,True,session
KOTAKBANK,2688,2024-08-12 04:48:00+00:00,354.0,354.0,0.0,True,session
KOTAKBANK,2748,2024-08-12 05:48:00+00:00,357.2,357.4,0.055991,True,session
KOTAKBANK,2809,2024-08-12 06:49:00+00:00,357.6,357.6,0.0,True,session
KOTAKBANK,2870,2024-08-12 07:50:00+00:00,356.8,356.8,0.0,True,session
KOTAKBANK,2931,2024-08-12 08:51:00+00:00,356.5,356.3,0.056101,True,session
KOTAKBANK,2971,2024-08-12 09:31:00+00:00,354.5,354.4,0.028209,True,session
KOTAKBANK,3001,2024-08-13 03:46:00+00:00,357.7,357.7,0.0,True,session
KOTAKBANK,3033,2024-08-13 04:18:00+00:00,355.6,355.6,0.0,True,session
KOTAKBANK,3094,2024-08-13 05:19:00+00:00,354.2,354.2,0.0,True,session
KOTAKBANK,3147,2024-08-13 06:12:00+00:00,355.8,355.8,0.0,True,session
KOTAKBANK,3208,2024-08-13 07:13:00+00:00,354.3,354.3,0.0,True,session
KOTAKBANK,3269,2024-08-13 08:14:00+00:00,352.6,352.6,0.0,True,session
KOTAKBANK,3330,2024-08-13 09:15:00+00:00,349.7,349.7,0.0,True,session
KOTAKBANK,3376,2024-08-14 03:46:00+00:00,350.0,350.0,0.0,True,session
KOTAKBANK,3408,2024-08-14 04:18:00+00:00,351.4,351.4,0.0,True,session
KOTAKBANK,3469,2024-08-14 05:19:00+00:00,351.2,351.2,0.0,True,session
KOTAKBANK,3530,2024-08-14 06:20:00+00:00,350.9,350.9,0.0,True,session
KOTAKBANK,3591,2024-08-14 07:21:00+00:00,350.4,350.4,0.0,True,session
KOTAKBANK,3652,2024-08-14 08:22:00+00:00,350.2,350.2,0.0,True,session
KOTAKBANK,3713,2024-08-14 09:23:00+00:00,350.9,350.9,0.0,True,session
KOTAKBANK,3751,2024-08-16 03:46:00+00:00,352.7,353.1,0.113411,True,session
KOTAKBANK,3812,2024-08-16 04:47:00+00:00,350.1,350.1,0.0,True,session
KOTAKBANK,3873,2024-08-16 05:48:00+00:00,350.5,350.5,0.0,True,session
KOTAKBANK,3887,2024-08-16 06:02:00+00:00,352.3,352.2,0.028385,True,session
KOTAKBANK,3919,2024-08-16 06:34:00+00:00,354.1,354.1,0.0,True,session
KOTAKBANK,3996,2024-08-16 07:51:00+00:00,354.5,354.6,0.028209,True,session
KOTAKBANK,4057,2024-08-16 08:52:00+00:00,356.6,356.6,0.0,True,session
KOTAKBANK,4118,2024-08-16 09:53:00+00:00,355.1,355.1,0.0,True,session
KOTAKBANK,4203,2024-08-19 05:03:00+00:00,355.4,355.3,0.028137,True,session
KOTAKBANK,4265,2024-08-19 06:05:00+00:00,356.6,356.6,0.0,True,session
KOTAKBANK,4339,2024-08-19 07:19:00+00:00,356.4,356.4,0.0,True,session
KOTAKBANK,4400,2024-08-19 08:20:00+00:00,356.6,356.6,0.0,True,session
KOTAKBANK,4461,2024-08-19 09:21:00+00:00,356.7,356.8,0.028035,True,session
KOTAKBANK,4522,2024-08-20 04:07:00+00:00,357.9,357.9,0.0,True,session
KOTAKBANK,4581,2024-08-20 05:06:00+00:00,361.1,361.1,0.0,True,session
KOTAKBANK,4642,2024-08-20 06:07:00+00:00,360.9,360.8,0.027709,True,session
KOTAKBANK,4703,2024-08-20 07:08:00+00:00,361.4,361.4,0.0,True,session
KOTAKBANK,4764,2024-08-20 08:09:00+00:00,362.1,362.1,0.0,True,session
KOTAKBANK,4825,2024-08-20 09:10:00+00:00,362.1,362.1,0.0,True,session
KOTAKBANK,4876,2024-08-21 03:46:00+00:00,360.6,360.5,0.027732,True,session
KOTAKBANK,4891,2024-08-21 04:01:00+00:00,358.9,358.9,0.0,True,session
KOTAKBANK,5007,2024-08-21 05:57:00+00:00,360.1,360.1,0.0,True,session
KOTAKBANK,5068,2024-08-21 06:58:00+00:00,360.0,360.0,0.0,True,session
KOTAKBANK,5162,2024-08-21 08:32:00+00:00,359.9,359.9,0.0,True,session
KOTAKBANK,5223,2024-08-21 09:33:00+00:00,362.1,362.4,0.08285,True,session
KOTAKBANK,5284,2024-08-22 04:19:00+00:00,362.4,362.4,0.0,True,session
KOTAKBANK,5345,2024-08-22 05:20:00+00:00,361.5,361.5,0.0,True,session
KOTAKBANK,5406,2024-08-22 06:21:00+00:00,362.5,362.5,0.0,True,session
KOTAKBANK,5467,2024-08-22 07:22:00+00:00,362.1,362.1,0.0,True,session
KOTAKBANK,5528,2024-08-22 08:23:00+00:00,362.6,362.6,0.0,True,session
KOTAKBANK,5589,2024-08-22 09:24:00+00:00,363.8,363.9,0.027488,True,session
KOTAKBANK,5650,2024-08-23 04:10:00+00:00,363.6,363.7,0.027503,True,session
KOTAKBANK,5711,2024-08-23 05:11:00+00:00,364.0,364.0,0.0,True,session
KOTAKBANK,5772,2024-08-23 06:12:00+00:00,364.6,364.6,0.0,True,session
KOTAKBANK,5833,2024-08-23 07:13:00+00:00,364.7,364.7,0.0,True,session
KOTAKBANK,5894,2024-08-23 08:14:00+00:00,364.0,364.0,0.0,True,session
KOTAKBANK,5955,2024-08-23 09:15:00+00:00,363.7,363.7,0.0,True,session
KOTAKBANK,6018,2024-08-26 04:03:00+00:00,363.9,363.9,0.0,True,session
KOTAKBANK,6202,2024-08-26 07:07:00+00:00,363.5,363.5,0.0,True,session
KOTAKBANK,6263,2024-08-26 08:08:00+00:00,363.7,363.8,0.027495,True,session
KOTAKBANK,6382,2024-08-27 03:52:00+00:00,360.9,360.8,0.027709,True,session
KOTAKBANK,6443,2024-08-27 04:53:00+00:00,359.7,359.6,0.027801,True,session
KOTAKBANK,6504,2024-08-27 05:54:00+00:00,360.9,360.9,0.0,True,session
KOTAKBANK,6565,2024-08-27 06:55:00+00:00,361.1,361.1,0.0,True,session
KOTAKBANK,6626,2024-08-27 07:56:00+00:00,361.3,361.3,0.0,True,session
KOTAKBANK,6687,2024-08-27 08:57:00+00:00,360.8,360.8,0.0,True,session
KOTAKBANK,6748,2024-08-27 09:58:00+00:00,361.0,361.0,0.0,True,session
KOTAKBANK,6809,2024-08-28 04:44:00+00:00,359.5,359.5,0.0,True,session
KOTAKBANK,6870,2024-08-28 05:45:00+00:00,359.4,359.5,0.027824,True,session
KOTAKBANK,6931,2024-08-28 06:46:00+00:00,359.8,359.8,0.0,True,session
KOTAKBANK,6992,2024-08-28 07:47:00+00:00,359.6,359.7,0.027809,True,session
KOTAKBANK,7053,2024-08-28 08:48:00+00:00,359.9,359.9,0.0,True,session
KOTAKBANK,7114,2024-08-28 09:49:00+00:00,358.1,358.1,0.0,True,session
KOTAKBANK,7175,2024-08-29 04:35:00+00:00,359.5,359.5,0.0,True,session
KOTAKBANK,7236,2024-08-29 05:36:00+00:00,358.6,358.4,0.055772,True,session
KOTAKBANK,7297,2024-08-29 06:37:00+00:00,357.2,357.2,0.0,True,session
KOTAKBANK,7358,2024-08-29 07:38:00+00:00,357.8,357.8,0.0,True,session
KOTAKBANK,7419,2024-08-29 08:39:00+00:00,355.5,355.5,0.0,True,session
KOTAKBANK,7480,2024-08-29 09:40:00+00:00,355.6,355.6,0.0,True,session
KOTAKBANK,7501,2024-08-30 03:46:00+00:00,355.2,355.2,0.0,True,session
KOTAKBANK,7562,2024-08-30 04:47:00+00:00,355.8,355.7,0.028106,True,session
KOTAKBANK,7623,2024-08-30 05:48:00+00:00,356.8,356.7,0.028027,True,session
KOTAKBANK,7684,2024-08-30 06:49:00+00:00,357.0,357.0,0.0,True,session
KOTAKBANK,7745,2024-08-30 07:50:00+00:00,357.0,357.0,0.0,True,session
KOTAKBANK,7806,2024-08-30 08:51:00+00:00,357.2,357.2,0.0,True,session
KOTAKBANK,7867,2024-08-30 09:52:00+00:00,356.1,356.1,0.0,True,session
LT,22,2024-08-01 04:07:00+00:00,3820.6,3821.6,0.026174,True,session
LT,83,2024-08-01 05:08:00+00:00,3812.2,3812.2,0.0,True,session
LT,144,2024-08-01 06:09:00+00:00,3811.4,3811.4,0.0,True,session
LT,205,2024-08-01 07:10:00+00:00,3782.0,3782.0,0.0,True,session
LT,266,2024-08-01 08:11:00+00:00,3769.9,3769.9,0.0,True,session
LT,327,2024-08-01 09:12:00+00:00,3781.85,3781.85,0.0,True,session
LT,376,2024-08-02 03:46:00+00:00,3705.05,3709.8,0.128203,True,session
LT,437,2024-08-02 04:47:00+00:00,3696.25,3697.95,0.045993,True,session
LT,498,2024-08-02 05:48:00+00:00,3697.6,3697.6,0.0,True,session
LT,559,2024-08-02 06:49:00+00:00,3698.5,3698.5,0.0,True,session
LT,620,2024-08-02 07:50:00+00:00,3677.55,3676.85,0.019034,True,session
LT,681,2024-08-02 08:51:00+00:00,3685.7,3685.7,0.0,True,session
LT,742,2024-08-02 09:52:00+00:00,3670.0,3670.1,0.002725,True,session
LT,751,2024-08-05 03:46:00+00:00,3594.85,3594.55,0.008345,True,session
LT,812,2024-08-05 04:47:00+00:00,3577.75,3577.75,0.0,True,session
LT,871,2024-08-05 05:46:00+00:00,3533.2,3533.2,0.0,True,session
LT,932,2024-08-05 06:47:00+00:00,3546.65,3546.65,0.0,True,session
LT,993,2024-08-05 07:48:00+00:00,3540.75,3540.95,0.005649,True,session
LT,1054,2024-08-05 08:49:00+00:00,3540.0,3540.4,0.011299,True,session
LT,1115,2024-08-05 09:50:00+00:00,3527.25,3527.25,0.0,True,session
LT,1126,2024-08-06 03:46:00+00:00,3611.25,3613.05,0.049844,True,session
LT,1187,2024-08-06 04:47:00+00:00,3604.75,3604.75,0.0,True,session
LT,1248,2024-08-06 05:48:00+00:00,3610.0,3610.0,0.0,True,session
LT,1309,2024-08-06 06:49:00+00:00,3607.15,3607.15,0.0,True,session
LT,1370,2024-08-06 07:50:00+00:00,3600.1,3600.1,0.0,True,session
LT,1431,2024-08-06 08:51:00+00:00,3585.05,3585.05,0.0,True,session
LT,1492,2024-08-06 09:52:00+00:00,3581.0,3581.1,0.002793,True,session
LT,1501,2024-08-07 03:46:00+00:00,3615.55,3615.55,0.0,True,session
LT,1562,2024-08-07 04:47:00+00:00,3616.4,3616.45,0.001383,True,session
LT,1595,2024-08-07 05:20:00+00:00,3643.85,3643.85,0.0,True,session
LT,1656,2024-08-07 06:21:00+00:00,3634.5,3634.9,0.011006,True,session
LT,1717,2024-08-07 07:22:00+00:00,3640.8,3641.05,0.006867,True,session
LT,1778,2024-08-07 08:23:00+00:00,3637.5,3639.15,0.045361,True,session
LT,1839,2024-08-07 09:24:00+00:00,3631.0,3631.5,0.01377,True,session
LT,1880,2024-08-08 03:50:00+00:00,3596.6,3596.05,0.015292,True,session
LT,1941,2024-08-08 04:51:00+00:00,3587.4,3587.4,0.0,True,session
LT,2002,2024-08-08 05:52:00+00:00,3585.4,3585.4,0.0,True,session
LT,2055,2024-08-08 06:45:00+00:00,3604.9,3604.95,0.001387,True,session
LT,2108,2024-08-08 07:38:00+00:00,3566.15,3566.0,0.004206,True,session
LT,2169,2024-08-08 08:39:00+00:00,3564.35,3563.75,0.016833,True,session
LT,2230,2024-08-08 09:40:00+00:00,3552.5,3552.85,0.009852,True,session
LT,2251,2024-08-09 03:46:00+00:00,3593.25,3592.9,0.00974,True,session
LT,2312,2024-08-09 04:47:00+00:00,3594.35,3594.35,0.0,True,session
LT,2373,2024-08-09 05:48:00+00:00,3587.0,3587.0,0.0,True,session
LT,2434,2024-08-09 06:49:00+00:00,3577.35,3577.2,0.004193,True,session
LT,2495,2024-08-09 07:50:00+00:00,3587.8,3588.25,0.012543,True,session
LT,2556,2024-08-09 08:51:00+00:00,3593.7,3593.85,0.004174,True,session
LT,2617,2024-08-09 09:52:00+00:00,3593.8,3593.9,0.002783,True,session
LT,2678,2024-08-12 04:38:00+00:00,3571.8,3571.65,0.0042,True,session
LT,2715,2024-08-12 05:15:00+00:00,3592.05,3592.1,0.001392,True,session
LT,2776,2024-08-12 06:16:00+00:00,3592.6,3592.6,0.0,True,session
LT,2848,2024-08-12 07:28:00+00:00,3583.95,3583.95,0.0,True,session
LT,2909,2024-08-12 08:29:00+00:00,3584.2,3584.2,0.0,True,session
LT,2970,2024-08-12 09:30:00+00:00,3579.0,3578.45,0.015367,True,session
LT,3284,2024-08-13 08:29:00+00:00,3563.25,3563.25,0.0,True,session
LT,3345,2024-08-13 09:30:00+00:00,3554.45,3554.1,0.009847,True,session
LT,3376,2024-08-14 03:46:00+00:00,3564.2,3568.9,0.131867,True,session
LT,3437,2024-08-14 04:47:00+00:00,3564.3,3563.0,0.036473,True,session
LT,3498,2024-08-14 05:48:00+00:00,3555.4,3556.25,0.023907,True,session
LT,3559,2024-08-14 06:49:00+00:00,3558.6,3558.6,0.0,True,session
LT,3620,2024-08-14 07:50:00+00:00,3561.2,3561.2,0.0,True,session
LT,3681,2024-08-14 08:51:00+00:00,3553.55,3553.5,0.001407,True,session
LT,3742,2024-08-14 09:52:00+00:00,3540.45,3540.45,0.0,True,session
LT,3751,2024-08-16 03:46:00+00:00,3570.6,3570.3,0.008402,True,session
LT,3812,2024-08-16 04:47:00+00:00,3552.7,3552.0,0.019703,True,session
LT,3873,2024-08-16 05:48:00+00:00,3539.95,3539.95,0.0,True,session
LT,3887,2024-08-16 06:02:00+00:00,3556.3,3556.25,0.001406,True,session
LT,3948,2024-08-16 07:03:00+00:00,3563.1,3562.75,0.009823,True,session
LT,4128,2024-08-19 03:48:00+00:00,3585.05,3584.0,0.029288,True,session
LT,4160,2024-08-19 04:20:00+00:00,3571.15,3571.15,0.0,True,session
LT,4221,2024-08-19 05:21:00+00:00,3552.75,3553.55,0.022518,True,session
LT,4282,2024-08-19 06:22:00+00:00,3560.0,3560.1,0.002809,True,session
LT,4343,2024-08-19 07:23:00+00:00,3557.65,3557.65,0.0,True,session
LT,4404,2024-08-19 08:24:00+00:00,3556.1,3556.1,0.0,True,session
LT,4465,2024-08-19 09:25:00+00:00,3557.65,3558.0,0.009838,True,session
LT,4526,2024-08-20 04:11:00+00:00,3559.85,3559.05,0.022473,True,session
LT,4587,2024-08-20 05:12:00+00:00,3568.0,3568.0,0.0,True,session
LT,4648,2024-08-20 06:13:00+00:00,3565.1,3564.35,0.021037,True,session
LT,4709,2024-08-20 07:14:00+00:00,3570.2,3570.05,0.004201,True,session
LT,4781,2024-08-20 08:26:00+00:00,3570.95,3570.95,0.0,True,session
LT,4842,2024-08-20 09:27:00+00:00,3574.6,3574.7,0.002798,True,session
LT,4900,2024-08-21 04:10:00+00:00,3608.15,3609.25,0.030487,True,session
LT,4961,2024-08-21 05:11:00+00:00,3604.95,3604.95,0.0,True,session
LT,5022,2024-08-21 06:12:00+00:00,3602.0,3602.0,0.0,True,session
LT,5083,2024-08-21 07:13:00+00:00,3605.45,3605.45,0.0,True,session
LT,5144,2024-08-21 08:14:00+00:00,3605.15,3605.0,0.004161,True,session
LT,5205,2024-08-21 09:15:00+00:00,3594.1,3594.1,0.0,True,session
LT,5266,2024-08-22 04:01:00+00:00,3605.0,3605.0,0.0,True,session
LT,5309,2024-08-22 04:44:00+00:00,3587.75,3587.75,0.0,True,session
LT,5381,2024-08-22 05:56:00+00:00,3609.75,3608.75,0.027703,True,session
LT,5442,2024-08-22 06:57:00+00:00,3604.2,3604.2,0.0,True,session
LT,5628,2024-08-23 03:48:00+00:00,3595.0,3594.0,0.027816,True,session
LT,6025,2024-08-26 04:10:00+00:00,3613.15,3612.7,0.012455,True,session
LT,6086,2024-08-26 05:11:00+00:00,3617.35,3617.35,0.0,True,session
LT,6147,2024-08-26 06:12:00+00:00,3622.95,3621.95,0.027602,True,session
LT,6208,2024-08-26 07:13:00+00:00,3634.4,3634.4,0.0,True,session
LT,6269,2024-08-26 08:14:00+00:00,3642.95,3643.0,0.001373,True,session
LT,6330,2024-08-26 09:15:00+00:00,3646.05,3646.9,0.023313,True,session
LT,6391,2024-08-27 04:01:00+00:00,3665.2,3666.0,0.021827,True,session
LT,6426,2024-08-27 04:36:00+00:00,3701.0,3701.45,0.012159,True,session
LT,6559,2024-08-27 06:49:00+00:00,3709.9,3710.0,0.002695,True,session
LT,6633,2024-08-27 08:03:00+00:00,3727.9,3727.9,0.0,True,session
LT,6700,2024-08-27 09:10:00+00:00,3707.7,3707.9,0.005394,True,session
LT,6761,2024-08-28 03:56:00+00:00,3711.15,3712.0,0.022904,True,session
LT,6822,2024-08-28 04:57:00+00:00,3694.0,3694.0,0.0,True,session
LT,6883,2024-08-28 05:58:00+00:00,3694.2,3694.15,0.001353,True,session
LT,6944,2024-08-28 06:59:00+00:00,3703.8,3703.45,0.00945,True,session
LT,7005,2024-08-28 08:00:00+00:00,3692.9,3692.9,0.0,True,session
LT,7066,2024-08-28 09:01:00+00:00,3698.3,3697.9,0.010816,True,session
LT,7127,2024-08-29 03:47:00+00:00,3688.3,3688.3,0.0,True,session
LT,7168,2024-08-29 04:28:00+00:00,3708.1,3709.75,0.044497,True,session
LT,7229,2024-08-29 05:29:00+00:00,3703.0,3703.0,0.0,True,session
LT,7290,2024-08-29 06:30:00+00:00,3692.4,3693.8,0.037916,True,session
LT,7351,2024-08-29 07:31:00+00:00,3700.95,3700.95,0.0,True,session
LT,7412,2024-08-29 08:32:00+00:00,3683.0,3683.8,0.021721,True,session
LT,7473,2024-08-29 09:33:00+00:00,3691.85,3691.3,0.014898,True,session
LT,7501,2024-08-30 03:46:00+00:00,3729.35,3726.1,0.087147,True,session
LT,7521,2024-08-30 04:06:00+00:00,3692.0,3691.85,0.004063,True,session
LT,7582,2024-08-30 05:07:00+00:00,3678.05,3677.75,0.008156,True,session
LT,7643,2024-08-30 06:08:00+00:00,3686.85,3686.0,0.023055,True,session
LT,7704,2024-08-30 07:09:00+00:00,3689.5,3689.5,0.0,True,session
LT,7765,2024-08-30 08:10:00+00:00,3695.0,3695.0,0.0,True,session
LT,7826,2024-08-30 09:11:00+00:00,3702.0,3702.0,0.0,True,session
M&M,2,2024-08-01 03:47:00+00:00,2893.55,2894.5,0.032832,True,session
M&M,5,2024-08-01 03:50:00+00:00,2872.8,2874.65,0.064397,True,session
M&M,11,2024-08-01 03:56:00+00:00,2851.35,2850.25,0.038578,True,session
M&M,19,2024-08-01 04:04:00+00:00,2866.3,2867.35,0.036633,True,session
M&M,48,2024-08-01 04:33:00+00:00,2882.0,2881.95,0.001735,True,session
M&M,78,2024-08-01 05:03:00+00:00,2855.05,2855.0,0.001751,True,session
M&M,125,2024-08-01 05:50:00+00:00,2829.95,2830.0,0.001767,True,session
M&M,186,2024-08-01 06:51:00+00:00,2831.95,2831.7,0.008828,True,session
M&M,247,2024-08-01 07:52:00+00:00,2832.0,2832.15,0.005297,True,session
M&M,308,2024-08-01 08:53:00+00:00,2827.65,2827.65,0.0,True,session
M&M,369,2024-08-01 09:54:00+00:00,2829.4,2829.2,0.007069,True,session
M&M,376,2024-08-02 03:46:00+00:00,2795.9,2797.95,0.073322,True,session
M&M,437,2024-08-02 04:47:00+00:00,2797.6,2796.55,0.037532,True,session
M&M,449,2024-08-02 04:59:00+00:00,2769.0,2769.5,0.018057,True,session
M&M,510,2024-08-02 06:00:00+00:00,2775.45,2775.45,0.0,True,session
M&M,571,2024-08-02 07:01:00+00:00,2761.8,2761.0,0.028967,True,session
M&M,632,2024-08-02 08:02:00+00:00,2746.55,2746.55,0.0,True,session
M&M,665,2024-08-02 08:35:00+00:00,2764.45,2764.7,0.009043,True,session
M&M,706,2024-08-02 09:16:00+00:00,2735.25,2736.0,0.02742,True,session
M&M,734,2024-08-02 09:44:00+00:00,2754.15,2754.0,0.005446,True,session
M&M,751,2024-08-05 03:46:00+00:00,2696.3,2697.45,0.042651,True,session
M&M,760,2024-08-05 03:55:00+00:00,2660.3,2660.25,0.001879,True,session
M&M,769,2024-08-05 04:04:00+00:00,2679.65,2679.65,0.0,True,session
M&M,830,2024-08-05 05:05:00+00:00,2672.0,2672.0,0.0,True,session
M&M,891,2024-08-05 06:06:00+00:00,2640.45,2640.55,0.003787,True,session
M&M,952,2024-08-05 07:07:00+00:00,2649.25,2649.25,0.0,True,session
M&M,1013,2024-08-05 08:08:00+00:00,2668.8,2668.95,0.005621,True,session
M&M,1074,2024-08-05 09:09:00+00:00,2672.6,2673.4,0.029933,True,session
M&M,1126,2024-08-06 03:46:00+00:00,2736.6,2737.9,0.047504,True,session
M&M,1187,2024-08-06 04:47:00+00:00,2703.3,2703.3,0.0,True,session
M&M,1248,2024-08-06 05:48:00+00:00,2706.05,2706.05,0.0,True,session
M&M,1309,2024-08-06 06:49:00+00:00,2707.65,2707.65,0.0,True,session
M&M,1370,2024-08-06 07:50:00+00:00,2679.05,2679.05,0.0,True,session
M&M,1431,2024-08-06 08:51:00+00:00,2648.9,2648.9,0.0,True,session
M&M,1492,2024-08-06 09:52:00+00:00,2629.8,2629.65,0.005704,True,session
M&M,1501,2024-08-07 03:46:00+00:00,2694.85,2694.0,0.031542,True,session
M&M,1562,2024-08-07 04:47:00+00:00,2662.95,2662.95,0.0,True,session
M&M,1623,2024-08-07 05:48:00+00:00,2674.2,2674.2,0.0,True,session
M&M,1684,2024-08-07 06:49:00+00:00,2684.5,2685.0,0.018625,True,session
M&M,1745,2024-08-07 07:50:00+00:00,2674.5,2674.5,0.0,True,session
M&M,1806,2024-08-07 08:51:00+00:00,2674.4,2674.4,0.0,True,session
M&M,1867,2024-08-07 09:52:00+00:00,2680.85,2681.0,0.005595,True,session
M&M,1928,2024-08-08 04:38:00+00:00,2661.75,2661.8,0.001878,True,session
M&M,1989,2024-08-08 05:39:00+00:00,2679.95,2679.95,0.0,True,session
M&M,2042,2024-08-08 06:32:00+00:00,2695.85,2695.85,0.0,True,session
M&M,2114,2024-08-08 07:44:00+00:00,2683.1,2683.1,0.0,True,session
M&M,2253,2024-08-09 03:48:00+00:00,2729.6,2730.0,0.014654,True,session
M&M,2314,2024-08-09 04:49:00+00:00,2743.0,2743.0,0.0,True,session
M&M,2428,2024-08-09 06:43:00+00:00,2736.15,2736.15,0.0,True,session
M&M,2489,2024-08-09 07:44:00+00:00,2742.55,2742.55,0.0,True,session
M&M,2550,2024-08-09 08:45:00+00:00,2746.75,2746.75,0.0,True,session
M&M,2611,2024-08-09 09:46:00+00:00,2747.5,2747.6,0.00364,True,session
M&M,2626,2024-08-12 03:46:00+00:00,2733.95,2731.75,0.08047,True,session
M&M,2672,2024-08-12 04:32:00+00:00,2721.95,2721.95,0.0,True,session
M&M,2738,2024-08-12 05:38:00+00:00,2714.85,2715.0,0.005525,True,session
M&M,2765,2024-08-12 06:05:00+00:00,2735.2,2735.2,0.0,True,session
M&M,3094,2024-08-13 05:19:00+00:00,2731.9,2731.9,0.0,True,session
M&M,3348,2024-08-13 09:33:00+00:00,2718.95,2718.95,0.0,True,session
M&M,3381,2024-08-14 03:51:00+00:00,2743.55,2743.55,0.0,True,session
M&M,3442,2024-08-14 04:52:00+00:00,2754.6,2754.0,0.021782,True,session
M&M,3503,2024-08-14 05:53:00+00:00,2760.3,2760.3,0.0,True,session
M&M,3522,2024-08-14 06:12:00+00:00,2744.7,2744.1,0.02186,True,session
M&M,3583,2024-08-14 07:13:00+00:00,2751.25,2751.25,0.0,True,session
M&M,3644,2024-08-14 08:14:00+00:00,2758.35,2759.5,0.041692,True,session
M&M,3705,2024-08-14 09:15:00+00:00,2758.4,2758.4,0.0,True,session
M&M,3718,2024-08-14 09:28:00+00:00,2744.0,2745.0,0.036443,True,session
M&M,3751,2024-08-16 03:46:00+00:00,2806.9,2807.45,0.019595,True,session
M&M,3757,2024-08-16 03:52:00+00:00,2834.0,2834.0,0.0,True,session
M&M,3788,2024-08-16 04:23:00+00:00,2816.0,2814.95,0.037287,True,session
M&M,3843,2024-08-16 05:18:00+00:00,2798.7,2798.7,0.0,True,session
M&M,4071,2024-08-16 09:06:00+00:00,2828.55,2828.8,0.008838,True,session
M&M,4126,2024-08-19 03:46:00+00:00,2837.2,2839.45,0.079304,True,session
M&M,4135,2024-08-19 03:55:00+00:00,2815.0,2815.0,0.0,True,session
M&M,4196,2024-08-19 04:56:00+00:00,2791.6,2791.6,0.0,True,session
M&M,4257,2024-08-19 05:57:00+00:00,2784.75,2784.75,0.0,True,session
M&M,4318,2024-08-19 06:58:00+00:00,2782.6,2782.6,0.0,True,session
M&M,4379,2024-08-19 07:59:00+00:00,2786.3,2786.35,0.001794,True,session
M&M,4440,2024-08-19 09:00:00+00:00,2779.7,2779.3,0.01439,True,session
M&M,4501,2024-08-20 03:46:00+00:00,2777.6,2776.2,0.050403,True,session
M&M,4562,2024-08-20 04:47:00+00:00,2769.95,2769.05,0.032492,True,session
M&M,4623,2024-08-20 05:48:00+00:00,2756.55,2756.55,0.0,True,session
M&M,4684,2024-08-20 06:49:00+00:00,2754.3,2754.3,0.0,True,session
M&M,4745,2024-08-20 07:50:00+00:00,2753.9,2753.5,0.014525,True,session
M&M,4806,2024-08-20 08:51:00+00:00,2758.0,2758.0,0.0,True,session
M&M,4850,2024-08-20 09:35:00+00:00,2772.6,2772.6,0.0,True,session
M&M,4911,2024-08-21 04:21:00+00:00,2762.6,2763.0,0.014479,True,session
M&M,4972,2024-08-21 05:22:00+00:00,2761.25,2761.25,0.0,True,session
M&M,5033,2024-08-21 06:23:00+00:00,2759.5,2759.5,0.0,True,session
M&M,5094,2024-08-21 07:24:00+00:00,2760.35,2760.35,0.0,True,session
M&M,5155,2024-08-21 08:25:00+00:00,2767.4,2767.7,0.010841,True,session
M&M,5216,2024-08-21 09:26:00+00:00,2764.5,2764.5,0.0,True,session
M&M,5277,2024-08-22 04:12:00+00:00,2754.7,2754.7,0.0,True,session
M&M,5338,2024-08-22 05:13:00+00:00,2753.85,2753.85,0.0,True,session
M&M,5399,2024-08-22 06:14:00+00:00,2752.75,2752.75,0.0,True,session
M&M,5460,2024-08-22 07:15:00+00:00,2747.15,2746.85,0.01092,True,session
M&M,5521,2024-08-22 08:16:00+00:00,2733.35,2733.35,0.0,True,session
M&M,5582,2024-08-22 09:17:00+00:00,2728.7,2728.7,0.0,True,session
M&M,5634,2024-08-23 03:54:00+00:00,2743.95,2744.0,0.001822,True,session
M&M,5695,2024-08-23 04:55:00+00:00,2750.75,2750.75,0.0,True,session
M&M,5860,2024-08-23 07:40:00+00:00,2763.2,2763.25,0.001809,True,session
M&M,5922,2024-08-23 08:42:00+00:00,2763.3,2763.3,0.0,True,session
M&M,5983,2024-08-23 09:43:00+00:00,2760.75,2760.8,0.001811,True,session
M&M,6021,2024-08-26 04:06:00+00:00,2784.7,2784.05,0.023342,True,session
M&M,6082,2024-08-26 05:07:00+00:00,2771.65,2771.65,0.0,True,session
M&M,6143,2024-08-26 06:08:00+00:00,2770.85,2771.05,0.007218,True,session
M&M,6284,2024-08-26 08:29:00+00:00,2780.0,2779.1,0.032374,True,session
M&M,6345,2024-08-26 09:30:00+00:00,2794.35,2794.35,0.0,True,session
M&M,6399,2024-08-27 04:09:00+00:00,2778.45,2779.6,0.04139,True,session
M&M,6460,2024-08-27 05:10:00+00:00,2796.55,2796.6,0.001788,True,session
M&M,6522,2024-08-27 06:12:00+00:00,2788.5,2788.45,0.001793,True,session
M&M,6674,2024-08-27 08:44:00+00:00,2787.0,2787.0,0.0,True,session
M&M,6752,2024-08-28 03:47:00+00:00,2806.0,2806.6,0.021383,True,session
M&M,6813,2024-08-28 04:48:00+00:00,2810.0,2810.0,0.0,True,session
M&M,6846,2024-08-28 05:21:00+00:00,2794.85,2793.65,0.042936,True,session
M&M,6946,2024-08-28 07:01:00+00:00,2810.0,2810.0,0.0,True,session
M&M,7320,2024-08-29 07:00:00+00:00,2772.5,2772.55,0.001803,True,session
M&M,7466,2024-08-29 09:26:00+00:00,2756.3,2756.25,0.001814,True,session
M&M,7527,2024-08-30 04:12:00+00:00,2777.55,2777.25,0.010801,True,session
M&M,7588,2024-08-30 05:13:00+00:00,2790.0,2790.0,0.0,True,session
M&M,7635,2024-08-30 06:00:00+00:00,2815.0,2815.0,0.0,True,session
M&M,7696,2024-08-30 07:01:00+00:00,2808.3,2808.5,0.007122,True,session
M&M,7757,2024-08-30 08:02:00+00:00,2811.5,2810.75,0.026676,True,session
M&M,7822,2024-08-30 09:07:00+00:00,2808.55,2808.15,0.014242,True,session
MAXHEALTH,295,2024-08-01 08:40:00+00:00,918.25,918.25,0.0,True,session
MAXHEALTH,322,2024-08-01 09:07:00+00:00,910.2,910.2,0.0,True,session
MAXHEALTH,332,2024-08-01 09:17:00+00:00,914.6,914.55,0.005467,True,session
MAXHEALTH,346,2024-08-01 09:31:00+00:00,924.4,923.85,0.059498,True,session
MAXHEALTH,376,2024-08-02 03:46:00+00:00,904.0,904.85,0.094027,True,session
MAXHEALTH,378,2024-08-02 03:48:00+00:00,912.35,912.45,0.010961,True,session
MAXHEALTH,439,2024-08-02 04:49:00+00:00,910.85,910.4,0.049404,True,session
MAXHEALTH,500,2024-08-02 05:50:00+00:00,913.55,913.55,0.0,True,session
MAXHEALTH,561,2024-08-02 06:51:00+00:00,917.35,917.35,0.0,True,session
MAXHEALTH,622,2024-08-02 07:52:00+00:00,915.8,915.8,0.0,True,session
MAXHEALTH,683,2024-08-02 08:53:00+00:00,916.2,916.2,0.0,True,session
MAXHEALTH,744,2024-08-02 09:54:00+00:00,917.0,916.4,0.065431,True,session
MAXHEALTH,751,2024-08-05 03:46:00+00:00,904.0,903.95,0.005531,True,session
MAXHEALTH,812,2024-08-05 04:47:00+00:00,905.1,905.1,0.0,True,session
MAXHEALTH,873,2024-08-05 05:48:00+00:00,904.45,904.1,0.038698,True,session
MAXHEALTH,923,2024-08-05 06:38:00+00:00,891.75,891.05,0.078497,True,session
MAXHEALTH,973,2024-08-05 07:28:00+00:00,879.05,879.0,0.005688,True,session
MAXHEALTH,1034,2024-08-05 08:29:00+00:00,877.15,877.1,0.0057,True,session
MAXHEALTH,1080,2024-08-05 09:15:00+00:00,865.85,865.9,0.005775,True,session
MAXHEALTH,1126,2024-08-06 03:46:00+00:00,873.1,873.05,0.005727,True,session
MAXHEALTH,1187,2024-08-06 04:47:00+00:00,874.35,874.35,0.0,True,session
MAXHEALTH,1248,2024-08-06 05:48:00+00:00,877.1,877.05,0.005701,True,session
MAXHEALTH,1309,2024-08-06 06:49:00+00:00,870.0,870.4,0.045977,True,session
MAXHEALTH,1370,2024-08-06 07:50:00+00:00,864.85,864.85,0.0,True,session
MAXHEALTH,1431,2024-08-06 08:51:00+00:00,866.05,865.65,0.046187,True,session
MAXHEALTH,1492,2024-08-06 09:52:00+00:00,856.6,856.7,0.011674,True,session
MAXHEALTH,1499,2024-08-06 09:59:00+00:00,862.55,863.95,0.162309,True,session
MAXHEALTH,1501,2024-08-07 03:46:00+00:00,866.25,868.75,0.2886,True,session
MAXHEALTH,1562,2024-08-07 04:47:00+00:00,861.2,861.15,0.005806,True,session
MAXHEALTH,1623,2024-08-07 05:48:00+00:00,860.0,860.0,0.0,True,session
MAXHEALTH,1666,2024-08-07 06:31:00+00:00,847.7,848.05,0.041288,True,session
MAXHEALTH,1710,2024-08-07 07:15:00+00:00,855.0,855.0,0.0,True,session
MAXHEALTH,1771,2024-08-07 08:16:00+00:00,847.8,847.7,0.011795,True,session
MAXHEALTH,1799,2024-08-07 08:44:00+00:00,855.75,855.5,0.029214,True,session
MAXHEALTH,1807,2024-08-07 08:52:00+00:00,863.8,863.8,0.0,True,session
MAXHEALTH,1868,2024-08-07 09:53:00+00:00,855.7,855.7,0.0,True,session
MAXHEALTH,1876,2024-08-08 03:46:00+00:00,866.2,865.0,0.138536,True,session
MAXHEALTH,1881,2024-08-08 03:51:00+00:00,852.3,852.5,0.023466,True,session
MAXHEALTH,1910,2024-08-08 04:20:00+00:00,862.0,862.7,0.081206,True,session
MAXHEALTH,1919,2024-08-08 04:29:00+00:00,870.7,870.7,0.0,True,session
MAXHEALTH,2025,2024-08-08 06:15:00+00:00,878.3,878.75,0.051235,True,session
MAXHEALTH,2086,2024-08-08 07:16:00+00:00,882.1,882.1,0.0,True,session
MAXHEALTH,2147,2024-08-08 08:17:00+00:00,881.5,881.5,0.0,True,session
MAXHEALTH,2189,2024-08-08 08:59:00+00:00,870.85,870.85,0.0,True,session
MAXHEALTH,2220,2024-08-08 09:30:00+00:00,877.1,877.0,0.011401,True,session
MAXHEALTH,2268,2024-08-09 04:03:00+00:00,885.6,885.85,0.028229,True,session
MAXHEALTH,2330,2024-08-09 05:05:00+00:00,885.5,885.5,0.0,True,session
MAXHEALTH,2391,2024-08-09 06:06:00+00:00,884.9,884.3,0.067804,True,session
MAXHEALTH,2452,2024-08-09 07:07:00+00:00,883.35,883.35,0.0,True,session
MAXHEALTH,2513,2024-08-09 08:08:00+00:00,883.75,883.75,0.0,True,session
MAXHEALTH,2574,2024-08-09 09:09:00+00:00,884.05,884.1,0.005656,True,session
MAXHEALTH,2626,2024-08-12 03:46:00+00:00,872.9,872.85,0.005728,True,session
MAXHEALTH,2628,2024-08-12 03:48:00+00:00,869.15,868.05,0.12656,True,session
MAXHEALTH,2641,2024-08-12 04:01:00+00:00,873.9,874.15,0.028607,True,session
MAXHEALTH,2680,2024-08-12 04:40:00+00:00,865.3,865.35,0.005778,True,session
MAXHEALTH,2725,2024-08-12 05:25:00+00:00,869.55,869.6,0.00575,True,session
MAXHEALTH,2786,2024-08-12 06:26:00+00:00,867.65,867.55,0.011525,True,session
MAXHEALTH,2847,2024-08-12 07:27:00+00:00,868.4,868.4,0.0,True,session
MAXHEALTH,2908,2024-08-12 08:28:00+00:00,868.6,868.6,0.0,True,session
MAXHEALTH,2969,2024-08-12 09:29:00+00:00,870.0,870.0,0.0,True,session
MAXHEALTH,3001,2024-08-13 03:46:00+00:00,862.75,862.75,0.0,True,session
MAXHEALTH,3003,2024-08-13 03:48:00+00:00,867.1,867.1,0.0,True,session
MAXHEALTH,3064,2024-08-13 04:49:00+00:00,871.4,871.4,0.0,True,session
MAXHEALTH,3125,2024-08-13 05:50:00+00:00,870.65,870.65,0.0,True,session
MAXHEALTH,3186,2024-08-13 06:51:00+00:00,869.45,869.25,0.023003,True,session
MAXHEALTH,3247,2024-08-13 07:52:00+00:00,866.35,866.35,0.0,True,session
MAXHEALTH,3308,2024-08-13 08:53:00+00:00,868.3,868.3,0.0,True,session
MAXHEALTH,3369,2024-08-13 09:54:00+00:00,869.3,869.3,0.0,True,session
MAXHEALTH,3377,2024-08-14 03:47:00+00:00,861.6,861.85,0.029016,True,session
MAXHEALTH,3402,2024-08-14 04:12:00+00:00,853.4,853.35,0.005859,True,session
MAXHEALTH,3430,2024-08-14 04:40:00+00:00,858.5,858.5,0.0,True,session
MAXHEALTH,3439,2024-08-14 04:49:00+00:00,862.7,863.05,0.04057,True,session
MAXHEALTH,3500,2024-08-14 05:50:00+00:00,861.5,861.5,0.0,True,session
MAXHEALTH,3561,2024-08-14 06:51:00+00:00,861.55,860.5,0.121873,True,session
MAXHEALTH,3583,2024-08-14 07:13:00+00:00,867.1,867.1,0.0,True,session
MAXHEALTH,3674,2024-08-14 08:44:00+00:00,871.05,871.05,0.0,True,session
MAXHEALTH,3735,2024-08-14 09:45:00+00:00,870.85,870.9,0.005742,True,session
MAXHEALTH,3751,2024-08-16 03:46:00+00:00,872.95,872.95,0.0,True,session
MAXHEALTH,4121,2024-08-16 09:56:00+00:00,881.7,881.7,0.0,True,session
MAXHEALTH,4126,2024-08-19 03:46:00+00:00,879.65,881.5,0.210311,True,session
MAXHEALTH,4187,2024-08-19 04:47:00+00:00,873.05,873.05,0.0,True,session
MAXHEALTH,4248,2024-08-19 05:48:00+00:00,868.9,868.9,0.0,True,session
MAXHEALTH,4309,2024-08-19 06:49:00+00:00,869.4,869.4,0.0,True,session
MAXHEALTH,4370,2024-08-19 07:50:00+00:00,872.75,872.75,0.0,True,session
MAXHEALTH,4431,2024-08-19 08:51:00+00:00,872.6,872.6,0.0,True,session
MAXHEALTH,4492,2024-08-19 09:52:00+00:00,874.9,874.9,0.0,True,session
MAXHEALTH,4501,2024-08-20 03:46:00+00:00,883.75,882.8,0.107496,True,session
MAXHEALTH,4562,2024-08-20 04:47:00+00:00,878.45,878.45,0.0,True,session
MAXHEALTH,4623,2024-08-20 05:48:00+00:00,876.9,876.9,0.0,True,session
MAXHEALTH,4684,2024-08-20 06:49:00+00:00,877.55,877.25,0.034186,True,session
MAXHEALTH,4745,2024-08-20 07:50:00+00:00,877.55,877.55,0.0,True,session
MAXHEALTH,4806,2024-08-20 08:51:00+00:00,875.5,875.0,0.05711,True,session
MAXHEALTH,4867,2024-08-20 09:52:00+00:00,876.75,876.8,0.005703,True,session
MAXHEALTH,4876,2024-08-21 03:46:00+00:00,868.1,869.95,0.213109,True,session
MAXHEALTH,4885,2024-08-21 03:55:00+00:00,872.55,873.05,0.057303,True,session
MAXHEALTH,4946,2024-08-21 04:56:00+00:00,873.2,873.2,0.0,True,session
MAXHEALTH,5007,2024-08-21 05:57:00+00:00,872.55,872.55,0.0,True,session
MAXHEALTH,5068,2024-08-21 06:58:00+00:00,870.3,870.3,0.0,True,session
MAXHEALTH,5129,2024-08-21 07:59:00+00:00,869.3,869.3,0.0,True,session
MAXHEALTH,5190,2024-08-21 09:00:00+00:00,869.0,869.0,0.0,True,session
MAXHEALTH,5251,2024-08-22 03:46:00+00:00,867.55,867.55,0.0,True,session
MAXHEALTH,5259,2024-08-22 03:54:00+00:00,872.4,872.4,0.0,True,session
MAXHEALTH,5320,2024-08-22 04:55:00+00:00,868.05,868.05,0.0,True,session
MAXHEALTH,5330,2024-08-22 05:05:00+00:00,871.6,871.6,0.0,True,session
MAXHEALTH,5432,2024-08-22 06:47:00+00:00,877.45,877.45,0.0,True,session
MAXHEALTH,5457,2024-08-22 07:12:00+00:00,872.0,872.05,0.005734,True,session
MAXHEALTH,5518,2024-08-22 08:13:00+00:00,869.15,869.15,0.0,True,session
MAXHEALTH,5579,2024-08-22 09:14:00+00:00,866.55,866.55,0.0,True,session
MAXHEALTH,5620,2024-08-22 09:55:00+00:00,871.2,871.2,0.0,True,session
MAXHEALTH,5681,2024-08-23 04:41:00+00:00,869.15,869.15,0.0,True,session
MAXHEALTH,5742,2024-08-23 05:42:00+00:00,864.5,864.5,0.0,True,session
MAXHEALTH,5803,2024-08-23 06:43:00+00:00,859.1,859.1,0.0,True,session
MAXHEALTH,5864,2024-08-23 07:44:00+00:00,855.55,855.15,0.046754,True,session
MAXHEALTH,5925,2024-08-23 08:45:00+00:00,855.7,855.7,0.0,True,session
MAXHEALTH,5986,2024-08-23 09:46:00+00:00,853.4,853.4,0.0,True,session
MAXHEALTH,6001,2024-08-26 03:46:00+00:00,848.1,847.0,0.129702,True,session
MAXHEALTH,6003,2024-08-26 03:48:00+00:00,842.15,841.35,0.094995,True,session
MAXHEALTH,6011,2024-08-26 03:56:00+00:00,847.15,847.2,0.005902,True,session
MAXHEALTH,6039,2024-08-26 04:24:00+00:00,852.15,852.15,0.0,True,session
MAXHEALTH,6100,2024-08-26 05:25:00+00:00,853.85,853.6,0.029279,True,session
MAXHEALTH,6161,2024-08-26 06:26:00+00:00,854.35,854.35,0.0,True,session
MAXHEALTH,6215,2024-08-26 07:20:00+00:00,856.55,856.85,0.035024,True,session
MAXHEALTH,6276,2024-08-26 08:21:00+00:00,857.1,857.15,0.005834,True,session
MAXHEALTH,6377,2024-08-27 03:47:00+00:00,855.15,855.85,0.081857,True,session
MAXHEALTH,6438,2024-08-27 04:48:00+00:00,853.0,853.0,0.0,True,session
MAXHEALTH,6472,2024-08-27 05:22:00+00:00,857.9,857.9,0.0,True,session
MAXHEALTH,6533,2024-08-27 06:23:00+00:00,857.15,857.7,0.064166,True,session
MAXHEALTH,6594,2024-08-27 07:24:00+00:00,855.0,855.0,0.0,True,session
MAXHEALTH,6655,2024-08-27 08:25:00+00:00,852.65,852.6,0.005864,True,session
MAXHEALTH,6716,2024-08-27 09:26:00+00:00,852.35,852.5,0.017598,True,session
MAXHEALTH,6729,2024-08-27 09:39:00+00:00,856.55,857.3,0.087561,True,session
MAXHEALTH,6790,2024-08-28 04:25:00+00:00,852.5,852.5,0.0,True,session
MAXHEALTH,6851,2024-08-28 05:26:00+00:00,854.25,854.25,0.0,True,session
MAXHEALTH,6877,2024-08-28 05:52:00+00:00,858.65,858.95,0.034939,True,session
MAXHEALTH,6887,2024-08-28 06:02:00+00:00,859.1,859.1,0.0,True,session
MAXHEALTH,7133,2024-08-29 03:53:00+00:00,864.95,865.0,0.005781,True,session
MAXHEALTH,7194,2024-08-29 04:54:00+00:00,863.75,863.75,0.0,True,session
MAXHEALTH,7255,2024-08-29 05:55:00+00:00,862.1,862.1,0.0,True,session
MAXHEALTH,7316,2024-08-29 06:56:00+00:00,861.15,861.15,0.0,True,session
MAXHEALTH,7377,2024-08-29 07:57:00+00:00,864.0,864.0,0.0,True,session
MAXHEALTH,7438,2024-08-29 08:58:00+00:00,867.85,867.65,0.023045,True,session
MAXHEALTH,7503,2024-08-30 03:48:00+00:00,863.0,862.8,0.023175,True,session
MAXHEALTH,7564,2024-08-30 04:49:00+00:00,859.5,859.5,0.0,True,session
MAXHEALTH,7625,2024-08-30 05:50:00+00:00,862.15,862.15,0.0,True,session
MAXHEALTH,7658,2024-08-30 06:23:00+00:00,865.5,865.5,0.0,True,session
MAXHEALTH,7850,2024-08-30 09:35:00+00:00,864.65,864.65,0.0,True,session
NTPC,4,2024-08-01 03:49:00+00:00,418.45,418.65,0.047795,True,session
NTPC,65,2024-08-01 04:50:00+00:00,419.0,419.1,0.023866,True,session
NTPC,115,2024-08-01 05:40:00+00:00,422.3,422.3,0.0,True,session
NTPC,215,2024-08-01 07:20:00+00:00,423.4,423.4,0.0,True,session
NTPC,276,2024-08-01 08:21:00+00:00,422.8,422.8,0.0,True,session
NTPC,377,2024-08-02 03:47:00+00:00,417.85,417.8,0.011966,True,session
NTPC,381,2024-08-02 03:51:00+00:00,420.05,420.05,0.0,True,session
NTPC,389,2024-08-02 03:59:00+00:00,416.25,416.3,0.012012,True,session
NTPC,395,2024-08-02 04:05:00+00:00,417.7,417.55,0.035911,True,session
NTPC,407,2024-08-02 04:17:00+00:00,414.0,414.0,0.0,True,session
NTPC,411,2024-08-02 04:21:00+00:00,415.65,415.8,0.036088,True,session
NTPC,472,2024-08-02 05:22:00+00:00,416.4,416.4,0.0,True,session
NTPC,533,2024-08-02 06:23:00+00:00,416.7,416.7,0.0,True,session
NTPC,558,2024-08-02 06:48:00+00:00,418.7,418.8,0.023883,True,session
NTPC,619,2024-08-02 07:49:00+00:00,419.95,420.0,0.011906,True,session
NTPC,628,2024-08-02 07:58:00+00:00,421.95,421.8,0.035549,True,session
NTPC,664,2024-08-02 08:34:00+00:00,422.7,422.6,0.023657,True,session
NTPC,699,2024-08-02 09:09:00+00:00,419.85,419.85,0.0,True,session
NTPC,751,2024-08-05 03:46:00+00:00,412.0,411.4,0.145631,True,session
NTPC,753,2024-08-05 03:48:00+00:00,414.65,414.6,0.012058,True,session
NTPC,758,2024-08-05 03:53:00+00:00,409.0,408.8,0.0489,True,session
NTPC,769,2024-08-05 04:04:00+00:00,411.95,411.85,0.024275,True,session
NTPC,830,2024-08-05 05:05:00+00:00,412.45,412.45,0.0,True,session
NTPC,872,2024-08-05 05:47:00+00:00,408.25,408.25,0.0,True,session
NTPC,905,2024-08-05 06:20:00+00:00,411.1,411.25,0.036487,True,session
NTPC,966,2024-08-05 07:21:00+00:00,408.55,408.55,0.0,True,session
NTPC,991,2024-08-05 07:46:00+00:00,411.9,411.9,0.0,True,session
NTPC,1052,2024-08-05 08:47:00+00:00,412.05,412.15,0.024269,True,session
NTPC,1113,2024-08-05 09:48:00+00:00,413.65,413.65,0.0,True,session
NTPC,1126,2024-08-06 03:46:00+00:00,424.05,423.65,0.094328,True,session
NTPC,1146,2024-08-06 04:06:00+00:00,418.3,418.15,0.035859,True,session
NTPC,1207,2024-08-06 05:07:00+00:00,416.1,416.2,0.024033,True,session
NTPC,1268,2024-08-06 06:08:00+00:00,418.75,418.85,0.023881,True,session
NTPC,1341,2024-08-06 07:21:00+00:00,418.35,418.35,0.0,True,session
NTPC,1402,2024-08-06 08:22:00+00:00,416.25,416.1,0.036036,True,session
NTPC,1433,2024-08-06 08:53:00+00:00,418.7,418.55,0.035825,True,session
NTPC,1456,2024-08-06 09:16:00+00:00,414.65,414.6,0.012058,True,session
NTPC,1469,2024-08-06 09:29:00+00:00,415.85,415.65,0.048094,True,session
NTPC,1501,2024-08-07 03:46:00+00:00,416.8,416.8,0.0,True,session
NTPC,1551,2024-08-07 04:36:00+00:00,417.9,417.7,0.047858,True,session
NTPC,1595,2024-08-07 05:20:00+00:00,418.15,418.2,0.011957,True,session
NTPC,1656,2024-08-07 06:21:00+00:00,417.2,417.15,0.011985,True,session
NTPC,1717,2024-08-07 07:22:00+00:00,417.15,417.05,0.023972,True,session
NTPC,1778,2024-08-07 08:23:00+00:00,417.15,417.15,0.0,True,session
NTPC,1839,2024-08-07 09:24:00+00:00,415.4,415.5,0.024073,True,session
NTPC,1900,2024-08-08 04:10:00+00:00,413.4,413.4,0.0,True,session
NTPC,1961,2024-08-08 05:11:00+00:00,413.15,413.15,0.0,True,session
NTPC,2022,2024-08-08 06:12:00+00:00,411.5,411.5,0.0,True,session
NTPC,2069,2024-08-08 06:59:00+00:00,413.6,413.5,0.024178,True,session
NTPC,2108,2024-08-08 07:38:00+00:00,409.15,409.15,0.0,True,session
NTPC,2169,2024-08-08 08:39:00+00:00,410.0,410.0,0.0,True,session
NTPC,2230,2024-08-08 09:40:00+00:00,408.8,408.8,0.0,True,session
NTPC,2251,2024-08-09 03:46:00+00:00,413.0,413.45,0.108959,True,session
NTPC,2290,2024-08-09 04:25:00+00:00,414.55,414.5,0.012061,True,session
NTPC,2339,2024-08-09 05:14:00+00:00,410.7,410.65,0.012174,True,session
NTPC,2400,2024-08-09 06:15:00+00:00,409.1,409.1,0.0,True,session
NTPC,2461,2024-08-09 07:16:00+00:00,408.85,408.85,0.0,True,session
NTPC,2522,2024-08-09 08:17:00+00:00,410.05,410.05,0.0,True,session
NTPC,2583,2024-08-09 09:18:00+00:00,409.15,409.2,0.01222,True,session
NTPC,2608,2024-08-09 09:43:00+00:00,411.6,411.65,0.012148,True,session
NTPC,2626,2024-08-12 03:46:00+00:00,406.65,407.05,0.098365,True,session
NTPC,2637,2024-08-12 03:57:00+00:00,402.35,402.4,0.012427,True,session
NTPC,2698,2024-08-12 04:58:00+00:00,402.65,402.65,0.0,True,session
NTPC,2716,2024-08-12 05:16:00+00:00,405.0,405.0,0.0,True,session
NTPC,2748,2024-08-12 05:48:00+00:00,406.85,406.9,0.01229,True,session
NTPC,2801,2024-08-12 06:41:00+00:00,402.8,402.8,0.0,True,session
NTPC,2862,2024-08-12 07:42:00+00:00,400.85,400.85,0.0,True,session
NTPC,2910,2024-08-12 08:30:00+00:00,403.4,403.5,0.024789,True,session
NTPC,2971,2024-08-12 09:31:00+00:00,400.45,400.45,0.0,True,session
NTPC,3001,2024-08-13 03:46:00+00:00,402.85,402.5,0.086881,True,session
NTPC,3062,2024-08-13 04:47:00+00:00,401.15,401.2,0.012464,True,session
NTPC,3123,2024-08-13 05:48:00+00:00,402.35,402.3,0.012427,True,session
NTPC,3184,2024-08-13 06:49:00+00:00,401.25,401.25,0.0,True,session
NTPC,3245,2024-08-13 07:50:00+00:00,399.3,399.25,0.012522,True,session
NTPC,3306,2024-08-13 08:51:00+00:00,397.7,397.7,0.0,True,session
NTPC,3367,2024-08-13 09:52:00+00:00,396.3,396.3,0.0,True,session
NTPC,3376,2024-08-14 03:46:00+00:00,397.65,397.65,0.0,True,session
NTPC,3437,2024-08-14 04:47:00+00:00,397.45,397.5,0.01258,True,session
NTPC,3461,2024-08-14 05:11:00+00:00,399.95,400.0,0.012502,True,session
NTPC,3499,2024-08-14 05:49:00+00:00,395.8,395.7,0.025265,True,session
NTPC,3560,2024-08-14 06:50:00+00:00,396.75,396.7,0.012602,True,session
NTPC,3593,2024-08-14 07:23:00+00:00,399.1,399.1,0.0,True,session
NTPC,3654,2024-08-14 08:24:00+00:00,397.4,397.4,0.0,True,session
NTPC,3715,2024-08-14 09:25:00+00:00,396.55,396.55,0.0,True,session
NTPC,3751,2024-08-16 03:46:00+00:00,399.85,399.7,0.037514,True,session
NTPC,3792,2024-08-16 04:27:00+00:00,395.75,395.75,0.0,True,session
NTPC,3853,2024-08-16 05:28:00+00:00,394.5,394.55,0.012674,True,session
NTPC,3914,2024-08-16 06:29:00+00:00,395.95,396.0,0.012628,True,session
NTPC,3975,2024-08-16 07:30:00+00:00,396.75,396.75,0.0,True,session
NTPC,4036,2024-08-16 08:31:00+00:00,396.65,396.6,0.012606,True,session
NTPC,4097,2024-08-16 09:32:00+00:00,397.5,397.5,0.0,True,session
NTPC,4128,2024-08-19 03:48:00+00:00,405.4,405.35,0.012333,True,session
NTPC,4189,2024-08-19 04:49:00+00:00,405.05,404.9,0.037032,True,session
NTPC,4230,2024-08-19 05:30:00+00:00,402.3,402.15,0.037286,True,session
NTPC,4291,2024-08-19 06:31:00+00:00,402.65,402.65,0.0,True,session
NTPC,4352,2024-08-19 07:32:00+00:00,402.55,402.55,0.0,True,session
NTPC,4413,2024-08-19 08:33:00+00:00,402.8,402.85,0.012413,True,session
NTPC,4474,2024-08-19 09:34:00+00:00,402.0,401.85,0.037313,True,session
NTPC,4541,2024-08-20 04:26:00+00:00,405.55,405.55,0.0,True,session
NTPC,4602,2024-08-20 05:27:00+00:00,405.35,405.35,0.0,True,session
NTPC,4663,2024-08-20 06:28:00+00:00,404.25,404.2,0.012369,True,session
NTPC,4724,2024-08-20 07:29:00+00:00,405.05,405.0,0.012344,True,session
NTPC,4785,2024-08-20 08:30:00+00:00,405.5,405.45,0.01233,True,session
NTPC,4895,2024-08-21 04:05:00+00:00,406.95,406.85,0.024573,True,session
NTPC,5073,2024-08-21 07:03:00+00:00,409.4,409.4,0.0,True,session
NTPC,5209,2024-08-21 09:19:00+00:00,408.6,408.55,0.012237,True,session
NTPC,5273,2024-08-22 04:08:00+00:00,406.55,406.55,0.0,True,session
NTPC,5334,2024-08-22 05:09:00+00:00,405.5,405.4,0.024661,True,session
NTPC,5395,2024-08-22 06:10:00+00:00,405.35,405.35,0.0,True,session
NTPC,5456,2024-08-22 07:11:00+00:00,404.8,405.0,0.049407,True,session
NTPC,5517,2024-08-22 08:12:00+00:00,404.0,404.0,0.0,True,session
NTPC,5578,2024-08-22 09:13:00+00:00,402.8,402.85,0.012413,True,session
NTPC,5639,2024-08-23 03:59:00+00:00,402.85,402.95,0.024823,True,session
NTPC,5700,2024-08-23 05:00:00+00:00,403.9,403.9,0.0,True,session
NTPC,5761,2024-08-23 06:01:00+00:00,404.5,404.5,0.0,True,session
NTPC,5822,2024-08-23 07:02:00+00:00,405.25,405.25,0.0,True,session
NTPC,5883,2024-08-23 08:03:00+00:00,403.0,403.0,0.0,True,session
NTPC,5944,2024-08-23 09:04:00+00:00,402.2,402.45,0.062158,True,session
NTPC,6005,2024-08-26 03:50:00+00:00,402.35,402.25,0.024854,True,session
NTPC,6026,2024-08-26 04:11:00+00:00,404.55,404.45,0.024719,True,session
NTPC,6064,2024-08-26 04:49:00+00:00,406.75,406.75,0.0,True,session
NTPC,6137,2024-08-26 06:02:00+00:00,407.9,407.95,0.012258,True,session
NTPC,6166,2024-08-26 06:31:00+00:00,411.9,411.65,0.060694,True,session
NTPC,6227,2024-08-26 07:32:00+00:00,412.15,412.2,0.012132,True,session
NTPC,6340,2024-08-26 09:25:00+00:00,413.95,414.05,0.024158,True,session
NTPC,6401,2024-08-27 04:11:00+00:00,414.45,414.35,0.024128,True,session
NTPC,6478,2024-08-27 05:28:00+00:00,412.75,412.7,0.012114,True,session
NTPC,6539,2024-08-27 06:29:00+00:00,410.5,410.35,0.036541,True,session
NTPC,6600,2024-08-27 07:30:00+00:00,410.0,409.9,0.02439,True,session
NTPC,6661,2024-08-27 08:31:00+00:00,411.65,411.55,0.024292,True,session
NTPC,6722,2024-08-27 09:32:00+00:00,409.8,409.8,0.0,True,session
NTPC,6783,2024-08-28 04:18:00+00:00,409.0,409.0,0.0,True,session
NTPC,6811,2024-08-28 04:46:00+00:00,411.45,411.4,0.012152,True,session
NTPC,6872,2024-08-28 05:47:00+00:00,410.45,410.3,0.036545,True,session
NTPC,6933,2024-08-28 06:48:00+00:00,410.0,409.8,0.04878,True,session
NTPC,6948,2024-08-28 07:03:00+00:00,412.3,412.2,0.024254,True,session
NTPC,7035,2024-08-28 08:30:00+00:00,413.9,413.75,0.036241,True,session
NTPC,7073,2024-08-28 09:08:00+00:00,411.75,411.75,0.0,True,session
NTPC,7126,2024-08-29 03:46:00+00:00,408.6,408.75,0.036711,True,session
NTPC,7129,2024-08-29 03:49:00+00:00,411.15,411.5,0.085127,True,session
NTPC,7190,2024-08-29 04:50:00+00:00,409.5,409.5,0.0,True,session
NTPC,7251,2024-08-29 05:51:00+00:00,409.65,409.55,0.024411,True,session
NTPC,7312,2024-08-29 06:52:00+00:00,409.25,409.3,0.012217,True,session
NTPC,7373,2024-08-29 07:53:00+00:00,408.95,408.9,0.012226,True,session
NTPC,7413,2024-08-29 08:33:00+00:00,405.6,405.6,0.0,True,session
NTPC,7467,2024-08-29 09:27:00+00:00,408.6,408.45,0.036711,True,session
NTPC,7494,2024-08-29 09:54:00+00:00,410.35,410.35,0.0,True,session
NTPC,7521,2024-08-30 04:06:00+00:00,412.6,412.4,0.048473,True,session
NTPC,7582,2024-08-30 05:07:00+00:00,413.1,413.1,0.0,True,session
NTPC,7798,2024-08-30 08:43:00+00:00,416.4,416.4,0.0,True,session
NTPC,7859,2024-08-30 09:44:00+00:00,416.8,416.8,0.0,True,session
ONGC,4,2024-08-01 03:49:00+00:00,314.35,314.55,0.063623,True,session
ONGC,14,2024-08-01 03:59:00+00:00,315.65,315.7,0.01584,True,session
ONGC,63,2024-08-01 04:48:00+00:00,320.1,320.0,0.03124,True,session
ONGC,113,2024-08-01 05:38:00+00:00,319.3,319.3,0.0,True,session
ONGC,158,2024-08-01 06:23:00+00:00,316.6,316.6,0.0,True,session
ONGC,219,2024-08-01 07:24:00+00:00,315.95,315.95,0.0,True,session
ONGC,280,2024-08-01 08:25:00+00:00,315.4,315.5,0.031706,True,session
ONGC,330,2024-08-01 09:15:00+00:00,317.55,317.7,0.047237,True,session
ONGC,363,2024-08-01 09:48:00+00:00,318.85,318.85,0.0,True,session
ONGC,378,2024-08-02 03:48:00+00:00,310.1,310.3,0.064495,True,session
ONGC,387,2024-08-02 03:57:00+00:00,312.25,312.35,0.032026,True,session
ONGC,406,2024-08-02 04:16:00+00:00,308.3,308.25,0.016218,True,session
ONGC,422,2024-08-02 04:32:00+00:00,310.85,310.85,0.0,True,session
ONGC,483,2024-08-02 05:33:00+00:00,312.8,312.8,0.0,True,session
ONGC,544,2024-08-02 06:34:00+00:00,311.2,311.2,0.0,True,session
ONGC,605,2024-08-02 07:35:00+00:00,311.35,311.35,0.0,True,session
ONGC,666,2024-08-02 08:36:00+00:00,311.35,311.35,0.0,True,session
ONGC,722,2024-08-02 09:32:00+00:00,306.7,306.7,0.0,True,session
ONGC,751,2024-08-05 03:46:00+00:00,297.8,297.1,0.235057,True,session
ONGC,812,2024-08-05 04:47:00+00:00,296.0,295.95,0.016892,True,session
ONGC,861,2024-08-05 05:36:00+00:00,290.55,290.5,0.017209,True,session
ONGC,922,2024-08-05 06:37:00+00:00,290.25,290.3,0.017227,True,session
ONGC,983,2024-08-05 07:38:00+00:00,287.9,287.9,0.0,True,session
ONGC,1026,2024-08-05 08:21:00+00:00,291.65,291.65,0.0,True,session
ONGC,1087,2024-08-05 09:22:00+00:00,290.9,291.0,0.034376,True,session
ONGC,1126,2024-08-06 03:46:00+00:00,299.35,299.35,0.0,True,session
ONGC,1153,2024-08-06 04:13:00+00:00,293.15,292.95,0.068224,True,session
ONGC,1214,2024-08-06 05:14:00+00:00,290.6,290.55,0.017206,True,session
ONGC,1275,2024-08-06 06:15:00+00:00,292.55,292.55,0.0,True,session
ONGC,1336,2024-08-06 07:16:00+00:00,290.7,290.8,0.0344,True,session
ONGC,1397,2024-08-06 08:17:00+00:00,288.45,288.45,0.0,True,session
ONGC,1458,2024-08-06 09:18:00+00:00,284.95,284.95,0.0,True,session
ONGC,1501,2024-08-07 03:46:00+00:00,291.45,291.6,0.051467,True,session
ONGC,1507,2024-08-07 03:52:00+00:00,296.15,296.15,0.0,True,session
ONGC,1522,2024-08-07 04:07:00+00:00,300.05,300.0,0.016664,True,session
ONGC,1581,2024-08-07 05:06:00+00:00,305.3,305.3,0.0,True,session
ONGC,1642,2024-08-07 06:07:00+00:00,304.8,304.8,0.0,True,session
ONGC,1687,2024-08-07 06:52:00+00:00,306.05,306.05,0.0,True,session
ONGC,1711,2024-08-07 07:16:00+00:00,305.8,305.85,0.016351,True,session
ONGC,1808,2024-08-07 08:53:00+00:00,305.2,305.2,0.0,True,session
ONGC,1872,2024-08-07 09:57:00+00:00,306.15,306.1,0.016332,True,session
ONGC,1876,2024-08-08 03:46:00+00:00,304.35,304.2,0.049285,True,session
ONGC,1880,2024-08-08 03:50:00+00:00,302.15,302.0,0.049644,True,session
ONGC,1886,2024-08-08 03:56:00+00:00,302.8,302.8,0.0,True,session
ONGC,1947,2024-08-08 04:57:00+00:00,301.7,301.7,0.0,True,session
ONGC,2008,2024-08-08 05:58:00+00:00,300.85,300.85,0.0,True,session
ONGC,2043,2024-08-08 06:33:00+00:00,302.5,302.4,0.033058,True,session
ONGC,2068,2024-08-08 06:58:00+00:00,304.05,304.0,0.016445,True,session
ONGC,2129,2024-08-08 07:59:00+00:00,302.6,302.7,0.033047,True,session
ONGC,2190,2024-08-08 09:00:00+00:00,302.4,302.35,0.016534,True,session
ONGC,2241,2024-08-08 09:51:00+00:00,299.75,299.75,0.0,True,session
ONGC,2250,2024-08-09 03:45:00+00:00,301.4,310.85,3.135368,True,session
ONGC,2252,2024-08-09 03:47:00+00:00,310.85,310.9,0.016085,True,session
ONGC,2320,2024-08-09 04:55:00+00:00,306.45,306.3,0.048948,True,session
ONGC,2340,2024-08-09 05:15:00+00:00,306.7,306.7,0.0,True,session
ONGC,2401,2024-08-09 06:16:00+00:00,306.85,306.9,0.016295,True,session
ONGC,2467,2024-08-09 07:22:00+00:00,307.15,307.15,0.0,True,session
ONGC,2528,2024-08-09 08:23:00+00:00,307.55,307.55,0.0,True,session
ONGC,2552,2024-08-09 08:47:00+00:00,310.15,310.05,0.032242,True,session
ONGC,2613,2024-08-09 09:48:00+00:00,309.4,309.5,0.032321,True,session
ONGC,2626,2024-08-12 03:46:00+00:00,310.4,310.3,0.032216,True,session
ONGC,2646,2024-08-12 04:06:00+00:00,308.85,308.85,0.0,True,session
ONGC,2707,2024-08-12 05:07:00+00:00,309.35,309.35,0.0,True,session
ONGC,2780,2024-08-12 06:20:00+00:00,309.6,309.6,0.0,True,session
ONGC,2841,2024-08-12 07:21:00+00:00,307.95,307.95,0.0,True,session
ONGC,2902,2024-08-12 08:22:00+00:00,308.25,308.4,0.048662,True,session
ONGC,2946,2024-08-12 09:06:00+00:00,309.6,309.7,0.0323,True,session
ONGC,2951,2024-08-12 09:11:00+00:00,314.95,314.95,0.0,True,session
ONGC,2953,2024-08-12 09:13:00+00:00,318.2,318.2,0.0,True,session
ONGC,2955,2024-08-12 09:15:00+00:00,316.15,316.1,0.015815,True,session
ONGC,2959,2024-08-12 09:19:00+00:00,318.85,318.9,0.015681,True,session
ONGC,2972,2024-08-12 09:32:00+00:00,317.5,317.65,0.047244,True,session
ONGC,3001,2024-08-13 03:46:00+00:00,318.8,318.65,0.047051,True,session
ONGC,3100,2024-08-13 05:25:00+00:00,318.05,318.2,0.047162,True,session
ONGC,3161,2024-08-13 06:26:00+00:00,317.0,317.0,0.0,True,session
ONGC,3189,2024-08-13 06:54:00+00:00,314.1,314.15,0.015918,True,session
ONGC,3250,2024-08-13 07:55:00+00:00,313.9,313.9,0.0,True,session
ONGC,3290,2024-08-13 08:35:00+00:00,311.4,311.35,0.016057,True,session
ONGC,3337,2024-08-13 09:22:00+00:00,313.05,313.05,0.0,True,session
ONGC,3344,2024-08-13 09:29:00+00:00,314.65,314.7,0.015891,True,session
ONGC,3360,2024-08-13 09:45:00+00:00,311.8,311.65,0.048108,True,session
ONGC,3400,2024-08-14 04:10:00+00:00,309.15,309.05,0.032347,True,session
ONGC,3407,2024-08-14 04:17:00+00:00,310.9,310.9,0.0,True,session
ONGC,3432,2024-08-14 04:42:00+00:00,312.3,312.5,0.064041,True,session
ONGC,3480,2024-08-14 05:30:00+00:00,309.35,309.25,0.032326,True,session
ONGC,3541,2024-08-14 06:31:00+00:00,310.2,310.15,0.016119,True,session
ONGC,3602,2024-08-14 07:32:00+00:00,310.2,310.2,0.0,True,session
ONGC,3663,2024-08-14 08:33:00+00:00,309.5,309.45,0.016155,True,session
ONGC,3720,2024-08-14 09:30:00+00:00,306.0,306.0,0.0,True,session
ONGC,3751,2024-08-16 03:46:00+00:00,311.75,311.85,0.032077,True,session
ONGC,3788,2024-08-16 04:23:00+00:00,308.0,308.0,0.0,True,session
ONGC,3849,2024-08-16 05:24:00+00:00,306.95,306.95,0.0,True,session
ONGC,3910,2024-08-16 06:25:00+00:00,307.35,307.35,0.0,True,session
ONGC,3971,2024-08-16 07:26:00+00:00,308.15,308.15,0.0,True,session
ONGC,4032,2024-08-16 08:27:00+00:00,307.45,307.45,0.0,True,session
ONGC,4044,2024-08-16 08:39:00+00:00,309.6,309.6,0.0,True,session
ONGC,4105,2024-08-16 09:40:00+00:00,307.0,307.0,0.0,True,session
ONGC,4126,2024-08-19 03:46:00+00:00,313.9,313.6,0.095572,True,session
ONGC,4205,2024-08-19 05:05:00+00:00,312.45,312.45,0.0,True,session
ONGC,4266,2024-08-19 06:06:00+00:00,311.85,311.75,0.032067,True,session
ONGC,4327,2024-08-19 07:07:00+00:00,312.75,312.75,0.0,True,session
ONGC,4388,2024-08-19 08:08:00+00:00,311.75,311.75,0.0,True,session
ONGC,4449,2024-08-19 09:09:00+00:00,312.05,312.05,0.0,True,session
ONGC,4502,2024-08-20 03:47:00+00:00,307.8,307.55,0.081222,True,session
ONGC,4511,2024-08-20 03:56:00+00:00,308.75,308.85,0.032389,True,session
ONGC,4519,2024-08-20 04:04:00+00:00,306.55,306.65,0.032621,True,session
ONGC,4580,2024-08-20 05:05:00+00:00,307.1,307.05,0.016281,True,session
ONGC,4641,2024-08-20 06:06:00+00:00,307.1,307.15,0.016281,True,session
ONGC,4702,2024-08-20 07:07:00+00:00,307.45,307.45,0.0,True,session
ONGC,4763,2024-08-20 08:08:00+00:00,306.6,306.55,0.016308,True,session
ONGC,4824,2024-08-20 09:09:00+00:00,306.25,306.4,0.04898,True,session
ONGC,4885,2024-08-21 03:55:00+00:00,307.3,307.15,0.048812,True,session
ONGC,4946,2024-08-21 04:56:00+00:00,305.95,305.9,0.016343,True,session
ONGC,5007,2024-08-21 05:57:00+00:00,305.7,305.7,0.0,True,session
ONGC,5068,2024-08-21 06:58:00+00:00,304.4,304.45,0.016426,True,session
ONGC,5129,2024-08-21 07:59:00+00:00,305.05,305.05,0.0,True,session
ONGC,5190,2024-08-21 09:00:00+00:00,305.7,305.8,0.032712,True,session
ONGC,5251,2024-08-22 03:46:00+00:00,306.55,306.6,0.016311,True,session
ONGC,5312,2024-08-22 04:47:00+00:00,304.8,304.8,0.0,True,session
ONGC,5373,2024-08-22 05:48:00+00:00,303.7,303.7,0.0,True,session
ONGC,5434,2024-08-22 06:49:00+00:00,304.15,304.1,0.016439,True,session
ONGC,5495,2024-08-22 07:50:00+00:00,303.15,303.15,0.0,True,session
ONGC,5556,2024-08-22 08:51:00+00:00,302.4,302.4,0.0,True,session
ONGC,5617,2024-08-22 09:52:00+00:00,302.1,302.1,0.0,True,session
ONGC,5678,2024-08-23 04:38:00+00:00,299.8,299.7,0.033356,True,session
ONGC,5739,2024-08-23 05:39:00+00:00,299.8,299.8,0.0,True,session
ONGC,5800,2024-08-23 06:40:00+00:00,299.05,299.05,0.0,True,session
ONGC,5861,2024-08-23 07:41:00+00:00,298.1,298.25,0.050319,True,session
ONGC,5922,2024-08-23 08:42:00+00:00,297.95,298.05,0.033563,True,session
ONGC,5983,2024-08-23 09:43:00+00:00,297.65,297.65,0.0,True,session
ONGC,6001,2024-08-26 03:46:00+00:00,301.95,302.05,0.033118,True,session
ONGC,6012,2024-08-26 03:57:00+00:00,303.9,303.85,0.016453,True,session
ONGC,6124,2024-08-26 05:49:00+00:00,303.65,303.65,0.0,True,session
ONGC,6185,2024-08-26 06:50:00+00:00,305.05,305.05,0.0,True,session
ONGC,6246,2024-08-26 07:51:00+00:00,305.85,305.95,0.032696,True,session
ONGC,6307,2024-08-26 08:52:00+00:00,305.5,305.35,0.0491,True,session
ONGC,6368,2024-08-26 09:53:00+00:00,305.2,305.0,0.065531,True,session
ONGC,6426,2024-08-27 04:36:00+00:00,304.25,304.3,0.016434,True,session
ONGC,6494,2024-08-27 05:44:00+00:00,305.95,305.85,0.032685,True,session
ONGC,6537,2024-08-27 06:27:00+00:00,308.6,308.6,0.0,True,session
ONGC,6598,2024-08-27 07:28:00+00:00,307.0,307.0,0.0,True,session
ONGC,6676,2024-08-27 08:46:00+00:00,307.15,307.2,0.016279,True,session
ONGC,6737,2024-08-27 09:47:00+00:00,306.2,306.2,0.0,True,session
ONGC,6761,2024-08-28 03:56:00+00:00,303.35,303.65,0.098896,True,session
ONGC,6779,2024-08-28 04:14:00+00:00,305.1,305.1,0.0,True,session
ONGC,6840,2024-08-28 05:15:00+00:00,303.25,303.2,0.016488,True,session
ONGC,6875,2024-08-28 05:50:00+00:00,304.9,304.95,0.016399,True,session
ONGC,6936,2024-08-28 06:51:00+00:00,304.8,304.75,0.016404,True,session
ONGC,6997,2024-08-28 07:52:00+00:00,304.75,304.75,0.0,True,session
ONGC,7058,2024-08-28 08:53:00+00:00,305.5,305.5,0.0,True,session
ONGC,7074,2024-08-28 09:09:00+00:00,306.8,306.6,0.065189,True,session
ONGC,7127,2024-08-29 03:47:00+00:00,303.55,303.5,0.016472,True,session
ONGC,7188,2024-08-29 04:48:00+00:00,303.65,303.65,0.0,True,session
ONGC,7249,2024-08-29 05:49:00+00:00,303.85,303.85,0.0,True,session
ONGC,7310,2024-08-29 06:50:00+00:00,304.75,304.75,0.0,True,session
ONGC,7371,2024-08-29 07:51:00+00:00,305.5,305.45,0.016367,True,session
ONGC,7432,2024-08-29 08:52:00+00:00,304.0,304.0,0.0,True,session
ONGC,7519,2024-08-30 04:04:00+00:00,308.2,308.15,0.016223,True,session
ONGC,7580,2024-08-30 05:05:00+00:00,308.75,308.75,0.0,True,session
ONGC,7641,2024-08-30 06:06:00+00:00,307.35,307.35,0.0,True,session
ONGC,7702,2024-08-30 07:07:00+00:00,307.1,307.15,0.016281,True,session
ONGC,7721,2024-08-30 07:26:00+00:00,308.75,308.6,0.048583,True,session
ONGC,7729,2024-08-30 07:34:00+00:00,309.45,309.45,0.0,True,session
ONGC,7790,2024-08-30 08:35:00+00:00,308.65,308.6,0.0162,True,session
ONGC,7851,2024-08-30 09:36:00+00:00,307.3,307.3,0.0,True,session
POWERGRID,88,2024-08-01 05:13:00+00:00,361.0,360.9,0.027701,True,session
POWERGRID,203,2024-08-01 07:08:00+00:00,359.85,359.75,0.027789,True,session
POWERGRID,264,2024-08-01 08:09:00+00:00,361.5,361.5,0.0,True,session
POWERGRID,342,2024-08-01 09:27:00+00:00,359.35,359.25,0.027828,True,session
POWERGRID,378,2024-08-02 03:48:00+00:00,359.6,359.7,0.027809,True,session
POWERGRID,401,2024-08-02 04:11:00+00:00,357.95,357.6,0.097779,True,session
POWERGRID,462,2024-08-02 05:12:00+00:00,357.75,357.75,0.0,True,session
POWERGRID,523,2024-08-02 06:13:00+00:00,356.05,356.05,0.0,True,session
POWERGRID,584,2024-08-02 07:14:00+00:00,354.35,354.35,0.0,True,session
POWERGRID,626,2024-08-02 07:56:00+00:00,356.7,356.6,0.028035,True,session
POWERGRID,682,2024-08-02 08:52:00+00:00,359.05,359.15,0.027851,True,session
POWERGRID,743,2024-08-02 09:53:00+00:00,358.95,358.85,0.027859,True,session
POWERGRID,751,2024-08-05 03:46:00+00:00,353.1,352.15,0.269046,True,session
POWERGRID,758,2024-08-05 03:53:00+00:00,348.8,348.7,0.02867,True,session
POWERGRID,819,2024-08-05 04:54:00+00:00,349.0,349.05,0.014327,True,session
POWERGRID,874,2024-08-05 05:49:00+00:00,344.2,344.2,0.0,True,session
POWERGRID,935,2024-08-05 06:50:00+00:00,344.9,344.9,0.0,True,session
POWERGRID,996,2024-08-05 07:51:00+00:00,343.9,343.9,0.0,True,session
POWERGRID,1057,2024-08-05 08:52:00+00:00,342.9,343.0,0.029163,True,session
POWERGRID,1118,2024-08-05 09:53:00+00:00,342.75,342.75,0.0,True,session
POWERGRID,1126,2024-08-06 03:46:00+00:00,349.95,350.15,0.057151,True,session
POWERGRID,1136,2024-08-06 03:56:00+00:00,344.55,344.55,0.0,True,session
POWERGRID,1197,2024-08-06 04:57:00+00:00,344.05,344.05,0.0,True,session
POWERGRID,1258,2024-08-06 05:58:00+00:00,345.8,345.8,0.0,True,session
POWERGRID,1319,2024-08-06 06:59:00+00:00,346.75,346.75,0.0,True,session
POWERGRID,1380,2024-08-06 08:00:00+00:00,344.3,344.3,0.0,True,session
POWERGRID,1441,2024-08-06 09:01:00+00:00,342.2,342.2,0.0,True,session
POWERGRID,1501,2024-08-07 03:46:00+00:00,343.85,343.85,0.0,True,session
POWERGRID,1516,2024-08-07 04:01:00+00:00,346.75,346.75,0.0,True,session
POWERGRID,1577,2024-08-07 05:02:00+00:00,348.3,348.3,0.0,True,session
POWERGRID,1638,2024-08-07 06:03:00+00:00,345.95,345.95,0.0,True,session
POWERGRID,1699,2024-08-07 07:04:00+00:00,346.8,346.9,0.028835,True,session
POWERGRID,1722,2024-08-07 07:27:00+00:00,349.0,349.1,0.028653,True,session
POWERGRID,1803,2024-08-07 08:48:00+00:00,352.1,352.1,0.0,True,session
POWERGRID,1864,2024-08-07 09:49:00+00:00,352.2,352.15,0.014196,True,session
POWERGRID,1879,2024-08-08 03:49:00+00:00,350.35,350.3,0.014271,True,session
POWERGRID,1907,2024-08-08 04:17:00+00:00,347.3,347.3,0.0,True,session
POWERGRID,1968,2024-08-08 05:18:00+00:00,345.5,345.3,0.057887,True,session
POWERGRID,2029,2024-08-08 06:19:00+00:00,346.6,346.7,0.028852,True,session
POWERGRID,2090,2024-08-08 07:20:00+00:00,346.65,346.65,0.0,True,session
POWERGRID,2103,2024-08-08 07:33:00+00:00,343.15,343.35,0.058284,True,session
POWERGRID,2164,2024-08-08 08:34:00+00:00,341.95,342.0,0.014622,True,session
POWERGRID,2188,2024-08-08 08:58:00+00:00,344.1,344.1,0.0,True,session
POWERGRID,2249,2024-08-08 09:59:00+00:00,342.8,342.8,0.0,True,session
POWERGRID,2251,2024-08-09 03:46:00+00:00,348.3,348.55,0.071777,True,session
POWERGRID,2312,2024-08-09 04:47:00+00:00,345.85,345.85,0.0,True,session
POWERGRID,2373,2024-08-09 05:48:00+00:00,346.6,346.7,0.028852,True,session
POWERGRID,2434,2024-08-09 06:49:00+00:00,344.7,344.7,0.0,True,session
POWERGRID,2495,2024-08-09 07:50:00+00:00,345.75,345.75,0.0,True,session
POWERGRID,2556,2024-08-09 08:51:00+00:00,346.4,346.4,0.0,True,session
POWERGRID,2617,2024-08-09 09:52:00+00:00,345.35,345.55,0.057912,True,session
POWERGRID,2626,2024-08-12 03:46:00+00:00,342.05,342.35,0.087706,True,session
POWERGRID,2687,2024-08-12 04:47:00+00:00,340.5,340.5,0.0,True,session
POWERGRID,2727,2024-08-12 05:27:00+00:00,342.95,342.95,0.0,True,session
POWERGRID,2788,2024-08-12 06:28:00+00:00,342.55,342.55,0.0,True,session
POWERGRID,2849,2024-08-12 07:29:00+00:00,342.45,342.45,0.0,True,session
POWERGRID,2910,2024-08-12 08:30:00+00:00,342.5,342.55,0.014599,True,session
POWERGRID,2971,2024-08-12 09:31:00+00:00,340.8,340.8,0.0,True,session
POWERGRID,3001,2024-08-13 03:46:00+00:00,339.75,339.85,0.029433,True,session
POWERGRID,3008,2024-08-13 03:53:00+00:00,342.2,342.2,0.0,True,session
POWERGRID,3069,2024-08-13 04:54:00+00:00,339.35,339.25,0.029468,True,session
POWERGRID,3130,2024-08-13 05:55:00+00:00,340.55,340.55,0.0,True,session
POWERGRID,3191,2024-08-13 06:56:00+00:00,338.55,338.5,0.014769,True,session
POWERGRID,3252,2024-08-13 07:57:00+00:00,338.65,338.65,0.0,True,session
POWERGRID,3313,2024-08-13 08:58:00+00:00,337.1,337.1,0.0,True,session
POWERGRID,3374,2024-08-13 09:59:00+00:00,335.8,335.8,0.0,True,session
POWERGRID,3376,2024-08-14 03:46:00+00:00,336.4,336.4,0.0,True,session
POWERGRID,3403,2024-08-14 04:13:00+00:00,332.8,332.8,0.0,True,session
POWERGRID,3407,2024-08-14 04:17:00+00:00,334.9,334.8,0.02986,True,session
POWERGRID,3458,2024-08-14 05:08:00+00:00,337.0,337.0,0.0,True,session
POWERGRID,3519,2024-08-14 06:09:00+00:00,334.6,334.6,0.0,True,session
POWERGRID,3580,2024-08-14 07:10:00+00:00,333.45,333.45,0.0,True,session
POWERGRID,3641,2024-08-14 08:11:00+00:00,333.8,333.8,0.0,True,session
POWERGRID,3702,2024-08-14 09:12:00+00:00,333.75,333.75,0.0,True,session
POWERGRID,3763,2024-08-16 03:58:00+00:00,335.3,335.4,0.029824,True,session
POWERGRID,3822,2024-08-16 04:57:00+00:00,332.05,331.95,0.030116,True,session
POWERGRID,3883,2024-08-16 05:58:00+00:00,333.6,333.55,0.014988,True,session
POWERGRID,3902,2024-08-16 06:17:00+00:00,335.5,335.45,0.014903,True,session
POWERGRID,3924,2024-08-16 06:39:00+00:00,337.65,337.7,0.014808,True,session
POWERGRID,3985,2024-08-16 07:40:00+00:00,338.1,338.1,0.0,True,session
POWERGRID,4145,2024-08-19 04:05:00+00:00,339.5,339.5,0.0,True,session
POWERGRID,4506,2024-08-20 03:51:00+00:00,339.7,339.5,0.058875,True,session
POWERGRID,4893,2024-08-21 04:03:00+00:00,339.2,339.25,0.014741,True,session
POWERGRID,4954,2024-08-21 05:04:00+00:00,338.9,338.9,0.0,True,session
POWERGRID,5015,2024-08-21 06:05:00+00:00,338.9,338.85,0.014754,True,session
POWERGRID,5076,2024-08-21 07:06:00+00:00,339.15,339.15,0.0,True,session
POWERGRID,5137,2024-08-21 08:07:00+00:00,339.3,339.25,0.014736,True,session
POWERGRID,5225,2024-08-21 09:35:00+00:00,336.25,336.25,0.0,True,session
POWERGRID,5251,2024-08-22 03:46:00+00:00,331.3,331.25,0.015092,True,session
POWERGRID,5300,2024-08-22 04:35:00+00:00,333.15,333.15,0.0,True,session
POWERGRID,5361,2024-08-22 05:36:00+00:00,334.05,334.1,0.014968,True,session
POWERGRID,5422,2024-08-22 06:37:00+00:00,334.4,334.4,0.0,True,session
POWERGRID,5483,2024-08-22 07:38:00+00:00,333.1,333.1,0.0,True,session
POWERGRID,5544,2024-08-22 08:39:00+00:00,334.15,334.1,0.014963,True,session
POWERGRID,5605,2024-08-22 09:40:00+00:00,333.7,333.85,0.044951,True,session
POWERGRID,5626,2024-08-23 03:46:00+00:00,334.6,334.8,0.059773,True,session
POWERGRID,5687,2024-08-23 04:47:00+00:00,334.95,334.95,0.0,True,session
POWERGRID,5748,2024-08-23 05:48:00+00:00,334.35,334.35,0.0,True,session
POWERGRID,6026,2024-08-26 04:11:00+00:00,340.4,340.45,0.014689,True,session
POWERGRID,6087,2024-08-26 05:12:00+00:00,340.75,340.75,0.0,True,session
POWERGRID,6151,2024-08-26 06:16:00+00:00,338.65,338.65,0.0,True,session
POWERGRID,6378,2024-08-27 03:48:00+00:00,341.0,341.2,0.058651,True,session
POWERGRID,6419,2024-08-27 04:29:00+00:00,339.2,339.25,0.014741,True,session
POWERGRID,6480,2024-08-27 05:30:00+00:00,339.65,339.6,0.014721,True,session
POWERGRID,6582,2024-08-27 07:12:00+00:00,338.75,338.75,0.0,True,session
POWERGRID,6770,2024-08-28 04:05:00+00:00,335.1,335.05,0.014921,True,session
POWERGRID,6855,2024-08-28 05:30:00+00:00,338.0,338.0,0.0,True,session
POWERGRID,6916,2024-08-28 06:31:00+00:00,338.2,338.15,0.014784,True,session
POWERGRID,7140,2024-08-29 04:00:00+00:00,333.2,333.3,0.030012,True,session
POWERGRID,7201,2024-08-29 05:01:00+00:00,330.35,330.35,0.0,True,session
POWERGRID,7262,2024-08-29 06:02:00+00:00,331.3,331.3,0.0,True,session
POWERGRID,7323,2024-08-29 07:03:00+00:00,332.3,332.3,0.0,True,session
POWERGRID,7336,2024-08-29 07:16:00+00:00,333.65,333.65,0.0,True,session
POWERGRID,7397,2024-08-29 08:17:00+00:00,332.0,332.0,0.0,True,session
POWERGRID,7435,2024-08-29 08:55:00+00:00,329.2,329.2,0.0,True,session
POWERGRID,7456,2024-08-29 09:16:00+00:00,330.8,330.75,0.015115,True,session
POWERGRID,7467,2024-08-29 09:27:00+00:00,332.95,332.75,0.060069,True,session
POWERGRID,7535,2024-08-30 04:20:00+00:00,337.45,337.45,0.0,True,session
POWERGRID,7596,2024-08-30 05:21:00+00:00,339.85,339.85,0.0,True,session
POWERGRID,7657,2024-08-30 06:22:00+00:00,339.95,339.95,0.0,True,session
POWERGRID,7718,2024-08-30 07:23:00+00:00,339.45,339.6,0.044189,True,session
POWERGRID,7779,2024-08-30 08:24:00+00:00,339.8,339.8,0.0,True,session
POWERGRID,7840,2024-08-30 09:25:00+00:00,338.85,339.0,0.044267,True,session
RELIANCE,5,2024-08-01 03:50:00+00:00,1508.65,1508.9,0.016571,True,session
RELIANCE,106,2024-08-01 05:31:00+00:00,1512.5,1512.5,0.0,True,session
RELIANCE,173,2024-08-01 06:38:00+00:00,1509.5,1509.5,0.0,True,session
RELIANCE,234,2024-08-01 07:39:00+00:00,1510.05,1510.05,0.0,True,session
RELIANCE,348,2024-08-01 09:33:00+00:00,1514.4,1514.4,0.0,True,session
RELIANCE,378,2024-08-02 03:48:00+00:00,1506.5,1506.5,0.0,True,session
RELIANCE,439,2024-08-02 04:49:00+00:00,1503.8,1503.8,0.0,True,session
RELIANCE,500,2024-08-02 05:50:00+00:00,1502.35,1502.35,0.0,True,session
RELIANCE,561,2024-08-02 06:51:00+00:00,1500.55,1500.55,0.0,True,session
RELIANCE,622,2024-08-02 07:52:00+00:00,1501.4,1501.4,0.0,True,session
RELIANCE,683,2024-08-02 08:53:00+00:00,1502.0,1502.0,0.0,True,session
RELIANCE,744,2024-08-02 09:54:00+00:00,1501.1,1501.1,0.0,True,session
RELIANCE,751,2024-08-05 03:46:00+00:00,1474.0,1471.4,0.176391,True,session
RELIANCE,763,2024-08-05 03:58:00+00:00,1459.2,1459.0,0.013706,True,session
RELIANCE,824,2024-08-05 04:59:00+00:00,1460.6,1460.55,0.003423,True,session
RELIANCE,879,2024-08-05 05:54:00+00:00,1446.0,1446.0,0.0,True,session
RELIANCE,940,2024-08-05 06:55:00+00:00,1440.65,1440.4,0.017353,True,session
RELIANCE,1001,2024-08-05 07:56:00+00:00,1448.3,1448.15,0.010357,True,session
RELIANCE,1062,2024-08-05 08:57:00+00:00,1446.7,1446.7,0.0,True,session
RELIANCE,1123,2024-08-05 09:58:00+00:00,1447.5,1447.5,0.0,True,session
RELIANCE,1126,2024-08-06 03:46:00+00:00,1473.7,1474.5,0.054285,True,session
RELIANCE,1187,2024-08-06 04:47:00+00:00,1471.8,1471.8,0.0,True,session
RELIANCE,1248,2024-08-06 05:48:00+00:00,1471.45,1471.0,0.030582,True,session
RELIANCE,1309,2024-08-06 06:49:00+00:00,1473.4,1473.5,0.006787,True,session
RELIANCE,1370,2024-08-06 07:50:00+00:00,1467.1,1467.05,0.003408,True,session
RELIANCE,1431,2024-08-06 08:51:00+00:00,1458.5,1458.5,0.0,True,session
RELIANCE,1492,2024-08-06 09:52:00+00:00,1456.8,1456.9,0.006864,True,session
RELIANCE,1501,2024-08-07 03:46:00+00:00,1464.5,1464.6,0.006828,True,session
RELIANCE,1562,2024-08-07 04:47:00+00:00,1462.4,1462.45,0.003419,True,session
RELIANCE,1623,2024-08-07 05:48:00+00:00,1463.1,1463.1,0.0,True,session
RELIANCE,1684,2024-08-07 06:49:00+00:00,1467.0,1467.05,0.003408,True,session
RELIANCE,1745,2024-08-07 07:50:00+00:00,1466.4,1466.4,0.0,True,session
RELIANCE,1815,2024-08-07 09:00:00+00:00,1466.6,1466.6,0.0,True,session
RELIANCE,1876,2024-08-08 03:46:00+00:00,1459.1,1459.0,0.006854,True,session
RELIANCE,1937,2024-08-08 04:47:00+00:00,1453.75,1453.75,0.0,True,session
RELIANCE,1998,2024-08-08 05:48:00+00:00,1453.7,1453.95,0.017197,True,session
RELIANCE,2059,2024-08-08 06:49:00+00:00,1459.9,1459.8,0.00685,True,session
RELIANCE,2120,2024-08-08 07:50:00+00:00,1451.75,1451.75,0.0,True,session
RELIANCE,2181,2024-08-08 08:51:00+00:00,1449.4,1449.4,0.0,True,session
RELIANCE,2242,2024-08-08 09:52:00+00:00,1446.6,1446.65,0.003456,True,session
RELIANCE,2251,2024-08-09 03:46:00+00:00,1458.3,1459.2,0.061716,True,session
RELIANCE,2262,2024-08-09 03:57:00+00:00,1466.4,1466.7,0.020458,True,session
RELIANCE,2358,2024-08-09 05:33:00+00:00,1470.0,1470.0,0.0,True,session
RELIANCE,2487,2024-08-09 07:42:00+00:00,1475.0,1474.6,0.027119,True,session
RELIANCE,2548,2024-08-09 08:43:00+00:00,1474.2,1474.2,0.0,True,session
RELIANCE,2609,2024-08-09 09:44:00+00:00,1474.1,1474.1,0.0,True,session
RELIANCE,2628,2024-08-12 03:48:00+00:00,1466.4,1466.4,0.0,True,session
RELIANCE,2689,2024-08-12 04:49:00+00:00,1464.0,1464.0,0.0,True,session
RELIANCE,2747,2024-08-12 05:47:00+00:00,1471.5,1472.3,0.054366,True,session
RELIANCE,2808,2024-08-12 06:48:00+00:00,1466.1,1466.1,0.0,True,session
RELIANCE,2869,2024-08-12 07:49:00+00:00,1467.2,1467.0,0.013631,True,session
RELIANCE,2930,2024-08-12 08:50:00+00:00,1466.4,1466.4,0.0,True,session
RELIANCE,2991,2024-08-12 09:51:00+00:00,1460.9,1460.7,0.01369,True,session
RELIANCE,3052,2024-08-13 04:37:00+00:00,1463.3,1463.3,0.0,True,session
RELIANCE,3113,2024-08-13 05:38:00+00:00,1462.55,1462.55,0.0,True,session
RELIANCE,3174,2024-08-13 06:39:00+00:00,1466.5,1466.7,0.013638,True,session
RELIANCE,3235,2024-08-13 07:40:00+00:00,1465.5,1465.5,0.0,True,session
RELIANCE,3296,2024-08-13 08:41:00+00:00,1459.2,1459.0,0.013706,True,session
RELIANCE,3338,2024-08-13 09:23:00+00:00,1467.1,1467.1,0.0,True,session
RELIANCE,3399,2024-08-14 04:09:00+00:00,1456.0,1456.0,0.0,True,session
RELIANCE,3460,2024-08-14 05:10:00+00:00,1461.15,1461.1,0.003422,True,session
RELIANCE,3521,2024-08-14 06:11:00+00:00,1461.25,1461.2,0.003422,True,session
RELIANCE,3582,2024-08-14 07:12:00+00:00,1464.9,1464.45,0.030719,True,session
RELIANCE,3643,2024-08-14 08:13:00+00:00,1466.8,1466.8,0.0,True,session
RELIANCE,3704,2024-08-14 09:14:00+00:00,1462.7,1462.85,0.010255,True,session
RELIANCE,3756,2024-08-16 03:51:00+00:00,1474.3,1474.65,0.02374,True,session
RELIANCE,3820,2024-08-16 04:55:00+00:00,1466.5,1466.5,0.0,True,session
RELIANCE,3881,2024-08-16 05:56:00+00:00,1459.9,1459.9,0.0,True,session
RELIANCE,3911,2024-08-16 06:26:00+00:00,1467.8,1467.7,0.006813,True,session
RELIANCE,4024,2024-08-16 08:19:00+00:00,1476.75,1476.75,0.0,True,session
RELIANCE,4128,2024-08-19 03:48:00+00:00,1484.5,1484.35,0.010104,True,session
RELIANCE,4208,2024-08-19 05:08:00+00:00,1494.5,1494.5,0.0,True,session
RELIANCE,4269,2024-08-19 06:09:00+00:00,1492.8,1492.8,0.0,True,session
RELIANCE,4330,2024-08-19 07:10:00+00:00,1492.5,1492.05,0.030151,True,session
RELIANCE,4391,2024-08-19 08:11:00+00:00,1488.6,1489.0,0.026871,True,session
RELIANCE,4452,2024-08-19 09:12:00+00:00,1487.2,1487.2,0.0,True,session
RELIANCE,4501,2024-08-20 03:46:00+00:00,1495.2,1495.2,0.0,True,session
RELIANCE,4598,2024-08-20 05:23:00+00:00,1500.9,1500.9,0.0,True,session
RELIANCE,4659,2024-08-20 06:24:00+00:00,1498.5,1498.5,0.0,True,session
RELIANCE,4720,2024-08-20 07:25:00+00:00,1501.3,1501.7,0.026644,True,session
RELIANCE,4788,2024-08-20 08:33:00+00:00,1500.0,1500.0,0.0,True,session
RELIANCE,4849,2024-08-20 09:34:00+00:00,1497.0,1496.6,0.02672,True,session
RELIANCE,4910,2024-08-21 04:20:00+00:00,1501.7,1501.7,0.0,True,session
RELIANCE,5001,2024-08-21 05:51:00+00:00,1502.0,1501.8,0.013316,True,session
RELIANCE,5200,2024-08-21 09:10:00+00:00,1500.0,1500.0,0.0,True,session
RELIANCE,5275,2024-08-22 04:10:00+00:00,1498.8,1498.8,0.0,True,session
RELIANCE,5336,2024-08-22 05:11:00+00:00,1493.4,1493.1,0.020088,True,session
RELIANCE,5397,2024-08-22 06:12:00+00:00,1496.9,1496.9,0.0,True,session
RELIANCE,5458,2024-08-22 07:13:00+00:00,1495.6,1495.6,0.0,True,session
RELIANCE,5519,2024-08-22 08:14:00+00:00,1499.2,1499.2,0.0,True,session
RELIANCE,5580,2024-08-22 09:15:00+00:00,1496.25,1496.3,0.003342,True,session
RELIANCE,5628,2024-08-23 03:48:00+00:00,1508.3,1508.3,0.0,True,session
RELIANCE,5689,2024-08-23 04:49:00+00:00,1508.0,1508.4,0.026525,True,session
RELIANCE,5764,2024-08-23 06:04:00+00:00,1502.3,1502.3,0.0,True,session
RELIANCE,5827,2024-08-23 07:07:00+00:00,1504.45,1504.4,0.003323,True,session
RELIANCE,5888,2024-08-23 08:08:00+00:00,1501.55,1501.55,0.0,True,session
RELIANCE,5949,2024-08-23 09:09:00+00:00,1501.2,1501.4,0.013323,True,session
RELIANCE,6010,2024-08-26 03:55:00+00:00,1503.8,1503.8,0.0,True,session
RELIANCE,6047,2024-08-26 04:32:00+00:00,1511.0,1511.0,0.0,True,session
RELIANCE,6086,2024-08-26 05:11:00+00:00,1519.95,1519.75,0.013158,True,session
RELIANCE,6175,2024-08-26 06:40:00+00:00,1522.2,1522.25,0.003285,True,session
RELIANCE,6238,2024-08-26 07:43:00+00:00,1517.8,1517.8,0.0,True,session
RELIANCE,6299,2024-08-26 08:44:00+00:00,1513.35,1513.35,0.0,True,session
RELIANCE,6360,2024-08-26 09:45:00+00:00,1511.0,1511.0,0.0,True,session
RELIANCE,6421,2024-08-27 04:31:00+00:00,1507.75,1507.7,0.003316,True,session
RELIANCE,6482,2024-08-27 05:32:00+00:00,1503.95,1504.0,0.003325,True,session
RELIANCE,6543,2024-08-27 06:33:00+00:00,1501.1,1501.1,0.0,True,session
RELIANCE,6604,2024-08-27 07:34:00+00:00,1501.7,1501.7,0.0,True,session
RELIANCE,6665,2024-08-27 08:35:00+00:00,1502.5,1502.5,0.0,True,session
RELIANCE,6726,2024-08-27 09:36:00+00:00,1500.8,1501.0,0.013326,True,session
RELIANCE,6787,2024-08-28 04:22:00+00:00,1503.0,1503.0,0.0,True,session
RELIANCE,6848,2024-08-28 05:23:00+00:00,1496.9,1496.9,0.0,True,session
RELIANCE,6899,2024-08-28 06:14:00+00:00,1504.8,1504.8,0.0,True,session
RELIANCE,6960,2024-08-28 07:15:00+00:00,1503.2,1502.75,0.029936,True,session
RELIANCE,7021,2024-08-28 08:16:00+00:00,1497.4,1497.4,0.0,True,session
RELIANCE,7082,2024-08-28 09:17:00+00:00,1494.9,1495.0,0.006689,True,session
RELIANCE,7126,2024-08-29 03:46:00+00:00,1499.6,1500.0,0.026674,True,session
RELIANCE,7187,2024-08-29 04:47:00+00:00,1503.0,1503.0,0.0,True,session
RELIANCE,7248,2024-08-29 05:48:00+00:00,1503.1,1503.1,0.0,True,session
RELIANCE,7309,2024-08-29 06:49:00+00:00,1502.5,1502.9,0.026622,True,session
RELIANCE,7353,2024-08-29 07:33:00+00:00,1509.2,1509.0,0.013252,True,session
RELIANCE,7396,2024-08-29 08:16:00+00:00,1523.3,1523.2,0.006565,True,session
RELIANCE,7456,2024-08-29 09:16:00+00:00,1510.55,1510.25,0.01986,True,session
RELIANCE,7487,2024-08-29 09:47:00+00:00,1519.2,1519.2,0.0,True,session
RELIANCE,7517,2024-08-30 04:02:00+00:00,1517.6,1518.8,0.079072,True,session
RELIANCE,7578,2024-08-30 05:03:00+00:00,1513.6,1513.6,0.0,True,session
RELIANCE,7639,2024-08-30 06:04:00+00:00,1510.9,1510.85,0.003309,True,session
RELIANCE,7700,2024-08-30 07:05:00+00:00,1505.15,1505.15,0.0,True,session
RELIANCE,7761,2024-08-30 08:06:00+00:00,1510.3,1510.3,0.0,True,session
RELIANCE,7822,2024-08-30 09:07:00+00:00,1511.4,1511.0,0.026466,True,session
SBILIFE,2,2024-08-01 03:47:00+00:00,1769.9,1769.0,0.05085,True,session
SBILIFE,42,2024-08-01 04:27:00+00:00,1778.1,1778.1,0.0,True,session
SBILIFE,108,2024-08-01 05:33:00+00:00,1779.25,1779.4,0.008431,True,session
SBILIFE,169,2024-08-01 06:34:00+00:00,1768.2,1768.2,0.0,True,session
SBILIFE,230,2024-08-01 07:35:00+00:00,1764.55,1764.7,0.008501,True,session
SBILIFE,243,2024-08-01 07:48:00+00:00,1773.7,1773.7,0.0,True,session
SBILIFE,304,2024-08-01 08:49:00+00:00,1772.1,1772.1,0.0,True,session
SBILIFE,365,2024-08-01 09:50:00+00:00,1765.45,1766.5,0.059475,True,session
SBILIFE,383,2024-08-02 03:53:00+00:00,1748.0,1747.25,0.042906,True,session
SBILIFE,416,2024-08-02 04:26:00+00:00,1731.3,1732.6,0.075088,True,session
SBILIFE,429,2024-08-02 04:39:00+00:00,1738.45,1739.7,0.071903,True,session
SBILIFE,471,2024-08-02 05:21:00+00:00,1746.95,1746.95,0.0,True,session
SBILIFE,508,2024-08-02 05:58:00+00:00,1757.35,1757.35,0.0,True,session
SBILIFE,513,2024-08-02 06:03:00+00:00,1766.95,1766.6,0.019808,True,session
SBILIFE,571,2024-08-02 07:01:00+00:00,1750.3,1750.3,0.0,True,session
SBILIFE,632,2024-08-02 08:02:00+00:00,1754.25,1755.05,0.045604,True,session
SBILIFE,693,2024-08-02 09:03:00+00:00,1755.75,1755.75,0.0,True,session
SBILIFE,751,2024-08-05 03:46:00+00:00,1724.8,1725.65,0.049281,True,session
SBILIFE,812,2024-08-05 04:47:00+00:00,1735.0,1734.8,0.011527,True,session
SBILIFE,873,2024-08-05 05:48:00+00:00,1712.15,1713.05,0.052565,True,session
SBILIFE,934,2024-08-05 06:49:00+00:00,1720.5,1720.25,0.014531,True,session
SBILIFE,995,2024-08-05 07:50:00+00:00,1713.5,1713.45,0.002918,True,session
SBILIFE,1056,2024-08-05 08:51:00+00:00,1718.35,1718.25,0.00582,True,session
SBILIFE,1117,2024-08-05 09:52:00+00:00,1722.65,1722.55,0.005805,True,session
SBILIFE,1126,2024-08-06 03:46:00+00:00,1706.1,1706.45,0.020515,True,session
SBILIFE,1132,2024-08-06 03:52:00+00:00,1728.6,1726.85,0.101238,True,session
SBILIFE,1193,2024-08-06 04:53:00+00:00,1701.35,1701.35,0.0,True,session
SBILIFE,1254,2024-08-06 05:54:00+00:00,1692.5,1693.05,0.032496,True,session
SBILIFE,1315,2024-08-06 06:55:00+00:00,1694.0,1694.0,0.0,True,session
SBILIFE,1376,2024-08-06 07:56:00+00:00,1700.55,1700.6,0.00294,True,session
SBILIFE,1437,2024-08-06 08:57:00+00:00,1692.45,1692.45,0.0,True,session
SBILIFE,1498,2024-08-06 09:58:00+00:00,1675.2,1675.2,0.0,True,session
SBILIFE,1501,2024-08-07 03:46:00+00:00,1692.8,1692.8,0.0,True,session
SBILIFE,1562,2024-08-07 04:47:00+00:00,1684.25,1683.5,0.04453,True,session
SBILIFE,1623,2024-08-07 05:48:00+00:00,1681.7,1681.7,0.0,True,session
SBILIFE,1684,2024-08-07 06:49:00+00:00,1685.95,1685.95,0.0,True,session
SBILIFE,1745,2024-08-07 07:50:00+00:00,1684.9,1684.9,0.0,True,session
SBILIFE,1806,2024-08-07 08:51:00+00:00,1687.95,1687.8,0.008887,True,session
SBILIFE,1867,2024-08-07 09:52:00+00:00,1685.35,1685.3,0.002967,True,session
SBILIFE,1928,2024-08-08 04:38:00+00:00,1673.05,1673.15,0.005977,True,session
SBILIFE,1948,2024-08-08 04:58:00+00:00,1686.55,1684.85,0.100797,True,session
SBILIFE,2009,2024-08-08 05:59:00+00:00,1678.5,1678.35,0.008937,True,session
SBILIFE,2051,2024-08-08 06:41:00+00:00,1688.65,1688.55,0.005922,True,session
SBILIFE,2112,2024-08-08 07:42:00+00:00,1681.25,1681.35,0.005948,True,session
SBILIFE,2141,2024-08-08 08:11:00+00:00,1691.55,1691.05,0.029559,True,session
SBILIFE,2188,2024-08-08 08:58:00+00:00,1700.95,1700.9,0.00294,True,session
SBILIFE,2201,2024-08-08 09:11:00+00:00,1709.95,1708.65,0.076026,True,session
SBILIFE,2293,2024-08-09 04:28:00+00:00,1713.75,1713.5,0.014588,True,session
SBILIFE,2359,2024-08-09 05:34:00+00:00,1729.1,1729.1,0.0,True,session
SBILIFE,2420,2024-08-09 06:35:00+00:00,1729.7,1729.55,0.008672,True,session
SBILIFE,2530,2024-08-09 08:25:00+00:00,1730.0,1730.0,0.0,True,session
SBILIFE,2591,2024-08-09 09:26:00+00:00,1731.8,1731.2,0.034646,True,session
SBILIFE,2619,2024-08-09 09:54:00+00:00,1723.3,1723.45,0.008704,True,session
SBILIFE,2626,2024-08-12 03:46:00+00:00,1711.4,1709.55,0.108099,True,session
SBILIFE,2661,2024-08-12 04:21:00+00:00,1694.3,1694.4,0.005902,True,session
SBILIFE,2689,2024-08-12 04:49:00+00:00,1702.2,1702.95,0.044061,True,session
SBILIFE,2706,2024-08-12 05:06:00+00:00,1712.25,1713.0,0.043802,True,session
SBILIFE,2728,2024-08-12 05:28:00+00:00,1719.7,1719.7,0.0,True,session
SBILIFE,2789,2024-08-12 06:29:00+00:00,1728.8,1728.8,0.0,True,session
SBILIFE,2837,2024-08-12 07:17:00+00:00,1712.95,1712.95,0.0,True,session
SBILIFE,2898,2024-08-12 08:18:00+00:00,1713.8,1713.8,0.0,True,session
SBILIFE,2959,2024-08-12 09:19:00+00:00,1709.8,1709.8,0.0,True,session
SBILIFE,3001,2024-08-13 03:46:00+00:00,1717.55,1716.8,0.043667,True,session
SBILIFE,3008,2024-08-13 03:53:00+00:00,1703.85,1703.85,0.0,True,session
SBILIFE,3045,2024-08-13 04:30:00+00:00,1686.15,1686.15,0.0,True,session
SBILIFE,3106,2024-08-13 05:31:00+00:00,1687.65,1687.65,0.0,True,session
SBILIFE,3167,2024-08-13 06:32:00+00:00,1692.8,1692.8,0.0,True,session
SBILIFE,3228,2024-08-13 07:33:00+00:00,1685.6,1684.9,0.041528,True,session
SBILIFE,3289,2024-08-13 08:34:00+00:00,1677.55,1677.55,0.0,True,session
SBILIFE,3350,2024-08-13 09:35:00+00:00,1680.15,1680.3,0.008928,True,session
SBILIFE,3376,2024-08-14 03:46:00+00:00,1680.25,1680.15,0.005951,True,session
SBILIFE,3406,2024-08-14 04:16:00+00:00,1691.8,1691.8,0.0,True,session
SBILIFE,3467,2024-08-14 05:17:00+00:00,1691.95,1692.95,0.059103,True,session
SBILIFE,3528,2024-08-14 06:18:00+00:00,1694.0,1694.0,0.0,True,session
SBILIFE,3589,2024-08-14 07:19:00+00:00,1694.4,1694.4,0.0,True,session
SBILIFE,3607,2024-08-14 07:37:00+00:00,1704.5,1704.5,0.0,True,session
SBILIFE,3668,2024-08-14 08:38:00+00:00,1696.8,1696.8,0.0,True,session
SBILIFE,3729,2024-08-14 09:39:00+00:00,1690.25,1690.25,0.0,True,session
SBILIFE,3751,2024-08-16 03:46:00+00:00,1697.9,1696.05,0.108958,True,session
SBILIFE,3778,2024-08-16 04:13:00+00:00,1679.95,1679.95,0.0,True,session
SBILIFE,3839,2024-08-16 05:14:00+00:00,1670.05,1670.05,0.0,True,session
SBILIFE,3864,2024-08-16 05:39:00+00:00,1679.5,1680.1,0.035725,True,session
SBILIFE,3925,2024-08-16 06:40:00+00:00,1683.5,1683.5,0.0,True,session
SBILIFE,3986,2024-08-16 07:41:00+00:00,1685.9,1685.9,0.0,True,session
SBILIFE,4041,2024-08-16 08:36:00+00:00,1696.25,1695.55,0.041268,True,session
SBILIFE,4111,2024-08-16 09:46:00+00:00,1689.7,1689.55,0.008877,True,session
SBILIFE,4172,2024-08-19 04:32:00+00:00,1682.0,1681.9,0.005945,True,session
SBILIFE,4233,2024-08-19 05:33:00+00:00,1670.25,1669.8,0.026942,True,session
SBILIFE,4294,2024-08-19 06:34:00+00:00,1674.4,1674.4,0.0,True,session
SBILIFE,4355,2024-08-19 07:35:00+00:00,1668.35,1668.35,0.0,True,session
SBILIFE,4416,2024-08-19 08:36:00+00:00,1668.65,1668.65,0.0,True,session
SBILIFE,4477,2024-08-19 09:37:00+00:00,1669.7,1669.7,0.0,True,session
SBILIFE,4501,2024-08-20 03:46:00+00:00,1676.05,1677.25,0.071597,True,session
SBILIFE,4514,2024-08-20 03:59:00+00:00,1685.55,1685.75,0.011866,True,session
SBILIFE,4595,2024-08-20 05:20:00+00:00,1711.55,1711.55,0.0,True,session
SBILIFE,4657,2024-08-20 06:22:00+00:00,1724.7,1724.7,0.0,True,session
SBILIFE,4718,2024-08-20 07:23:00+00:00,1725.65,1725.65,0.0,True,session
SBILIFE,4759,2024-08-20 08:04:00+00:00,1741.25,1741.2,0.002872,True,session
SBILIFE,4820,2024-08-20 09:05:00+00:00,1753.0,1752.8,0.011409,True,session
SBILIFE,4872,2024-08-20 09:57:00+00:00,1765.0,1765.45,0.025496,True,session
SBILIFE,4876,2024-08-21 03:46:00+00:00,1760.0,1760.0,0.0,True,session
SBILIFE,4916,2024-08-21 04:26:00+00:00,1777.0,1777.0,0.0,True,session
SBILIFE,4956,2024-08-21 05:06:00+00:00,1782.95,1782.95,0.0,True,session
SBILIFE,5017,2024-08-21 06:07:00+00:00,1786.2,1786.2,0.0,True,session
SBILIFE,5087,2024-08-21 07:17:00+00:00,1797.3,1798.0,0.038947,True,session
SBILIFE,5148,2024-08-21 08:18:00+00:00,1796.3,1796.3,0.0,True,session
SBILIFE,5209,2024-08-21 09:19:00+00:00,1799.3,1799.05,0.013894,True,session
SBILIFE,5270,2024-08-22 04:05:00+00:00,1798.3,1798.05,0.013902,True,session
SBILIFE,5344,2024-08-22 05:19:00+00:00,1804.85,1804.85,0.0,True,session
SBILIFE,5405,2024-08-22 06:20:00+00:00,1805.1,1805.0,0.00554,True,session
SBILIFE,5510,2024-08-22 08:05:00+00:00,1801.2,1801.2,0.0,True,session
SBILIFE,5613,2024-08-22 09:48:00+00:00,1792.75,1792.45,0.016734,True,session
SBILIFE,5674,2024-08-23 04:34:00+00:00,1787.3,1787.3,0.0,True,session
SBILIFE,5735,2024-08-23 05:35:00+00:00,1794.4,1794.4,0.0,True,session
SBILIFE,5827,2024-08-23 07:07:00+00:00,1797.0,1797.0,0.0,True,session
SBILIFE,5927,2024-08-23 08:47:00+00:00,1795.5,1795.5,0.0,True,session
SBILIFE,6003,2024-08-26 03:48:00+00:00,1779.85,1779.85,0.0,True,session
SBILIFE,6021,2024-08-26 04:06:00+00:00,1789.85,1789.85,0.0,True,session
SBILIFE,6130,2024-08-26 05:55:00+00:00,1793.3,1793.0,0.016729,True,session
SBILIFE,6191,2024-08-26 06:56:00+00:00,1794.85,1794.85,0.0,True,session
SBILIFE,6252,2024-08-26 07:57:00+00:00,1798.65,1798.6,0.00278,True,session
SBILIFE,6313,2024-08-26 08:58:00+00:00,1795.75,1795.75,0.0,True,session
SBILIFE,6374,2024-08-26 09:59:00+00:00,1796.6,1796.6,0.0,True,session
SBILIFE,6399,2024-08-27 04:09:00+00:00,1785.3,1785.3,0.0,True,session
SBILIFE,6452,2024-08-27 05:02:00+00:00,1798.0,1798.0,0.0,True,session
SBILIFE,6491,2024-08-27 05:41:00+00:00,1814.0,1813.65,0.019294,True,session
SBILIFE,6526,2024-08-27 06:16:00+00:00,1831.0,1831.0,0.0,True,session
SBILIFE,6642,2024-08-27 08:12:00+00:00,1835.75,1835.75,0.0,True,session
SBILIFE,6703,2024-08-27 09:13:00+00:00,1840.35,1840.35,0.0,True,session
SBILIFE,6755,2024-08-28 03:50:00+00:00,1837.25,1837.25,0.0,True,session
SBILIFE,6771,2024-08-28 04:06:00+00:00,1829.05,1829.25,0.010935,True,session
SBILIFE,6808,2024-08-28 04:43:00+00:00,1841.0,1840.6,0.021727,True,session
SBILIFE,6869,2024-08-28 05:44:00+00:00,1845.0,1845.0,0.0,True,session
SBILIFE,6930,2024-08-28 06:45:00+00:00,1850.95,1850.95,0.0,True,session
SBILIFE,6991,2024-08-28 07:46:00+00:00,1849.6,1849.6,0.0,True,session
SBILIFE,7052,2024-08-28 08:47:00+00:00,1853.15,1853.15,0.0,True,session
SBILIFE,7090,2024-08-28 09:25:00+00:00,1842.7,1843.5,0.043415,True,session
SBILIFE,7170,2024-08-29 04:30:00+00:00,1851.95,1851.95,0.0,True,session
SBILIFE,7257,2024-08-29 05:57:00+00:00,1853.55,1853.55,0.0,True,session
SBILIFE,7273,2024-08-29 06:13:00+00:00,1842.8,1842.8,0.0,True,session
SBILIFE,7339,2024-08-29 07:19:00+00:00,1857.4,1857.4,0.0,True,session
SBILIFE,7400,2024-08-29 08:20:00+00:00,1853.15,1853.15,0.0,True,session
SBILIFE,7461,2024-08-29 09:21:00+00:00,1842.7,1842.7,0.0,True,session
SBILIFE,7519,2024-08-30 04:04:00+00:00,1848.0,1848.0,0.0,True,session
SBILIFE,7563,2024-08-30 04:48:00+00:00,1857.15,1858.0,0.045769,True,session
SBILIFE,7624,2024-08-30 05:49:00+00:00,1863.65,1863.0,0.034878,True,session
SBILIFE,7699,2024-08-30 07:04:00+00:00,1857.3,1857.95,0.034997,True,session
SBILIFE,7760,2024-08-30 08:05:00+00:00,1852.75,1852.8,0.002699,True,session
SBILIFE,7821,2024-08-30 09:06:00+00:00,1849.95,1849.95,0.0,True,session
SBILIFE,7874,2024-08-30 09:59:00+00:00,1856.65,1855.85,0.043088,True,session
SBIN,4,2024-08-01 03:49:00+00:00,877.9,878.2,0.034172,True,session
SBIN,65,2024-08-01 04:50:00+00:00,878.5,878.5,0.0,True,session
SBIN,306,2024-08-01 08:51:00+00:00,873.75,873.95,0.02289,True,session
SBIN,312,2024-08-01 08:57:00+00:00,865.8,865.8,0.0,True,session
SBIN,373,2024-08-01 09:58:00+00:00,862.0,862.0,0.0,True,session
SBIN,376,2024-08-02 03:46:00+00:00,854.85,854.75,0.011698,True,session
SBIN,418,2024-08-02 04:28:00+00:00,847.5,847.55,0.0059,True,session
SBIN,456,2024-08-02 05:06:00+00:00,850.9,850.8,0.011752,True,session
SBIN,517,2024-08-02 06:07:00+00:00,851.35,851.35,0.0,True,session
SBIN,578,2024-08-02 07:08:00+00:00,849.7,849.5,0.023538,True,session
SBIN,639,2024-08-02 08:09:00+00:00,853.65,853.5,0.017572,True,session
SBIN,700,2024-08-02 09:10:00+00:00,849.45,849.45,0.0,True,session
SBIN,751,2024-08-05 03:46:00+00:00,825.5,824.4,0.133253,True,session
SBIN,812,2024-08-05 04:47:00+00:00,827.65,827.65,0.0,True,session
SBIN,849,2024-08-05 05:24:00+00:00,817.75,817.55,0.024457,True,session
SBIN,879,2024-08-05 05:54:00+00:00,804.9,805.0,0.012424,True,session
SBIN,940,2024-08-05 06:55:00+00:00,808.15,808.0,0.018561,True,session
SBIN,1001,2024-08-05 07:56:00+00:00,810.9,810.9,0.0,True,session
SBIN,1062,2024-08-05 08:57:00+00:00,807.9,807.95,0.006189,True,session
SBIN,1123,2024-08-05 09:58:00+00:00,811.35,811.35,0.0,True,session
SBIN,1126,2024-08-06 03:46:00+00:00,825.4,825.65,0.030288,True,session
SBIN,1187,2024-08-06 04:47:00+00:00,817.55,817.55,0.0,True,session
SBIN,1248,2024-08-06 05:48:00+00:00,815.25,815.3,0.006133,True,session
SBIN,1309,2024-08-06 06:49:00+00:00,815.7,815.7,0.0,True,session
SBIN,1370,2024-08-06 07:50:00+00:00,812.6,812.6,0.0,True,session
SBIN,1431,2024-08-06 08:51:00+00:00,804.5,804.9,0.04972,True,session
SBIN,1492,2024-08-06 09:52:00+00:00,797.1,797.1,0.0,True,session
SBIN,1501,2024-08-07 03:46:00+00:00,807.2,807.7,0.061943,True,session
SBIN,1562,2024-08-07 04:47:00+00:00,804.45,804.6,0.018646,True,session
SBIN,1623,2024-08-07 05:48:00+00:00,802.9,802.6,0.037365,True,session
SBIN,1684,2024-08-07 06:49:00+00:00,804.7,804.65,0.006213,True,session
SBIN,1745,2024-08-07 07:50:00+00:00,802.55,802.55,0.0,True,session
SBIN,1806,2024-08-07 08:51:00+00:00,807.7,807.85,0.018571,True,session
SBIN,1867,2024-08-07 09:52:00+00:00,809.5,809.5,0.0,True,session
SBIN,1928,2024-08-08 04:38:00+00:00,803.7,803.5,0.024885,True,session
SBIN,1972,2024-08-08 05:22:00+00:00,808.85,808.85,0.0,True,session
SBIN,2031,2024-08-08 06:21:00+00:00,815.0,815.0,0.0,True,session
SBIN,2104,2024-08-08 07:34:00+00:00,812.35,812.45,0.01231,True,session
SBIN,2165,2024-08-08 08:35:00+00:00,809.25,809.15,0.012357,True,session
SBIN,2226,2024-08-08 09:36:00+00:00,808.65,808.65,0.0,True,session
SBIN,2271,2024-08-09 04:06:00+00:00,813.95,814.0,0.006143,True,session
SBIN,2332,2024-08-09 05:07:00+00:00,811.3,811.3,0.0,True,session
SBIN,2393,2024-08-09 06:08:00+00:00,811.25,811.25,0.0,True,session
SBIN,2454,2024-08-09 07:09:00+00:00,811.95,811.9,0.006158,True,session
SBIN,2510,2024-08-09 08:05:00+00:00,821.4,821.4,0.0,True,session
SBIN,2522,2024-08-09 08:17:00+00:00,829.15,829.4,0.030151,True,session
SBIN,2528,2024-08-09 08:23:00+00:00,824.55,824.55,0.0,True,session
SBIN,2583,2024-08-09 09:18:00+00:00,821.1,821.1,0.0,True,session
SBIN,2616,2024-08-09 09:51:00+00:00,825.5,825.5,0.0,True,session
SBIN,2626,2024-08-12 03:46:00+00:00,815.0,814.55,0.055215,True,session
SBIN,2634,2024-08-12 03:54:00+00:00,818.85,818.75,0.012212,True,session
SBIN,2695,2024-08-12 04:55:00+00:00,817.9,817.9,0.0,True,session
SBIN,2756,2024-08-12 05:56:00+00:00,818.75,818.8,0.006107,True,session
SBIN,2817,2024-08-12 06:57:00+00:00,815.0,815.15,0.018405,True,session
SBIN,2878,2024-08-12 07:58:00+00:00,815.35,815.35,0.0,True,session
SBIN,2939,2024-08-12 08:59:00+00:00,815.5,815.7,0.024525,True,session
SBIN,3000,2024-08-13 03:45:00+00:00,813.0,813.5,0.061501,True,session
SBIN,3002,2024-08-13 03:47:00+00:00,817.05,817.0,0.00612,True,session
SBIN,3063,2024-08-13 04:48:00+00:00,817.7,817.75,0.006115,True,session
SBIN,3124,2024-08-13 05:49:00+00:00,818.0,818.0,0.0,True,session
SBIN,3185,2024-08-13 06:50:00+00:00,814.45,814.25,0.024556,True,session
SBIN,3214,2024-08-13 07:19:00+00:00,808.3,808.35,0.006186,True,session
SBIN,3275,2024-08-13 08:20:00+00:00,807.85,807.55,0.037136,True,session
SBIN,3336,2024-08-13 09:21:00+00:00,800.5,800.8,0.037477,True,session
SBIN,3379,2024-08-14 03:49:00+00:00,804.95,804.95,0.0,True,session
SBIN,3440,2024-08-14 04:50:00+00:00,806.75,806.6,0.018593,True,session
SBIN,3501,2024-08-14 05:51:00+00:00,805.05,805.05,0.0,True,session
SBIN,3562,2024-08-14 06:52:00+00:00,802.65,802.75,0.012459,True,session
SBIN,3623,2024-08-14 07:53:00+00:00,802.75,802.9,0.018686,True,session
SBIN,3684,2024-08-14 08:54:00+00:00,802.9,802.85,0.006227,True,session
SBIN,3745,2024-08-14 09:55:00+00:00,803.2,802.85,0.043576,True,session
SBIN,3751,2024-08-16 03:46:00+00:00,806.55,807.05,0.061992,True,session
SBIN,3812,2024-08-16 04:47:00+00:00,807.95,807.85,0.012377,True,session
SBIN,3873,2024-08-16 05:48:00+00:00,806.25,806.4,0.018605,True,session
SBIN,3906,2024-08-16 06:21:00+00:00,811.5,811.65,0.018484,True,session
SBIN,3967,2024-08-16 07:22:00+00:00,811.7,811.7,0.0,True,session
SBIN,4044,2024-08-16 08:39:00+00:00,814.35,814.5,0.01842,True,session
SBIN,4118,2024-08-16 09:53:00+00:00,811.2,811.2,0.0,True,session
SBIN,4128,2024-08-19 03:48:00+00:00,818.55,818.5,0.006108,True,session
SBIN,4189,2024-08-19 04:49:00+00:00,818.4,818.45,0.006109,True,session
SBIN,4264,2024-08-19 06:04:00+00:00,820.15,820.15,0.0,True,session
SBIN,4330,2024-08-19 07:10:00+00:00,818.35,818.35,0.0,True,session
SBIN,4391,2024-08-19 08:11:00+00:00,817.55,817.55,0.0,True,session
SBIN,4452,2024-08-19 09:12:00+00:00,815.5,815.5,0.0,True,session
SBIN,4513,2024-08-20 03:58:00+00:00,815.15,815.2,0.006134,True,session
SBIN,4618,2024-08-20 05:43:00+00:00,820.2,820.2,0.0,True,session
SBIN,4679,2024-08-20 06:44:00+00:00,820.2,820.35,0.018288,True,session
SBIN,4740,2024-08-20 07:45:00+00:00,821.3,821.3,0.0,True,session
SBIN,4801,2024-08-20 08:46:00+00:00,821.5,821.4,0.012173,True,session
SBIN,4862,2024-08-20 09:47:00+00:00,820.2,820.25,0.006096,True,session
SBIN,4915,2024-08-21 04:25:00+00:00,815.0,814.85,0.018405,True,session
SBIN,4976,2024-08-21 05:26:00+00:00,815.7,815.75,0.00613,True,session
SBIN,5037,2024-08-21 06:27:00+00:00,815.0,815.0,0.0,True,session
SBIN,5098,2024-08-21 07:28:00+00:00,815.0,814.85,0.018405,True,session
SBIN,5159,2024-08-21 08:29:00+00:00,812.3,812.25,0.006155,True,session
SBIN,5220,2024-08-21 09:30:00+00:00,814.85,814.85,0.0,True,session
SBIN,5271,2024-08-22 04:06:00+00:00,821.0,821.0,0.0,True,session
SBIN,5333,2024-08-22 05:08:00+00:00,821.45,821.45,0.0,True,session
SBIN,5396,2024-08-22 06:11:00+00:00,822.15,822.1,0.006082,True,session
SBIN,5457,2024-08-22 07:12:00+00:00,822.35,822.35,0.0,True,session
SBIN,5518,2024-08-22 08:13:00+00:00,822.15,822.1,0.006082,True,session
SBIN,5601,2024-08-22 09:36:00+00:00,821.0,821.05,0.00609,True,session
SBIN,5652,2024-08-23 04:12:00+00:00,816.7,816.75,0.006122,True,session
SBIN,5713,2024-08-23 05:13:00+00:00,818.95,818.75,0.024422,True,session
SBIN,5774,2024-08-23 06:14:00+00:00,817.55,817.85,0.036695,True,session
SBIN,5835,2024-08-23 07:15:00+00:00,817.45,817.4,0.006117,True,session
SBIN,5896,2024-08-23 08:16:00+00:00,817.15,817.25,0.012238,True,session
SBIN,5957,2024-08-23 09:17:00+00:00,816.75,816.65,0.012244,True,session
SBIN,6018,2024-08-26 04:03:00+00:00,817.65,817.65,0.0,True,session
SBIN,6079,2024-08-26 05:04:00+00:00,820.4,820.4,0.0,True,session
SBIN,6151,2024-08-26 06:16:00+00:00,820.3,820.3,0.0,True,session
SBIN,6213,2024-08-26 07:18:00+00:00,820.4,820.4,0.0,True,session
SBIN,6379,2024-08-27 03:49:00+00:00,818.15,817.75,0.048891,True,session
SBIN,6394,2024-08-27 04:04:00+00:00,814.4,814.3,0.012279,True,session
SBIN,6455,2024-08-27 05:05:00+00:00,812.1,812.1,0.0,True,session
SBIN,6609,2024-08-27 07:39:00+00:00,817.25,817.25,0.0,True,session
SBIN,6670,2024-08-27 08:40:00+00:00,817.65,817.95,0.036691,True,session
SBIN,6749,2024-08-27 09:59:00+00:00,814.6,814.6,0.0,True,session
SBIN,6810,2024-08-28 04:45:00+00:00,814.05,813.9,0.018426,True,session
SBIN,6871,2024-08-28 05:46:00+00:00,813.45,813.45,0.0,True,session
SBIN,6932,2024-08-28 06:47:00+00:00,814.0,814.05,0.006143,True,session
SBIN,6993,2024-08-28 07:48:00+00:00,814.2,814.25,0.006141,True,session
SBIN,7054,2024-08-28 08:49:00+00:00,814.35,814.35,0.0,True,session
SBIN,7115,2024-08-28 09:50:00+00:00,808.35,808.35,0.0,True,session
SBIN,7165,2024-08-29 04:25:00+00:00,812.8,812.55,0.030758,True,session
SBIN,7226,2024-08-29 05:26:00+00:00,810.8,810.8,0.0,True,session
SBIN,7287,2024-08-29 06:27:00+00:00,812.3,812.05,0.030777,True,session
SBIN,7348,2024-08-29 07:28:00+00:00,814.5,814.5,0.0,True,session
SBIN,7409,2024-08-29 08:29:00+00:00,813.5,813.5,0.0,True,session
SBIN,7535,2024-08-30 04:20:00+00:00,819.75,819.5,0.030497,True,session
SBIN,7613,2024-08-30 05:38:00+00:00,817.15,817.1,0.006119,True,session
SBIN,7857,2024-08-30 09:42:00+00:00,816.3,816.35,0.006125,True,session
SHRIRAMFIN,4,2024-08-01 03:49:00+00:00,584.8,584.9,0.0171,True,session
SHRIRAMFIN,43,2024-08-01 04:28:00+00:00,588.7,588.7,0.0,True,session
SHRIRAMFIN,99,2024-08-01 05:24:00+00:00,589.1,589.1,0.0,True,session
SHRIRAMFIN,129,2024-08-01 05:54:00+00:00,595.4,595.6,0.033591,True,session
SHRIRAMFIN,192,2024-08-01 06:57:00+00:00,591.4,591.4,0.0,True,session
SHRIRAMFIN,253,2024-08-01 07:58:00+00:00,590.1,590.1,0.0,True,session
SHRIRAMFIN,284,2024-08-01 08:29:00+00:00,594.05,594.05,0.0,True,session
SHRIRAMFIN,353,2024-08-01 09:38:00+00:00,597.0,597.0,0.0,True,session
SHRIRAMFIN,376,2024-08-02 03:46:00+00:00,591.7,590.9,0.135204,True,session
SHRIRAMFIN,383,2024-08-02 03:53:00+00:00,587.4,587.35,0.008512,True,session
SHRIRAMFIN,433,2024-08-02 04:43:00+00:00,591.9,591.95,0.008447,True,session
SHRIRAMFIN,450,2024-08-02 05:00:00+00:00,595.15,595.2,0.008401,True,session
SHRIRAMFIN,480,2024-08-02 05:30:00+00:00,598.75,598.75,0.0,True,session
SHRIRAMFIN,533,2024-08-02 06:23:00+00:00,602.0,602.0,0.0,True,session
SHRIRAMFIN,594,2024-08-02 07:24:00+00:00,598.1,598.1,0.0,True,session
SHRIRAMFIN,598,2024-08-02 07:28:00+00:00,601.35,601.35,0.0,True,session
SHRIRAMFIN,659,2024-08-02 08:29:00+00:00,602.5,602.6,0.016598,True,session
SHRIRAMFIN,720,2024-08-02 09:30:00+00:00,600.1,600.1,0.0,True,session
SHRIRAMFIN,751,2024-08-05 03:46:00+00:00,583.0,583.6,0.102916,True,session
SHRIRAMFIN,755,2024-08-05 03:50:00+00:00,575.5,575.45,0.008688,True,session
SHRIRAMFIN,785,2024-08-05 04:20:00+00:00,580.1,580.25,0.025858,True,session
SHRIRAMFIN,789,2024-08-05 04:24:00+00:00,583.6,583.6,0.0,True,session
SHRIRAMFIN,843,2024-08-05 05:18:00+00:00,575.0,575.0,0.0,True,session
SHRIRAMFIN,877,2024-08-05 05:52:00+00:00,564.75,565.3,0.097388,True,session
SHRIRAMFIN,885,2024-08-05 06:00:00+00:00,569.4,569.4,0.0,True,session
SHRIRAMFIN,901,2024-08-05 06:16:00+00:00,576.45,576.65,0.034695,True,session
SHRIRAMFIN,962,2024-08-05 07:17:00+00:00,575.2,574.95,0.043463,True,session
SHRIRAMFIN,1023,2024-08-05 08:18:00+00:00,580.25,580.25,0.0,True,session
SHRIRAMFIN,1084,2024-08-05 09:19:00+00:00,580.4,580.4,0.0,True,session
SHRIRAMFIN,1127,2024-08-06 03:47:00+00:00,584.45,584.9,0.076995,True,session
SHRIRAMFIN,1188,2024-08-06 04:48:00+00:00,577.15,577.2,0.008663,True,session
SHRIRAMFIN,1249,2024-08-06 05:49:00+00:00,569.75,569.75,0.0,True,session
SHRIRAMFIN,1310,2024-08-06 06:50:00+00:00,570.95,571.0,0.008757,True,session
SHRIRAMFIN,1371,2024-08-06 07:51:00+00:00,574.6,574.6,0.0,True,session
SHRIRAMFIN,1432,2024-08-06 08:52:00+00:00,567.2,567.55,0.061707,True,session
SHRIRAMFIN,1493,2024-08-06 09:53:00+00:00,566.65,566.6,0.008824,True,session
SHRIRAMFIN,1501,2024-08-07 03:46:00+00:00,579.2,579.5,0.051796,True,session
SHRIRAMFIN,1562,2024-08-07 04:47:00+00:00,582.0,582.0,0.0,True,session
SHRIRAMFIN,1642,2024-08-07 06:07:00+00:00,579.4,579.4,0.0,True,session
SHRIRAMFIN,1707,2024-08-07 07:12:00+00:00,577.9,577.9,0.0,True,session
SHRIRAMFIN,1775,2024-08-07 08:20:00+00:00,581.3,581.1,0.034406,True,session
SHRIRAMFIN,1836,2024-08-07 09:21:00+00:00,581.45,581.5,0.008599,True,session
SHRIRAMFIN,1881,2024-08-08 03:51:00+00:00,576.2,576.0,0.03471,True,session
SHRIRAMFIN,1910,2024-08-08 04:20:00+00:00,579.4,579.4,0.0,True,session
SHRIRAMFIN,1971,2024-08-08 05:21:00+00:00,577.7,577.7,0.0,True,session
SHRIRAMFIN,2032,2024-08-08 06:22:00+00:00,577.6,577.6,0.0,True,session
SHRIRAMFIN,2055,2024-08-08 06:45:00+00:00,581.0,581.0,0.0,True,session
SHRIRAMFIN,2118,2024-08-08 07:48:00+00:00,578.0,578.0,0.0,True,session
SHRIRAMFIN,2179,2024-08-08 08:49:00+00:00,578.15,578.25,0.017297,True,session
SHRIRAMFIN,2240,2024-08-08 09:50:00+00:00,573.8,573.8,0.0,True,session
SHRIRAMFIN,2255,2024-08-09 03:50:00+00:00,576.95,576.9,0.008666,True,session
SHRIRAMFIN,2257,2024-08-09 03:52:00+00:00,579.6,579.6,0.0,True,session
SHRIRAMFIN,2293,2024-08-09 04:28:00+00:00,586.2,586.2,0.0,True,session
SHRIRAMFIN,2354,2024-08-09 05:29:00+00:00,585.1,585.1,0.0,True,session
SHRIRAMFIN,2381,2024-08-09 05:56:00+00:00,591.1,590.85,0.042294,True,session
SHRIRAMFIN,2462,2024-08-09 07:17:00+00:00,588.9,588.9,0.0,True,session
SHRIRAMFIN,2523,2024-08-09 08:18:00+00:00,588.9,588.9,0.0,True,session
SHRIRAMFIN,2550,2024-08-09 08:45:00+00:00,593.9,593.95,0.008419,True,session
SHRIRAMFIN,2556,2024-08-09 08:51:00+00:00,589.8,589.8,0.0,True,session
SHRIRAMFIN,2621,2024-08-09 09:56:00+00:00,592.6,592.65,0.008437,True,session
SHRIRAMFIN,2644,2024-08-12 04:04:00+00:00,589.6,589.6,0.0,True,session
SHRIRAMFIN,2705,2024-08-12 05:05:00+00:00,590.5,590.5,0.0,True,session
SHRIRAMFIN,2747,2024-08-12 05:47:00+00:00,595.15,595.05,0.016802,True,session
SHRIRAMFIN,2808,2024-08-12 06:48:00+00:00,598.8,598.8,0.0,True,session
SHRIRAMFIN,2869,2024-08-12 07:49:00+00:00,599.05,599.05,0.0,True,session
SHRIRAMFIN,2931,2024-08-12 08:51:00+00:00,601.35,601.35,0.0,True,session
SHRIRAMFIN,2964,2024-08-12 09:24:00+00:00,598.1,598.1,0.0,True,session
SHRIRAMFIN,2990,2024-08-12 09:50:00+00:00,593.0,593.2,0.033727,True,session
SHRIRAMFIN,3004,2024-08-13 03:49:00+00:00,590.3,590.15,0.025411,True,session
SHRIRAMFIN,3065,2024-08-13 04:50:00+00:00,586.0,586.0,0.0,True,session
SHRIRAMFIN,3126,2024-08-13 05:51:00+00:00,586.05,585.9,0.025595,True,session
SHRIRAMFIN,3187,2024-08-13 06:52:00+00:00,585.25,585.3,0.008543,True,session
SHRIRAMFIN,3214,2024-08-13 07:19:00+00:00,581.5,581.5,0.0,True,session
SHRIRAMFIN,3275,2024-08-13 08:20:00+00:00,580.6,580.6,0.0,True,session
SHRIRAMFIN,3289,2024-08-13 08:34:00+00:00,574.85,574.85,0.0,True,session
SHRIRAMFIN,3350,2024-08-13 09:35:00+00:00,576.0,576.0,0.0,True,session
SHRIRAMFIN,3354,2024-08-13 09:39:00+00:00,579.05,579.1,0.008635,True,session
SHRIRAMFIN,3376,2024-08-14 03:46:00+00:00,578.8,579.4,0.103663,True,session
SHRIRAMFIN,3437,2024-08-14 04:47:00+00:00,574.8,574.8,0.0,True,session
SHRIRAMFIN,3464,2024-08-14 05:14:00+00:00,578.55,578.75,0.034569,True,session
SHRIRAMFIN,3525,2024-08-14 06:15:00+00:00,579.4,579.6,0.034518,True,session
SHRIRAMFIN,3586,2024-08-14 07:16:00+00:00,581.1,581.1,0.0,True,session
SHRIRAMFIN,3647,2024-08-14 08:17:00+00:00,581.1,581.35,0.043022,True,session
SHRIRAMFIN,3708,2024-08-14 09:18:00+00:00,579.45,579.55,0.017258,True,session
SHRIRAMFIN,3751,2024-08-16 03:46:00+00:00,583.7,584.15,0.077094,True,session
SHRIRAMFIN,3756,2024-08-16 03:51:00+00:00,586.85,586.75,0.01704,True,session
SHRIRAMFIN,3827,2024-08-16 05:02:00+00:00,589.15,589.15,0.0,True,session
SHRIRAMFIN,3888,2024-08-16 06:03:00+00:00,589.25,589.25,0.0,True,session
SHRIRAMFIN,3949,2024-08-16 07:04:00+00:00,589.75,589.75,0.0,True,session
SHRIRAMFIN,4010,2024-08-16 08:05:00+00:00,591.4,591.4,0.0,True,session
SHRIRAMFIN,4064,2024-08-16 08:59:00+00:00,596.0,596.0,0.0,True,session
SHRIRAMFIN,4125,2024-08-19 03:45:00+00:00,594.0,605.6,1.952862,True,session
SHRIRAMFIN,4129,2024-08-19 03:49:00+00:00,607.15,607.6,0.074117,True,session
SHRIRAMFIN,4133,2024-08-19 03:53:00+00:00,612.15,612.1,0.008168,True,session
SHRIRAMFIN,4135,2024-08-19 03:55:00+00:00,609.2,609.2,0.0,True,session
SHRIRAMFIN,4173,2024-08-19 04:33:00+00:00,606.65,606.95,0.049452,True,session
SHRIRAMFIN,4234,2024-08-19 05:34:00+00:00,606.75,606.75,0.0,True,session
SHRIRAMFIN,4307,2024-08-19 06:47:00+00:00,605.65,605.65,0.0,True,session
SHRIRAMFIN,4382,2024-08-19 08:02:00+00:00,608.25,608.4,0.024661,True,session
SHRIRAMFIN,4437,2024-08-19 08:57:00+00:00,613.65,613.8,0.024444,True,session
SHRIRAMFIN,4498,2024-08-19 09:58:00+00:00,615.55,615.55,0.0,True,session
SHRIRAMFIN,4501,2024-08-20 03:46:00+00:00,621.65,621.4,0.040216,True,session
SHRIRAMFIN,4503,2024-08-20 03:48:00+00:00,617.35,617.1,0.040496,True,session
SHRIRAMFIN,4524,2024-08-20 04:09:00+00:00,612.4,612.4,0.0,True,session
SHRIRAMFIN,4531,2024-08-20 04:16:00+00:00,616.1,616.0,0.016231,True,session
SHRIRAMFIN,4542,2024-08-20 04:27:00+00:00,619.55,619.7,0.024211,True,session
SHRIRAMFIN,4562,2024-08-20 04:47:00+00:00,619.7,619.8,0.016137,True,session
SHRIRAMFIN,4617,2024-08-20 05:42:00+00:00,625.75,625.75,0.0,True,session
SHRIRAMFIN,4659,2024-08-20 06:24:00+00:00,631.6,631.6,0.0,True,session
SHRIRAMFIN,4720,2024-08-20 07:25:00+00:00,631.6,631.6,0.0,True,session
SHRIRAMFIN,4794,2024-08-20 08:39:00+00:00,633.85,634.05,0.031553,True,session
SHRIRAMFIN,4855,2024-08-20 09:40:00+00:00,632.15,632.35,0.031638,True,session
SHRIRAMFIN,4877,2024-08-21 03:47:00+00:00,625.4,625.0,0.063959,True,session
SHRIRAMFIN,4881,2024-08-21 03:51:00+00:00,629.05,629.35,0.047691,True,session
SHRIRAMFIN,4911,2024-08-21 04:21:00+00:00,631.8,632.0,0.031656,True,session
SHRIRAMFIN,4934,2024-08-21 04:44:00+00:00,636.3,636.3,0.0,True,session
SHRIRAMFIN,4943,2024-08-21 04:53:00+00:00,634.35,634.4,0.007882,True,session
SHRIRAMFIN,5007,2024-08-21 05:57:00+00:00,634.75,634.6,0.023631,True,session
SHRIRAMFIN,5068,2024-08-21 06:58:00+00:00,632.1,632.1,0.0,True,session
SHRIRAMFIN,5129,2024-08-21 07:59:00+00:00,630.0,630.0,0.0,True,session
SHRIRAMFIN,5190,2024-08-21 09:00:00+00:00,627.5,627.4,0.015936,True,session
SHRIRAMFIN,5221,2024-08-21 09:31:00+00:00,631.8,631.85,0.007914,True,session
SHRIRAMFIN,5260,2024-08-22 03:55:00+00:00,626.25,626.25,0.0,True,session
SHRIRAMFIN,5280,2024-08-22 04:15:00+00:00,630.0,630.0,0.0,True,session
SHRIRAMFIN,5341,2024-08-22 05:16:00+00:00,630.65,630.65,0.0,True,session
SHRIRAMFIN,5402,2024-08-22 06:17:00+00:00,630.65,630.65,0.0,True,session
SHRIRAMFIN,5463,2024-08-22 07:18:00+00:00,629.35,629.35,0.0,True,session
SHRIRAMFIN,5524,2024-08-22 08:19:00+00:00,628.9,628.85,0.00795,True,session
SHRIRAMFIN,5585,2024-08-22 09:20:00+00:00,629.25,629.25,0.0,True,session
SHRIRAMFIN,5646,2024-08-23 04:06:00+00:00,627.85,627.85,0.0,True,session
SHRIRAMFIN,5707,2024-08-23 05:07:00+00:00,627.0,627.0,0.0,True,session
SHRIRAMFIN,5768,2024-08-23 06:08:00+00:00,626.75,626.75,0.0,True,session
SHRIRAMFIN,5829,2024-08-23 07:09:00+00:00,625.75,625.75,0.0,True,session
SHRIRAMFIN,5890,2024-08-23 08:10:00+00:00,624.9,624.9,0.0,True,session
SHRIRAMFIN,5951,2024-08-23 09:11:00+00:00,626.3,626.3,0.0,True,session
SHRIRAMFIN,6012,2024-08-26 03:57:00+00:00,624.1,624.1,0.0,True,session
SHRIRAMFIN,6026,2024-08-26 04:11:00+00:00,627.8,627.8,0.0,True,session
SHRIRAMFIN,6087,2024-08-26 05:12:00+00:00,629.0,629.0,0.0,True,session
SHRIRAMFIN,6148,2024-08-26 06:13:00+00:00,631.0,631.0,0.0,True,session
SHRIRAMFIN,6217,2024-08-26 07:22:00+00:00,634.4,634.15,0.039407,True,session
SHRIRAMFIN,6285,2024-08-26 08:30:00+00:00,634.5,634.5,0.0,True,session
SHRIRAMFIN,6365,2024-08-26 09:50:00+00:00,631.95,631.8,0.023736,True,session
SHRIRAMFIN,6388,2024-08-27 03:58:00+00:00,625.45,625.45,0.0,True,session
SHRIRAMFIN,6418,2024-08-27 04:28:00+00:00,629.2,629.2,0.0,True,session
SHRIRAMFIN,6479,2024-08-27 05:29:00+00:00,631.2,631.4,0.031686,True,session
SHRIRAMFIN,6513,2024-08-27 06:03:00+00:00,636.7,637.1,0.062824,True,session
SHRIRAMFIN,6611,2024-08-27 07:41:00+00:00,642.85,642.65,0.031111,True,session
SHRIRAMFIN,6631,2024-08-27 08:01:00+00:00,640.0,640.0,0.0,True,session
SHRIRAMFIN,6649,2024-08-27 08:19:00+00:00,643.4,643.4,0.0,True,session
SHRIRAMFIN,6668,2024-08-27 08:38:00+00:00,649.8,649.8,0.0,True,session
SHRIRAMFIN,6723,2024-08-27 09:33:00+00:00,646.9,647.15,0.038646,True,session
SHRIRAMFIN,6747,2024-08-27 09:57:00+00:00,641.95,641.95,0.0,True,session
SHRIRAMFIN,6751,2024-08-28 03:46:00+00:00,642.85,642.85,0.0,True,session
SHRIRAMFIN,6823,2024-08-28 04:58:00+00:00,644.95,644.95,0.0,True,session
SHRIRAMFIN,6884,2024-08-28 05:59:00+00:00,645.1,645.1,0.0,True,session
SHRIRAMFIN,6945,2024-08-28 07:00:00+00:00,643.45,643.45,0.0,True,session
SHRIRAMFIN,7006,2024-08-28 08:01:00+00:00,643.65,643.8,0.023305,True,session
SHRIRAMFIN,7067,2024-08-28 09:02:00+00:00,642.7,642.7,0.0,True,session
SHRIRAMFIN,7126,2024-08-29 03:46:00+00:00,639.8,639.8,0.0,True,session
SHRIRAMFIN,7132,2024-08-29 03:52:00+00:00,643.95,643.95,0.0,True,session
SHRIRAMFIN,7190,2024-08-29 04:50:00+00:00,649.7,649.6,0.015392,True,session
SHRIRAMFIN,7221,2024-08-29 05:21:00+00:00,643.05,643.05,0.0,True,session
SHRIRAMFIN,7282,2024-08-29 06:22:00+00:00,643.0,643.0,0.0,True,session
SHRIRAMFIN,7343,2024-08-29 07:23:00+00:00,641.25,641.25,0.0,True,session
SHRIRAMFIN,7404,2024-08-29 08:24:00+00:00,640.1,640.1,0.0,True,session
SHRIRAMFIN,7465,2024-08-29 09:25:00+00:00,638.45,638.45,0.0,True,session
SHRIRAMFIN,7501,2024-08-30 03:46:00+00:00,641.4,641.2,0.031182,True,session
SHRIRAMFIN,7562,2024-08-30 04:47:00+00:00,642.05,642.1,0.007788,True,session
SHRIRAMFIN,7623,2024-08-30 05:48:00+00:00,641.3,641.3,0.0,True,session
SHRIRAMFIN,7684,2024-08-30 06:49:00+00:00,638.9,638.9,0.0,True,session
SHRIRAMFIN,7745,2024-08-30 07:50:00+00:00,638.8,638.8,0.0,True,session
SHRIRAMFIN,7806,2024-08-30 08:51:00+00:00,637.25,637.25,0.0,True,session
SHRIRAMFIN,7847,2024-08-30 09:32:00+00:00,640.85,640.4,0.070219,True,session
SHRIRAMFIN,7868,2024-08-30 09:53:00+00:00,643.2,643.2,0.0,True,session
SUNPHARMA,2,2024-08-01 03:47:00+00:00,1704.05,1704.4,0.020539,True,session
SUNPHARMA,12,2024-08-01 03:57:00+00:00,1705.0,1705.4,0.02346,True,session
SUNPHARMA,73,2024-08-01 04:58:00+00:00,1700.3,1700.3,0.0,True,session
SUNPHARMA,109,2024-08-01 05:34:00+00:00,1685.65,1685.35,0.017797,True,session
SUNPHARMA,146,2024-08-01 06:11:00+00:00,1695.0,1695.0,0.0,True,session
SUNPHARMA,166,2024-08-01 06:31:00+00:00,1707.5,1707.5,0.0,True,session
SUNPHARMA,236,2024-08-01 07:41:00+00:00,1729.55,1729.55,0.0,True,session
SUNPHARMA,252,2024-08-01 07:57:00+00:00,1723.95,1722.85,0.063807,True,session
SUNPHARMA,298,2024-08-01 08:43:00+00:00,1735.85,1736.5,0.037446,True,session
SUNPHARMA,304,2024-08-01 08:49:00+00:00,1711.25,1711.0,0.014609,True,session
SUNPHARMA,327,2024-08-01 09:12:00+00:00,1726.15,1726.15,0.0,True,session
SUNPHARMA,337,2024-08-01 09:22:00+00:00,1713.45,1712.4,0.06128,True,session
SUNPHARMA,376,2024-08-02 03:46:00+00:00,1690.75,1689.0,0.103504,True,session
SUNPHARMA,378,2024-08-02 03:48:00+00:00,1703.45,1704.05,0.035223,True,session
SUNPHARMA,380,2024-08-02 03:50:00+00:00,1714.15,1715.2,0.061255,True,session
SUNPHARMA,387,2024-08-02 03:57:00+00:00,1722.0,1722.1,0.005807,True,session
SUNPHARMA,448,2024-08-02 04:58:00+00:00,1722.0,1722.4,0.023229,True,session
SUNPHARMA,509,2024-08-02 05:59:00+00:00,1720.2,1720.25,0.002907,True,session
SUNPHARMA,570,2024-08-02 07:00:00+00:00,1719.1,1719.15,0.002908,True,session
SUNPHARMA,631,2024-08-02 08:01:00+00:00,1725.15,1725.15,0.0,True,session
SUNPHARMA,695,2024-08-02 09:05:00+00:00,1731.95,1731.65,0.017322,True,session
SUNPHARMA,754,2024-08-05 03:49:00+00:00,1741.25,1741.0,0.014358,True,session
SUNPHARMA,794,2024-08-05 04:29:00+00:00,1757.1,1757.6,0.028456,True,session
SUNPHARMA,863,2024-08-05 05:38:00+00:00,1747.0,1747.6,0.034345,True,session
SUNPHARMA,884,2024-08-05 05:59:00+00:00,1733.35,1733.35,0.0,True,session
SUNPHARMA,945,2024-08-05 07:00:00+00:00,1733.35,1733.5,0.008654,True,session
SUNPHARMA,973,2024-08-05 07:28:00+00:00,1718.05,1718.05,0.0,True,session
SUNPHARMA,1034,2024-08-05 08:29:00+00:00,1725.45,1725.45,0.0,True,session
SUNPHARMA,1095,2024-08-05 09:30:00+00:00,1719.95,1720.45,0.029071,True,session
SUNPHARMA,1126,2024-08-06 03:46:00+00:00,1721.75,1721.5,0.01452,True,session
SUNPHARMA,1130,2024-08-06 03:50:00+00:00,1730.65,1730.65,0.0,True,session
SUNPHARMA,1191,2024-08-06 04:51:00+00:00,1732.4,1732.85,0.025976,True,session
SUNPHARMA,1252,2024-08-06 05:52:00+00:00,1727.05,1727.05,0.0,True,session
SUNPHARMA,1313,2024-08-06 06:53:00+00:00,1724.7,1724.55,0.008697,True,session
SUNPHARMA,1374,2024-08-06 07:54:00+00:00,1719.55,1719.4,0.008723,True,session
SUNPHARMA,1435,2024-08-06 08:55:00+00:00,1713.0,1713.0,0.0,True,session
SUNPHARMA,1496,2024-08-06 09:56:00+00:00,1707.9,1707.9,0.0,True,session
SUNPHARMA,1501,2024-08-07 03:46:00+00:00,1721.25,1719.55,0.098765,True,session
SUNPHARMA,1506,2024-08-07 03:51:00+00:00,1729.15,1729.2,0.002892,True,session
SUNPHARMA,1567,2024-08-07 04:52:00+00:00,1726.5,1725.9,0.034752,True,session
SUNPHARMA,1628,2024-08-07 05:53:00+00:00,1732.05,1732.1,0.002887,True,session
SUNPHARMA,1689,2024-08-07 06:54:00+00:00,1729.2,1729.2,0.0,True,session
SUNPHARMA,1827,2024-08-07 09:12:00+00:00,1735.55,1735.55,0.0,True,session
SUNPHARMA,1888,2024-08-08 03:58:00+00:00,1737.0,1737.3,0.017271,True,session
SUNPHARMA,1949,2024-08-08 04:59:00+00:00,1746.05,1746.05,0.0,True,session
SUNPHARMA,1966,2024-08-08 05:16:00+00:00,1737.1,1737.1,0.0,True,session
SUNPHARMA,2102,2024-08-08 07:32:00+00:00,1733.6,1733.25,0.020189,True,session
SUNPHARMA,2174,2024-08-08 08:44:00+00:00,1736.15,1736.15,0.0,True,session
SUNPHARMA,2250,2024-08-09 03:45:00+00:00,1732.6,1749.8,0.992728,True,session
SUNPHARMA,2272,2024-08-09 04:07:00+00:00,1740.0,1740.75,0.043103,True,session
SUNPHARMA,2333,2024-08-09 05:08:00+00:00,1738.45,1738.9,0.025885,True,session
SUNPHARMA,2394,2024-08-09 06:09:00+00:00,1737.6,1737.6,0.0,True,session
SUNPHARMA,2455,2024-08-09 07:10:00+00:00,1737.9,1737.9,0.0,True,session
SUNPHARMA,2516,2024-08-09 08:11:00+00:00,1732.65,1732.8,0.008657,True,session
SUNPHARMA,2577,2024-08-09 09:12:00+00:00,1737.65,1737.65,0.0,True,session
SUNPHARMA,2638,2024-08-12 03:58:00+00:00,1736.5,1736.05,0.025914,True,session
SUNPHARMA,2699,2024-08-12 04:59:00+00:00,1737.95,1737.4,0.031646,True,session
SUNPHARMA,2769,2024-08-12 06:09:00+00:00,1742.85,1742.85,0.0,True,session
SUNPHARMA,2830,2024-08-12 07:10:00+00:00,1741.3,1741.3,0.0,True,session
SUNPHARMA,2891,2024-08-12 08:11:00+00:00,1738.1,1738.2,0.005753,True,session
SUNPHARMA,2952,2024-08-12 09:12:00+00:00,1737.95,1738.25,0.017262,True,session
SUNPHARMA,3013,2024-08-13 03:58:00+00:00,1742.4,1741.9,0.028696,True,session
SUNPHARMA,3074,2024-08-13 04:59:00+00:00,1744.3,1744.3,0.0,True,session
SUNPHARMA,3151,2024-08-13 06:16:00+00:00,1746.75,1746.75,0.0,True,session
SUNPHARMA,3221,2024-08-13 07:26:00+00:00,1741.5,1741.3,0.011484,True,session
SUNPHARMA,3282,2024-08-13 08:27:00+00:00,1735.85,1735.85,0.0,True,session
SUNPHARMA,3343,2024-08-13 09:28:00+00:00,1739.15,1738.9,0.014375,True,session
SUNPHARMA,3395,2024-08-14 04:05:00+00:00,1743.55,1743.35,0.011471,True,session
SUNPHARMA,3456,2024-08-14 05:06:00+00:00,1738.05,1738.05,0.0,True,session
SUNPHARMA,3517,2024-08-14 06:07:00+00:00,1736.95,1736.95,0.0,True,session
SUNPHARMA,3578,2024-08-14 07:08:00+00:00,1735.5,1735.4,0.005762,True,session
SUNPHARMA,3639,2024-08-14 08:09:00+00:00,1737.4,1737.4,0.0,True,session
SUNPHARMA,3700,2024-08-14 09:10:00+00:00,1736.6,1736.15,0.025913,True,session
SUNPHARMA,3751,2024-08-16 03:46:00+00:00,1743.2,1744.65,0.08318,True,session
SUNPHARMA,3812,2024-08-16 04:47:00+00:00,1737.0,1737.0,0.0,True,session
SUNPHARMA,3873,2024-08-16 05:48:00+00:00,1734.4,1734.2,0.011531,True,session
SUNPHARMA,3934,2024-08-16 06:49:00+00:00,1737.5,1737.45,0.002878,True,session
SUNPHARMA,3995,2024-08-16 07:50:00+00:00,1732.25,1732.25,0.0,True,session
SUNPHARMA,4056,2024-08-16 08:51:00+00:00,1732.55,1732.55,0.0,True,session
SUNPHARMA,4068,2024-08-16 09:03:00+00:00,1740.55,1740.05,0.028727,True,session
SUNPHARMA,4213,2024-08-19 05:13:00+00:00,1745.55,1745.55,0.0,True,session
SUNPHARMA,4274,2024-08-19 06:14:00+00:00,1750.35,1750.35,0.0,True,session
SUNPHARMA,4335,2024-08-19 07:15:00+00:00,1746.5,1746.0,0.028629,True,session
SUNPHARMA,4396,2024-08-19 08:16:00+00:00,1745.75,1745.7,0.002864,True,session
SUNPHARMA,4503,2024-08-20 03:48:00+00:00,1751.9,1751.9,0.0,True,session
SUNPHARMA,4564,2024-08-20 04:49:00+00:00,1755.7,1755.7,0.0,True,session
SUNPHARMA,4690,2024-08-20 06:55:00+00:00,1753.85,1753.9,0.002851,True,session
SUNPHARMA,4751,2024-08-20 07:56:00+00:00,1755.8,1755.8,0.0,True,session
SUNPHARMA,4812,2024-08-20 08:57:00+00:00,1762.8,1762.35,0.025528,True,session
SUNPHARMA,4873,2024-08-20 09:58:00+00:00,1763.4,1763.4,0.0,True,session
SUNPHARMA,4934,2024-08-21 04:44:00+00:00,1764.0,1764.65,0.036848,True,session
SUNPHARMA,4995,2024-08-21 05:45:00+00:00,1759.85,1759.8,0.002841,True,session
SUNPHARMA,5077,2024-08-21 07:07:00+00:00,1762.65,1762.5,0.00851,True,session
SUNPHARMA,5138,2024-08-21 08:08:00+00:00,1764.35,1764.6,0.01417,True,session
SUNPHARMA,5221,2024-08-21 09:31:00+00:00,1761.5,1761.75,0.014192,True,session
SUNPHARMA,5282,2024-08-22 04:17:00+00:00,1765.45,1765.45,0.0,True,session
SUNPHARMA,5343,2024-08-22 05:18:00+00:00,1763.7,1763.45,0.014175,True,session
SUNPHARMA,5461,2024-08-22 07:16:00+00:00,1762.55,1762.55,0.0,True,session
SUNPHARMA,5589,2024-08-22 09:24:00+00:00,1750.55,1750.55,0.0,True,session
SUNPHARMA,5696,2024-08-23 04:56:00+00:00,1761.75,1761.55,0.011352,True,session
SUNPHARMA,5757,2024-08-23 05:57:00+00:00,1765.6,1765.6,0.0,True,session
SUNPHARMA,5818,2024-08-23 06:58:00+00:00,1767.85,1767.85,0.0,True,session
SUNPHARMA,5879,2024-08-23 07:59:00+00:00,1763.3,1763.95,0.036863,True,session
SUNPHARMA,5921,2024-08-23 08:41:00+00:00,1780.05,1780.05,0.0,True,session
SUNPHARMA,5982,2024-08-23 09:42:00+00:00,1776.75,1776.5,0.014071,True,session
SUNPHARMA,6004,2024-08-26 03:49:00+00:00,1769.05,1768.25,0.045222,True,session
SUNPHARMA,6078,2024-08-26 05:03:00+00:00,1771.95,1771.95,0.0,True,session
SUNPHARMA,6139,2024-08-26 06:04:00+00:00,1773.0,1773.15,0.00846,True,session
SUNPHARMA,6207,2024-08-26 07:12:00+00:00,1778.0,1778.0,0.0,True,session
SUNPHARMA,6268,2024-08-26 08:13:00+00:00,1776.0,1775.55,0.025338,True,session
SUNPHARMA,6378,2024-08-27 03:48:00+00:00,1778.25,1778.4,0.008435,True,session
SUNPHARMA,6442,2024-08-27 04:52:00+00:00,1786.75,1786.75,0.0,True,session
SUNPHARMA,6503,2024-08-27 05:53:00+00:00,1790.9,1790.55,0.019543,True,session
SUNPHARMA,6575,2024-08-27 07:05:00+00:00,1791.1,1791.05,0.002792,True,session
SUNPHARMA,6636,2024-08-27 08:06:00+00:00,1791.0,1791.1,0.005583,True,session
SUNPHARMA,6697,2024-08-27 09:07:00+00:00,1790.0,1789.75,0.013966,True,session
SUNPHARMA,6758,2024-08-28 03:53:00+00:00,1797.65,1798.15,0.027814,True,session
SUNPHARMA,6819,2024-08-28 04:54:00+00:00,1795.8,1795.95,0.008353,True,session
SUNPHARMA,6880,2024-08-28 05:55:00+00:00,1798.5,1798.5,0.0,True,session
SUNPHARMA,6941,2024-08-28 06:56:00+00:00,1806.4,1806.05,0.019376,True,session
SUNPHARMA,7002,2024-08-28 07:57:00+00:00,1807.1,1807.1,0.0,True,session
SUNPHARMA,7063,2024-08-28 08:58:00+00:00,1817.45,1818.3,0.046769,True,session
SUNPHARMA,7117,2024-08-28 09:52:00+00:00,1808.55,1808.1,0.024882,True,session
SUNPHARMA,7135,2024-08-29 03:55:00+00:00,1824.7,1825.0,0.016441,True,session
SUNPHARMA,7155,2024-08-29 04:15:00+00:00,1816.35,1815.8,0.030281,True,session
SUNPHARMA,7181,2024-08-29 04:41:00+00:00,1801.95,1801.95,0.0,True,session
SUNPHARMA,7242,2024-08-29 05:42:00+00:00,1802.2,1801.7,0.027744,True,session
SUNPHARMA,7303,2024-08-29 06:43:00+00:00,1804.6,1804.5,0.005541,True,session
SUNPHARMA,7364,2024-08-29 07:44:00+00:00,1809.45,1809.5,0.002763,True,session
SUNPHARMA,7415,2024-08-29 08:35:00+00:00,1792.25,1792.6,0.019529,True,session
SUNPHARMA,7447,2024-08-29 09:07:00+00:00,1802.5,1802.35,0.008322,True,session
SUNPHARMA,7508,2024-08-30 03:53:00+00:00,1791.4,1791.4,0.0,True,session
SUNPHARMA,7537,2024-08-30 04:22:00+00:00,1800.45,1800.5,0.002777,True,session
SUNPHARMA,7548,2024-08-30 04:33:00+00:00,1809.75,1809.75,0.0,True,session
SUNPHARMA,7609,2024-08-30 05:34:00+00:00,1807.65,1807.65,0.0,True,session
SUNPHARMA,7682,2024-08-30 06:47:00+00:00,1825.6,1826.0,0.021911,True,session
SUNPHARMA,7743,2024-08-30 07:48:00+00:00,1819.75,1820.25,0.027476,True,session
SUNPHARMA,7834,2024-08-30 09:19:00+00:00,1825.1,1825.1,0.0,True,session
TATACONSUM,2,2024-08-01 03:47:00+00:00,1189.0,1188.5,0.042052,True,session
TATACONSUM,52,2024-08-01 04:37:00+00:00,1200.2,1201.2,0.083319,True,session
TATACONSUM,113,2024-08-01 05:38:00+00:00,1202.9,1202.9,0.0,True,session
TATACONSUM,174,2024-08-01 06:39:00+00:00,1210.8,1210.8,0.0,True,session
TATACONSUM,235,2024-08-01 07:40:00+00:00,1205.4,1205.4,0.0,True,session
TATACONSUM,255,2024-08-01 08:00:00+00:00,1200.5,1200.75,0.020825,True,session
TATACONSUM,396,2024-08-02 04:06:00+00:00,1211.35,1210.7,0.053659,True,session
TATACONSUM,445,2024-08-02 04:55:00+00:00,1199.75,1199.75,0.0,True,session
TATACONSUM,461,2024-08-02 05:11:00+00:00,1206.85,1206.85,0.0,True,session
TATACONSUM,522,2024-08-02 06:12:00+00:00,1208.0,1208.0,0.0,True,session
TATACONSUM,583,2024-08-02 07:13:00+00:00,1202.35,1202.35,0.0,True,session
TATACONSUM,644,2024-08-02 08:14:00+00:00,1199.05,1199.05,0.0,True,session
TATACONSUM,705,2024-08-02 09:15:00+00:00,1200.45,1200.1,0.029156,True,session
TATACONSUM,751,2024-08-05 03:46:00+00:00,1177.45,1177.45,0.0,True,session
TATACONSUM,755,2024-08-05 03:50:00+00:00,1184.4,1183.25,0.097096,True,session
TATACONSUM,769,2024-08-05 04:04:00+00:00,1194.0,1194.5,0.041876,True,session
TATACONSUM,792,2024-08-05 04:27:00+00:00,1203.4,1203.4,0.0,True,session
TATACONSUM,841,2024-08-05 05:16:00+00:00,1208.0,1207.75,0.020695,True,session
TATACONSUM,873,2024-08-05 05:48:00+00:00,1195.9,1195.0,0.075257,True,session
TATACONSUM,883,2024-08-05 05:58:00+00:00,1199.0,1199.6,0.050042,True,session
TATACONSUM,944,2024-08-05 06:59:00+00:00,1197.8,1197.8,0.0,True,session
TATACONSUM,996,2024-08-05 07:51:00+00:00,1188.35,1188.2,0.012623,True,session
TATACONSUM,1010,2024-08-05 08:05:00+00:00,1194.8,1194.75,0.004185,True,session
TATACONSUM,1034,2024-08-05 08:29:00+00:00,1200.25,1200.25,0.0,True,session
TATACONSUM,1095,2024-08-05 09:30:00+00:00,1198.45,1199.0,0.045893,True,session
TATACONSUM,1120,2024-08-05 09:55:00+00:00,1204.7,1204.2,0.041504,True,session
TATACONSUM,1181,2024-08-06 04:41:00+00:00,1204.65,1204.65,0.0,True,session
TATACONSUM,1256,2024-08-06 05:56:00+00:00,1208.0,1208.0,0.0,True,session
TATACONSUM,1317,2024-08-06 06:57:00+00:00,1207.9,1207.4,0.041394,True,session
TATACONSUM,1361,2024-08-06 07:41:00+00:00,1203.0,1203.0,0.0,True,session
TATACONSUM,1389,2024-08-06 08:09:00+00:00,1190.8,1190.65,0.012597,True,session
TATACONSUM,1450,2024-08-06 09:10:00+00:00,1189.85,1189.85,0.0,True,session
TATACONSUM,1501,2024-08-07 03:46:00+00:00,1192.8,1193.75,0.079645,True,session
TATACONSUM,1511,2024-08-07 03:56:00+00:00,1199.35,1199.4,0.004169,True,session
TATACONSUM,1572,2024-08-07 04:57:00+00:00,1199.55,1199.55,0.0,True,session
TATACONSUM,1680,2024-08-07 06:45:00+00:00,1202.25,1202.25,0.0,True,session
TATACONSUM,1721,2024-08-07 07:26:00+00:00,1194.45,1195.0,0.046046,True,session
TATACONSUM,1798,2024-08-07 08:43:00+00:00,1199.5,1199.5,0.0,True,session
TATACONSUM,1859,2024-08-07 09:44:00+00:00,1200.0,1200.0,0.0,True,session
TATACONSUM,1880,2024-08-08 03:50:00+00:00,1190.25,1190.95,0.058811,True,session
TATACONSUM,1925,2024-08-08 04:35:00+00:00,1180.15,1180.15,0.0,True,session
TATACONSUM,1986,2024-08-08 05:36:00+00:00,1178.4,1178.4,0.0,True,session
TATACONSUM,2047,2024-08-08 06:37:00+00:00,1181.0,1181.35,0.029636,True,session
TATACONSUM,2108,2024-08-08 07:38:00+00:00,1179.0,1179.0,0.0,True,session
TATACONSUM,2169,2024-08-08 08:39:00+00:00,1177.2,1177.2,0.0,True,session
TATACONSUM,2230,2024-08-08 09:40:00+00:00,1178.45,1178.65,0.016971,True,session
TATACONSUM,2251,2024-08-09 03:46:00+00:00,1184.4,1184.35,0.004222,True,session
TATACONSUM,2312,2024-08-09 04:47:00+00:00,1184.0,1184.0,0.0,True,session
TATACONSUM,2373,2024-08-09 05:48:00+00:00,1185.85,1185.85,0.0,True,session
TATACONSUM,2434,2024-08-09 06:49:00+00:00,1186.05,1186.05,0.0,True,session
TATACONSUM,2495,2024-08-09 07:50:00+00:00,1186.0,1185.5,0.042159,True,session
TATACONSUM,2556,2024-08-09 08:51:00+00:00,1186.05,1186.0,0.004216,True,session
TATACONSUM,2617,2024-08-09 09:52:00+00:00,1186.0,1186.05,0.004216,True,session
TATACONSUM,2639,2024-08-12 03:59:00+00:00,1174.95,1175.05,0.008511,True,session
TATACONSUM,2700,2024-08-12 05:00:00+00:00,1169.35,1169.35,0.0,True,session
TATACONSUM,2753,2024-08-12 05:53:00+00:00,1176.75,1177.0,0.021245,True,session
TATACONSUM,2761,2024-08-12 06:01:00+00:00,1183.25,1183.45,0.016903,True,session
TATACONSUM,2822,2024-08-12 07:02:00+00:00,1177.4,1177.4,0.0,True,session
TATACONSUM,2883,2024-08-12 08:03:00+00:00,1180.3,1180.0,0.025417,True,session
TATACONSUM,2944,2024-08-12 09:04:00+00:00,1176.3,1176.2,0.008501,True,session
TATACONSUM,3005,2024-08-13 03:50:00+00:00,1173.5,1173.4,0.008522,True,session
TATACONSUM,3066,2024-08-13 04:51:00+00:00,1173.9,1173.9,0.0,True,session
TATACONSUM,3127,2024-08-13 05:52:00+00:00,1176.0,1176.0,0.0,True,session
TATACONSUM,3188,2024-08-13 06:53:00+00:00,1179.35,1179.7,0.029677,True,session
TATACONSUM,3344,2024-08-13 09:29:00+00:00,1175.1,1175.1,0.0,True,session
TATACONSUM,3382,2024-08-14 03:52:00+00:00,1175.3,1175.3,0.0,True,session
TATACONSUM,3430,2024-08-14 04:40:00+00:00,1163.15,1163.1,0.004299,True,session
TATACONSUM,3487,2024-08-14 05:37:00+00:00,1169.65,1169.65,0.0,True,session
TATACONSUM,3548,2024-08-14 06:38:00+00:00,1168.5,1168.45,0.004279,True,session
TATACONSUM,3609,2024-08-14 07:39:00+00:00,1172.0,1172.0,0.0,True,session
TATACONSUM,3670,2024-08-14 08:40:00+00:00,1170.0,1170.35,0.029915,True,session
TATACONSUM,3731,2024-08-14 09:41:00+00:00,1167.9,1167.95,0.004281,True,session
TATACONSUM,3751,2024-08-16 03:46:00+00:00,1171.0,1171.85,0.072588,True,session
TATACONSUM,3785,2024-08-16 04:20:00+00:00,1178.0,1178.75,0.063667,True,session
TATACONSUM,3846,2024-08-16 05:21:00+00:00,1170.45,1170.45,0.0,True,session
TATACONSUM,3908,2024-08-16 06:23:00+00:00,1172.85,1172.3,0.046894,True,session
TATACONSUM,3951,2024-08-16 07:06:00+00:00,1183.5,1183.5,0.0,True,session
TATACONSUM,4012,2024-08-16 08:07:00+00:00,1189.7,1189.7,0.0,True,session
TATACONSUM,4023,2024-08-16 08:18:00+00:00,1183.0,1183.1,0.008453,True,session
TATACONSUM,4129,2024-08-19 03:49:00+00:00,1186.5,1187.4,0.075853,True,session
TATACONSUM,4190,2024-08-19 04:50:00+00:00,1177.35,1177.35,0.0,True,session
TATACONSUM,4251,2024-08-19 05:51:00+00:00,1178.7,1178.7,0.0,True,session
TATACONSUM,4312,2024-08-19 06:52:00+00:00,1178.05,1178.05,0.0,True,session
TATACONSUM,4373,2024-08-19 07:53:00+00:00,1181.2,1181.2,0.0,True,session
TATACONSUM,4434,2024-08-19 08:54:00+00:00,1179.2,1179.2,0.0,True,session
TATACONSUM,4495,2024-08-19 09:55:00+00:00,1177.65,1177.65,0.0,True,session
TATACONSUM,4556,2024-08-20 04:41:00+00:00,1175.05,1175.05,0.0,True,session
TATACONSUM,4617,2024-08-20 05:42:00+00:00,1172.2,1172.2,0.0,True,session
TATACONSUM,4678,2024-08-20 06:43:00+00:00,1168.3,1167.45,0.072755,True,session
TATACONSUM,4739,2024-08-20 07:44:00+00:00,1169.75,1169.75,0.0,True,session
TATACONSUM,4800,2024-08-20 08:45:00+00:00,1170.75,1171.05,0.025625,True,session
TATACONSUM,4861,2024-08-20 09:46:00+00:00,1171.45,1171.45,0.0,True,session
TATACONSUM,4876,2024-08-21 03:46:00+00:00,1172.0,1172.95,0.081058,True,session
TATACONSUM,4937,2024-08-21 04:47:00+00:00,1172.5,1172.5,0.0,True,session
TATACONSUM,4998,2024-08-21 05:48:00+00:00,1168.8,1168.8,0.0,True,session
TATACONSUM,5059,2024-08-21 06:49:00+00:00,1171.25,1171.25,0.0,True,session
TATACONSUM,5120,2024-08-21 07:50:00+00:00,1173.6,1173.6,0.0,True,session
TATACONSUM,5181,2024-08-21 08:51:00+00:00,1179.2,1179.2,0.0,True,session
TATACONSUM,5242,2024-08-21 09:52:00+00:00,1178.55,1178.5,0.004243,True,session
TATACONSUM,5266,2024-08-22 04:01:00+00:00,1194.05,1194.05,0.0,True,session
TATACONSUM,5312,2024-08-22 04:47:00+00:00,1204.8,1204.85,0.00415,True,session
TATACONSUM,5328,2024-08-22 05:03:00+00:00,1197.95,1197.95,0.0,True,session
TATACONSUM,5474,2024-08-22 07:29:00+00:00,1202.35,1202.35,0.0,True,session
TATACONSUM,5535,2024-08-22 08:30:00+00:00,1204.0,1204.0,0.0,True,session
TATACONSUM,5596,2024-08-22 09:31:00+00:00,1204.45,1204.45,0.0,True,session
TATACONSUM,5657,2024-08-23 04:17:00+00:00,1205.85,1205.4,0.037318,True,session
TATACONSUM,5863,2024-08-23 07:43:00+00:00,1204.55,1204.1,0.037358,True,session
TATACONSUM,6025,2024-08-26 04:10:00+00:00,1201.25,1201.25,0.0,True,session
TATACONSUM,6086,2024-08-26 05:11:00+00:00,1204.95,1204.95,0.0,True,session
TATACONSUM,6141,2024-08-26 06:06:00+00:00,1216.35,1216.8,0.036996,True,session
TATACONSUM,6202,2024-08-26 07:07:00+00:00,1213.85,1213.85,0.0,True,session
TATACONSUM,6263,2024-08-26 08:08:00+00:00,1217.8,1217.8,0.0,True,session
TATACONSUM,6324,2024-08-26 09:09:00+00:00,1215.3,1215.3,0.0,True,session
TATACONSUM,6385,2024-08-27 03:55:00+00:00,1218.25,1217.85,0.032834,True,session
TATACONSUM,6771,2024-08-28 04:06:00+00:00,1209.3,1209.3,0.0,True,session
TATACONSUM,6832,2024-08-28 05:07:00+00:00,1206.3,1205.35,0.078753,True,session
TATACONSUM,6893,2024-08-28 06:08:00+00:00,1208.1,1208.1,0.0,True,session
TATACONSUM,6954,2024-08-28 07:09:00+00:00,1206.0,1206.0,0.0,True,session
TATACONSUM,7015,2024-08-28 08:10:00+00:00,1206.8,1206.8,0.0,True,session
TATACONSUM,7076,2024-08-28 09:11:00+00:00,1205.5,1205.5,0.0,True,session
TATACONSUM,7137,2024-08-29 03:57:00+00:00,1200.75,1200.35,0.033313,True,session
TATACONSUM,7168,2024-08-29 04:28:00+00:00,1207.8,1207.35,0.037258,True,session
TATACONSUM,7229,2024-08-29 05:29:00+00:00,1202.8,1202.8,0.0,True,session
TATACONSUM,7269,2024-08-29 06:09:00+00:00,1192.45,1191.55,0.075475,True,session
TATACONSUM,7330,2024-08-29 07:10:00+00:00,1197.5,1197.5,0.0,True,session
TATACONSUM,7363,2024-08-29 07:43:00+00:00,1202.5,1202.5,0.0,True,session
TATACONSUM,7413,2024-08-29 08:33:00+00:00,1191.5,1191.65,0.012589,True,session
TATACONSUM,7466,2024-08-29 09:26:00+00:00,1198.4,1198.6,0.016689,True,session
TATACONSUM,7522,2024-08-30 04:07:00+00:00,1203.95,1204.4,0.037377,True,session
TATACONSUM,7583,2024-08-30 05:08:00+00:00,1198.1,1198.1,0.0,True,session
TATACONSUM,7645,2024-08-30 06:10:00+00:00,1201.4,1201.0,0.033294,True,session
TATACONSUM,7707,2024-08-30 07:12:00+00:00,1198.45,1198.45,0.0,True,session
TATACONSUM,7768,2024-08-30 08:13:00+00:00,1199.4,1199.4,0.0,True,session
TATASTEEL,2,2024-08-01 03:47:00+00:00,163.03,163.01,0.012268,True,session
TATASTEEL,30,2024-08-01 04:15:00+00:00,164.16,164.17,0.006092,True,session
TATASTEEL,70,2024-08-01 04:55:00+00:00,162.51,162.51,0.0,True,session
TATASTEEL,83,2024-08-01 05:08:00+00:00,160.74,160.73,0.006221,True,session
TATASTEEL,109,2024-08-01 05:34:00+00:00,159.34,159.37,0.018828,True,session
TATASTEEL,129,2024-08-01 05:54:00+00:00,160.16,160.16,0.0,True,session
TATASTEEL,143,2024-08-01 06:08:00+00:00,158.63,158.65,0.012608,True,session
TATASTEEL,204,2024-08-01 07:09:00+00:00,157.45,157.45,0.0,True,session
TATASTEEL,232,2024-08-01 07:37:00+00:00,158.21,158.16,0.031604,True,session
TATASTEEL,293,2024-08-01 08:38:00+00:00,158.47,158.45,0.012621,True,session
TATASTEEL,350,2024-08-01 09:35:00+00:00,159.21,159.18,0.018843,True,session
TATASTEEL,376,2024-08-02 03:46:00+00:00,154.4,154.53,0.084197,True,session
TATASTEEL,437,2024-08-02 04:47:00+00:00,155.38,155.39,0.006436,True,session
TATASTEEL,498,2024-08-02 05:48:00+00:00,155.09,155.17,0.051583,True,session
TATASTEEL,559,2024-08-02 06:49:00+00:00,154.99,154.99,0.0,True,session
TATASTEEL,620,2024-08-02 07:50:00+00:00,154.45,154.46,0.006475,True,session
TATASTEEL,681,2024-08-02 08:51:00+00:00,154.64,154.63,0.006467,True,session
TATASTEEL,742,2024-08-02 09:52:00+00:00,154.85,154.83,0.012916,True,session
TATASTEEL,751,2024-08-05 03:46:00+00:00,149.71,149.51,0.133592,True,session
TATASTEEL,812,2024-08-05 04:47:00+00:00,149.66,149.67,0.006682,True,session
TATASTEEL,870,2024-08-05 05:45:00+00:00,147.02,146.96,0.040811,True,session
TATASTEEL,931,2024-08-05 06:46:00+00:00,147.49,147.46,0.02034,True,session
TATASTEEL,992,2024-08-05 07:47:00+00:00,147.5,147.5,0.0,True,session
TATASTEEL,1053,2024-08-05 08:48:00+00:00,147.25,147.23,0.013582,True,session
TATASTEEL,1114,2024-08-05 09:49:00+00:00,146.14,146.14,0.0,True,session
TATASTEEL,1126,2024-08-06 03:46:00+00:00,150.02,150.14,0.079989,True,session
TATASTEEL,1187,2024-08-06 04:47:00+00:00,148.78,148.78,0.0,True,session
TATASTEEL,1248,2024-08-06 05:48:00+00:00,148.13,148.13,0.0,True,session
TATASTEEL,1309,2024-08-06 06:49:00+00:00,148.78,148.78,0.0,True,session
TATASTEEL,1370,2024-08-06 07:50:00+00:00,148.13,148.13,0.0,True,session
TATASTEEL,1431,2024-08-06 08:51:00+00:00,147.29,147.29,0.0,True,session
TATASTEEL,1492,2024-08-06 09:52:00+00:00,147.11,147.15,0.027191,True,session
TATASTEEL,1501,2024-08-07 03:46:00+00:00,149.29,149.21,0.053587,True,session
TATASTEEL,1562,2024-08-07 04:47:00+00:00,149.12,149.13,0.006706,True,session
TATASTEEL,1624,2024-08-07 05:49:00+00:00,149.07,149.07,0.0,True,session
TATASTEEL,1685,2024-08-07 06:50:00+00:00,149.46,149.46,0.0,True,session
TATASTEEL,1773,2024-08-07 08:18:00+00:00,149.76,149.76,0.0,True,session
TATASTEEL,1834,2024-08-07 09:19:00+00:00,149.7,149.7,0.0,True,session
TATASTEEL,1880,2024-08-08 03:50:00+00:00,148.45,148.42,0.020209,True,session
TATASTEEL,1914,2024-08-08 04:24:00+00:00,148.96,148.95,0.006713,True,session
TATASTEEL,1975,2024-08-08 05:25:00+00:00,148.52,148.52,0.0,True,session
TATASTEEL,2036,2024-08-08 06:26:00+00:00,147.89,147.89,0.0,True,session
TATASTEEL,2077,2024-08-08 07:07:00+00:00,148.69,148.66,0.020176,True,session
TATASTEEL,2116,2024-08-08 07:46:00+00:00,147.42,147.46,0.027133,True,session
TATASTEEL,2177,2024-08-08 08:47:00+00:00,147.61,147.61,0.0,True,session
TATASTEEL,2238,2024-08-08 09:48:00+00:00,146.8,146.8,0.0,True,session
TATASTEEL,2251,2024-08-09 03:46:00+00:00,149.17,149.3,0.087149,True,session
TATASTEEL,2312,2024-08-09 04:47:00+00:00,148.55,148.58,0.020195,True,session
TATASTEEL,2373,2024-08-09 05:48:00+00:00,148.61,148.61,0.0,True,session
TATASTEEL,2434,2024-08-09 06:49:00+00:00,148.79,148.79,0.0,True,session
TATASTEEL,2495,2024-08-09 07:50:00+00:00,148.54,148.54,0.0,True,session
TATASTEEL,2557,2024-08-09 08:52:00+00:00,148.59,148.6,0.00673,True,session
TATASTEEL,2618,2024-08-09 09:53:00+00:00,148.28,148.28,0.0,True,session
TATASTEEL,2626,2024-08-12 03:46:00+00:00,146.72,146.78,0.040894,True,session
TATASTEEL,2632,2024-08-12 03:52:00+00:00,147.48,147.46,0.013561,True,session
TATASTEEL,2679,2024-08-12 04:39:00+00:00,148.3,148.26,0.026972,True,session
TATASTEEL,2741,2024-08-12 05:41:00+00:00,149.19,149.23,0.026811,True,session
TATASTEEL,2803,2024-08-12 06:43:00+00:00,149.19,149.26,0.04692,True,session
TATASTEEL,2877,2024-08-12 07:57:00+00:00,149.34,149.29,0.033481,True,session
TATASTEEL,2965,2024-08-12 09:25:00+00:00,148.67,148.66,0.006726,True,session
TATASTEEL,3026,2024-08-13 04:11:00+00:00,148.44,148.47,0.02021,True,session
TATASTEEL,3087,2024-08-13 05:12:00+00:00,147.94,147.92,0.013519,True,session
TATASTEEL,3148,2024-08-13 06:13:00+00:00,148.1,148.1,0.0,True,session
TATASTEEL,3209,2024-08-13 07:14:00+00:00,147.37,147.36,0.006786,True,session
TATASTEEL,3270,2024-08-13 08:15:00+00:00,146.64,146.63,0.006819,True,session
TATASTEEL,3331,2024-08-13 09:16:00+00:00,146.13,146.18,0.034216,True,session
TATASTEEL,3391,2024-08-14 04:01:00+00:00,144.47,144.47,0.0,True,session
TATASTEEL,3412,2024-08-14 04:22:00+00:00,145.5,145.46,0.027491,True,session
TATASTEEL,3464,2024-08-14 05:14:00+00:00,144.11,144.12,0.006939,True,session
TATASTEEL,3470,2024-08-14 05:20:00+00:00,142.3,142.48,0.126493,True,session
TATASTEEL,3477,2024-08-14 05:27:00+00:00,140.85,140.82,0.021299,True,session
TATASTEEL,3487,2024-08-14 05:37:00+00:00,139.29,139.35,0.043076,True,session
TATASTEEL,3492,2024-08-14 05:42:00+00:00,140.84,140.8,0.028401,True,session
TATASTEEL,3553,2024-08-14 06:43:00+00:00,141.22,141.26,0.028325,True,session
TATASTEEL,3559,2024-08-14 06:49:00+00:00,142.42,142.41,0.007021,True,session
TATASTEEL,3620,2024-08-14 07:50:00+00:00,141.99,141.94,0.035214,True,session
TATASTEEL,3681,2024-08-14 08:51:00+00:00,142.87,142.85,0.013999,True,session
TATASTEEL,3742,2024-08-14 09:52:00+00:00,143.07,143.07,0.0,True,session
TATASTEEL,3771,2024-08-16 04:06:00+00:00,144.51,144.51,0.0,True,session
TATASTEEL,3832,2024-08-16 05:07:00+00:00,143.89,143.86,0.020849,True,session
TATASTEEL,3893,2024-08-16 06:08:00+00:00,143.36,143.36,0.0,True,session
TATASTEEL,3915,2024-08-16 06:30:00+00:00,144.12,144.1,0.013877,True,session
TATASTEEL,3976,2024-08-16 07:31:00+00:00,144.08,144.07,0.006941,True,session
TATASTEEL,4021,2024-08-16 08:16:00+00:00,144.82,144.86,0.02762,True,session
TATASTEEL,4087,2024-08-16 09:22:00+00:00,145.54,145.6,0.041226,True,session
TATASTEEL,4126,2024-08-19 03:46:00+00:00,147.7,147.82,0.081246,True,session
TATASTEEL,4225,2024-08-19 05:25:00+00:00,147.27,147.23,0.027161,True,session
TATASTEEL,4280,2024-08-19 06:20:00+00:00,148.06,148.06,0.0,True,session
TATASTEEL,4341,2024-08-19 07:21:00+00:00,149.02,149.02,0.0,True,session
TATASTEEL,4402,2024-08-19 08:22:00+00:00,149.73,149.68,0.033393,True,session
TATASTEEL,4505,2024-08-20 03:50:00+00:00,150.01,150.01,0.0,True,session
TATASTEEL,4566,2024-08-20 04:51:00+00:00,149.47,149.43,0.026761,True,session
TATASTEEL,4627,2024-08-20 05:52:00+00:00,149.45,149.46,0.006691,True,session
TATASTEEL,4688,2024-08-20 06:53:00+00:00,150.03,150.03,0.0,True,session
TATASTEEL,4749,2024-08-20 07:54:00+00:00,149.54,149.54,0.0,True,session
TATASTEEL,4810,2024-08-20 08:55:00+00:00,149.51,149.49,0.013377,True,session
TATASTEEL,4845,2024-08-20 09:30:00+00:00,150.31,150.29,0.013306,True,session
TATASTEEL,4906,2024-08-21 04:16:00+00:00,149.74,149.74,0.0,True,session
TATASTEEL,4967,2024-08-21 05:17:00+00:00,149.37,149.4,0.020084,True,session
TATASTEEL,5028,2024-08-21 06:18:00+00:00,148.68,148.61,0.047081,True,session
TATASTEEL,5089,2024-08-21 07:19:00+00:00,149.11,149.11,0.0,True,session
TATASTEEL,5150,2024-08-21 08:20:00+00:00,148.67,148.69,0.013453,True,session
TATASTEEL,5211,2024-08-21 09:21:00+00:00,148.57,148.58,0.006731,True,session
TATASTEEL,5251,2024-08-22 03:46:00+00:00,149.31,149.32,0.006697,True,session
TATASTEEL,5312,2024-08-22 04:47:00+00:00,149.39,149.39,0.0,True,session
TATASTEEL,5373,2024-08-22 05:48:00+00:00,150.3,150.34,0.026613,True,session
TATASTEEL,5434,2024-08-22 06:49:00+00:00,150.36,150.41,0.033254,True,session
TATASTEEL,5507,2024-08-22 08:02:00+00:00,150.23,150.2,0.019969,True,session
TATASTEEL,5568,2024-08-22 09:03:00+00:00,150.32,150.32,0.0,True,session
TATASTEEL,5643,2024-08-23 04:03:00+00:00,149.79,149.74,0.03338,True,session
TATASTEEL,5704,2024-08-23 05:04:00+00:00,149.63,149.63,0.0,True,session
TATASTEEL,5763,2024-08-23 06:03:00+00:00,150.32,150.3,0.013305,True,session
TATASTEEL,5850,2024-08-23 07:30:00+00:00,150.25,150.25,0.0,True,session
TATASTEEL,5919,2024-08-23 08:39:00+00:00,150.7,150.69,0.006636,True,session
TATASTEEL,5980,2024-08-23 09:40:00+00:00,150.74,150.77,0.019902,True,session
TATASTEEL,6041,2024-08-26 04:26:00+00:00,151.03,151.05,0.013242,True,session
TATASTEEL,6105,2024-08-26 05:30:00+00:00,150.42,150.42,0.0,True,session
TATASTEEL,6197,2024-08-26 07:02:00+00:00,150.92,150.9,0.013252,True,session
TATASTEEL,6258,2024-08-26 08:03:00+00:00,151.14,151.13,0.006616,True,session
TATASTEEL,6314,2024-08-26 08:59:00+00:00,152.54,152.54,0.0,True,session
TATASTEEL,6375,2024-08-27 03:45:00+00:00,152.35,152.25,0.065638,True,session
TATASTEEL,6436,2024-08-27 04:46:00+00:00,151.71,151.67,0.026366,True,session
TATASTEEL,6513,2024-08-27 06:03:00+00:00,151.57,151.54,0.019793,True,session
TATASTEEL,6574,2024-08-27 07:04:00+00:00,151.47,151.47,0.0,True,session
TATASTEEL,6635,2024-08-27 08:05:00+00:00,151.78,151.73,0.032942,True,session
TATASTEEL,6722,2024-08-27 09:32:00+00:00,151.11,151.13,0.013235,True,session
TATASTEEL,6768,2024-08-28 04:03:00+00:00,149.63,149.62,0.006683,True,session
TATASTEEL,6829,2024-08-28 05:04:00+00:00,150.0,149.97,0.02,True,session
TATASTEEL,6890,2024-08-28 06:05:00+00:00,150.5,150.5,0.0,True,session
TATASTEEL,6951,2024-08-28 07:06:00+00:00,150.78,150.83,0.033161,True,session
TATASTEEL,7012,2024-08-28 08:07:00+00:00,150.94,150.95,0.006625,True,session
TATASTEEL,7073,2024-08-28 09:08:00+00:00,150.58,150.62,0.026564,True,session
TATASTEEL,7134,2024-08-29 03:54:00+00:00,149.42,149.42,0.0,True,session
TATASTEEL,7195,2024-08-29 04:55:00+00:00,149.5,149.5,0.0,True,session
TATASTEEL,7256,2024-08-29 05:56:00+00:00,149.14,149.14,0.0,True,session
TATASTEEL,7317,2024-08-29 06:57:00+00:00,149.12,149.11,0.006706,True,session
TATASTEEL,7378,2024-08-29 07:58:00+00:00,149.37,149.43,0.040169,True,session
TATASTEEL,7432,2024-08-29 08:52:00+00:00,147.94,147.96,0.013519,True,session
TATASTEEL,7465,2024-08-29 09:25:00+00:00,148.76,148.74,0.013444,True,session
TATASTEEL,7474,2024-08-29 09:34:00+00:00,149.52,149.53,0.006688,True,session
TATASTEEL,7501,2024-08-30 03:46:00+00:00,149.9,149.95,0.033356,True,session
TATASTEEL,7545,2024-08-30 04:30:00+00:00,150.95,150.95,0.0,True,session
TATASTEEL,7606,2024-08-30 05:31:00+00:00,151.32,151.32,0.0,True,session
TATASTEEL,7670,2024-08-30 06:35:00+00:00,151.07,151.07,0.0,True,session
TATASTEEL,7731,2024-08-30 07:36:00+00:00,151.05,151.05,0.0,True,session
TATASTEEL,7792,2024-08-30 08:37:00+00:00,150.36,150.36,0.0,True,session
TATASTEEL,7853,2024-08-30 09:38:00+00:00,149.04,149.05,0.00671,True,session
TATASTEEL,7873,2024-08-30 09:58:00+00:00,149.84,149.86,0.013348,True,session
TCS,4,2024-08-01 03:49:00+00:00,4379.3,4379.3,0.0,True,session
TCS,65,2024-08-01 04:50:00+00:00,4380.35,4380.35,0.0,True,session
TCS,126,2024-08-01 05:51:00+00:00,4387.0,4387.0,0.0,True,session
TCS,187,2024-08-01 06:52:00+00:00,4377.7,4377.7,0.0,True,session
TCS,248,2024-08-01 07:53:00+00:00,4378.0,4378.0,0.0,True,session
TCS,309,2024-08-01 08:54:00+00:00,4374.9,4374.9,0.0,True,session
TCS,332,2024-08-01 09:17:00+00:00,4419.05,4418.7,0.00792,True,session
TCS,345,2024-08-01 09:30:00+00:00,4395.9,4396.8,0.020474,True,session
TCS,385,2024-08-02 03:55:00+00:00,4354.5,4354.65,0.003445,True,session
TCS,446,2024-08-02 04:56:00+00:00,4335.8,4335.75,0.001153,True,session
TCS,507,2024-08-02 05:57:00+00:00,4337.4,4337.4,0.0,True,session
TCS,568,2024-08-02 06:58:00+00:00,4304.4,4304.4,0.0,True,session
TCS,629,2024-08-02 07:59:00+00:00,4279.0,4279.0,0.0,True,session
TCS,690,2024-08-02 09:00:00+00:00,4279.95,4279.95,0.0,True,session
TCS,751,2024-08-05 03:46:00+00:00,4217.05,4216.05,0.023713,True,session
TCS,812,2024-08-05 04:47:00+00:00,4186.35,4186.7,0.008361,True,session
TCS,858,2024-08-05 05:33:00+00:00,4144.65,4143.1,0.037398,True,session
TCS,919,2024-08-05 06:34:00+00:00,4135.8,4135.9,0.002418,True,session
TCS,980,2024-08-05 07:35:00+00:00,4137.95,4137.95,0.0,True,session
TCS,1002,2024-08-05 07:57:00+00:00,4161.4,4161.4,0.0,True,session
TCS,1063,2024-08-05 08:58:00+00:00,4154.25,4154.3,0.001204,True,session
TCS,1124,2024-08-05 09:59:00+00:00,4157.35,4157.4,0.001203,True,session
TCS,1126,2024-08-06 03:46:00+00:00,4179.2,4178.55,0.015553,True,session
TCS,1139,2024-08-06 03:59:00+00:00,4206.3,4205.65,0.015453,True,session
TCS,1157,2024-08-06 04:17:00+00:00,4233.5,4233.5,0.0,True,session
TCS,1218,2024-08-06 05:18:00+00:00,4212.0,4212.0,0.0,True,session
TCS,1279,2024-08-06 06:19:00+00:00,4208.65,4208.05,0.014256,True,session
TCS,1340,2024-08-06 07:20:00+00:00,4180.9,4181.1,0.004784,True,session
TCS,1401,2024-08-06 08:21:00+00:00,4170.4,4170.4,0.0,True,session
TCS,1462,2024-08-06 09:22:00+00:00,4168.9,4169.5,0.014392,True,session
TCS,1501,2024-08-07 03:46:00+00:00,4241.15,4241.15,0.0,True,session
TCS,1524,2024-08-07 04:09:00+00:00,4206.25,4205.1,0.02734,True,session
TCS,1597,2024-08-07 05:22:00+00:00,4220.1,4220.1,0.0,True,session
TCS,1629,2024-08-07 05:54:00+00:00,4182.95,4182.95,0.0,True,session
TCS,1690,2024-08-07 06:55:00+00:00,4194.95,4194.95,0.0,True,session
TCS,1751,2024-08-07 07:56:00+00:00,4188.3,4188.25,0.001194,True,session
TCS,1813,2024-08-07 08:58:00+00:00,4206.8,4206.8,0.0,True,session
TCS,1874,2024-08-07 09:59:00+00:00,4202.8,4200.9,0.045208,True,session
TCS,1935,2024-08-08 04:45:00+00:00,4191.2,4191.2,0.0,True,session
TCS,1996,2024-08-08 05:46:00+00:00,4194.0,4194.0,0.0,True,session
TCS,2054,2024-08-08 06:44:00+00:00,4215.65,4216.8,0.027279,True,session
TCS,2115,2024-08-08 07:45:00+00:00,4191.0,4191.0,0.0,True,session
TCS,2176,2024-08-08 08:46:00+00:00,4177.85,4179.0,0.027526,True,session
TCS,2237,2024-08-08 09:47:00+00:00,4174.25,4174.25,0.0,True,session
TCS,2253,2024-08-09 03:48:00+00:00,4245.55,4244.3,0.029443,True,session
TCS,2331,2024-08-09 05:06:00+00:00,4235.05,4235.05,0.0,True,session
TCS,2404,2024-08-09 06:19:00+00:00,4245.45,4245.45,0.0,True,session
TCS,2463,2024-08-09 07:18:00+00:00,4223.1,4223.1,0.0,True,session
TCS,2524,2024-08-09 08:19:00+00:00,4230.2,4230.2,0.0,True,session
TCS,2585,2024-08-09 09:20:00+00:00,4236.65,4236.65,0.0,True,session
TCS,2638,2024-08-12 03:58:00+00:00,4197.4,4197.4,0.0,True,session
TCS,2699,2024-08-12 04:59:00+00:00,4201.0,4200.6,0.009522,True,session
TCS,2743,2024-08-12 05:43:00+00:00,4224.3,4224.3,0.0,True,session
TCS,2804,2024-08-12 06:44:00+00:00,4233.4,4233.4,0.0,True,session
TCS,2865,2024-08-12 07:45:00+00:00,4224.6,4224.85,0.005918,True,session
TCS,2926,2024-08-12 08:46:00+00:00,4226.7,4226.7,0.0,True,session
TCS,2987,2024-08-12 09:47:00+00:00,4198.5,4198.5,0.0,True,session
TCS,3017,2024-08-13 04:02:00+00:00,4218.65,4218.5,0.003556,True,session
TCS,3078,2024-08-13 05:03:00+00:00,4221.65,4222.5,0.020134,True,session
TCS,3139,2024-08-13 06:04:00+00:00,4216.75,4216.75,0.0,True,session
TCS,3200,2024-08-13 07:05:00+00:00,4217.8,4217.8,0.0,True,session
TCS,3261,2024-08-13 08:06:00+00:00,4207.05,4207.05,0.0,True,session
TCS,3322,2024-08-13 09:07:00+00:00,4199.6,4199.6,0.0,True,session
TCS,3376,2024-08-14 03:46:00+00:00,4197.65,4197.65,0.0,True,session
TCS,3387,2024-08-14 03:57:00+00:00,4219.4,4219.4,0.0,True,session
TCS,3438,2024-08-14 04:48:00+00:00,4291.8,4292.05,0.005825,True,session
TCS,3499,2024-08-14 05:49:00+00:00,4296.0,4295.6,0.009311,True,session
TCS,3582,2024-08-14 07:12:00+00:00,4290.0,4290.0,0.0,True,session
TCS,3646,2024-08-14 08:16:00+00:00,4276.9,4277.75,0.019874,True,session
TCS,3707,2024-08-14 09:17:00+00:00,4279.95,4279.95,0.0,True,session
TCS,3753,2024-08-16 03:48:00+00:00,4337.3,4336.0,0.029973,True,session
TCS,3761,2024-08-16 03:56:00+00:00,4377.8,4377.55,0.005711,True,session
TCS,3822,2024-08-16 04:57:00+00:00,4388.7,4386.95,0.039875,True,session
TCS,3921,2024-08-16 06:36:00+00:00,4399.95,4399.95,0.0,True,session
TCS,3983,2024-08-16 07:38:00+00:00,4401.5,4401.5,0.0,True,session
TCS,4048,2024-08-16 08:43:00+00:00,4402.95,4403.0,0.001136,True,session
TCS,4109,2024-08-16 09:44:00+00:00,4421.45,4421.45,0.0,True,session
TCS,4136,2024-08-19 03:56:00+00:00,4394.25,4393.95,0.006827,True,session
TCS,4166,2024-08-19 04:26:00+00:00,4430.05,4430.05,0.0,True,session
TCS,4353,2024-08-19 07:33:00+00:00,4456.0,4455.9,0.002244,True,session
TCS,4414,2024-08-19 08:34:00+00:00,4479.75,4479.75,0.0,True,session
TCS,4481,2024-08-19 09:41:00+00:00,4486.9,4486.95,0.001114,True,session
TCS,5628,2024-08-23 03:48:00+00:00,4491.65,4492.0,0.007792,True,session
TCS,5689,2024-08-23 04:49:00+00:00,4476.95,4476.65,0.006701,True,session
TCS,5750,2024-08-23 05:50:00+00:00,4476.8,4476.8,0.0,True,session
TCS,5811,2024-08-23 06:51:00+00:00,4464.0,4464.95,0.021281,True,session
TCS,5872,2024-08-23 07:52:00+00:00,4461.95,4461.95,0.0,True,session
TCS,5933,2024-08-23 08:53:00+00:00,4457.6,4457.3,0.00673,True,session
TCS,5994,2024-08-23 09:54:00+00:00,4468.95,4468.95,0.0,True,session
TCS,6383,2024-08-27 03:53:00+00:00,4493.3,4492.55,0.016692,True,session
TCS,6479,2024-08-27 05:29:00+00:00,4490.65,4490.95,0.006681,True,session
TCS,6752,2024-08-28 03:47:00+00:00,4489.35,4489.9,0.012251,True,session
TCS,6813,2024-08-28 04:48:00+00:00,4470.0,4470.0,0.0,True,session
TCS,7420,2024-08-29 08:40:00+00:00,4492.1,4492.1,0.0,True,session
TCS,7504,2024-08-30 03:49:00+00:00,4490.35,4490.35,0.0,True,session
TECHM,22,2024-08-01 04:07:00+00:00,1494.7,1494.0,0.046832,True,session
TECHM,83,2024-08-01 05:08:00+00:00,1489.2,1489.2,0.0,True,session
TECHM,144,2024-08-01 06:09:00+00:00,1487.4,1488.0,0.040339,True,session
TECHM,205,2024-08-01 07:10:00+00:00,1483.7,1483.7,0.0,True,session
TECHM,266,2024-08-01 08:11:00+00:00,1480.9,1480.9,0.0,True,session
TECHM,327,2024-08-01 09:12:00+00:00,1482.7,1482.5,0.013489,True,session
TECHM,376,2024-08-02 03:46:00+00:00,1461.2,1459.8,0.095812,True,session
TECHM,437,2024-08-02 04:47:00+00:00,1455.3,1456.0,0.0481,True,session
TECHM,498,2024-08-02 05:48:00+00:00,1456.5,1456.5,0.0,True,session
TECHM,545,2024-08-02 06:35:00+00:00,1445.3,1445.4,0.006919,True,session
TECHM,606,2024-08-02 07:36:00+00:00,1451.4,1451.8,0.02756,True,session
TECHM,667,2024-08-02 08:37:00+00:00,1448.7,1448.7,0.0,True,session
TECHM,728,2024-08-02 09:38:00+00:00,1446.5,1446.5,0.0,True,session
TECHM,751,2024-08-05 03:46:00+00:00,1409.4,1410.9,0.106428,True,session
TECHM,756,2024-08-05 03:51:00+00:00,1416.1,1416.3,0.014123,True,session
TECHM,817,2024-08-05 04:52:00+00:00,1398.8,1398.8,0.0,True,session
TECHM,871,2024-08-05 05:46:00+00:00,1375.5,1375.6,0.00727,True,session
TECHM,932,2024-08-05 06:47:00+00:00,1385.4,1385.4,0.0,True,session
TECHM,993,2024-08-05 07:48:00+00:00,1392.3,1392.7,0.028729,True,session
TECHM,1054,2024-08-05 08:49:00+00:00,1398.7,1398.7,0.0,True,session
TECHM,1115,2024-08-05 09:50:00+00:00,1392.8,1392.6,0.01436,True,session
TECHM,1126,2024-08-06 03:46:00+00:00,1414.0,1414.1,0.007072,True,session
TECHM,1140,2024-08-06 04:00:00+00:00,1429.6,1429.1,0.034975,True,session
TECHM,1201,2024-08-06 05:01:00+00:00,1430.1,1430.1,0.0,True,session
TECHM,1262,2024-08-06 06:02:00+00:00,1421.3,1421.3,0.0,True,session
TECHM,1323,2024-08-06 07:03:00+00:00,1416.9,1416.9,0.0,True,session
TECHM,1384,2024-08-06 08:04:00+00:00,1427.6,1427.6,0.0,True,session
TECHM,1445,2024-08-06 09:05:00+00:00,1420.2,1420.2,0.0,True,session
TECHM,1520,2024-08-07 04:05:00+00:00,1434.8,1435.5,0.048787,True,session
TECHM,1590,2024-08-07 05:15:00+00:00,1447.0,1447.2,0.013822,True,session
TECHM,1628,2024-08-07 05:53:00+00:00,1439.3,1439.3,0.0,True,session
TECHM,1689,2024-08-07 06:54:00+00:00,1428.2,1428.5,0.021005,True,session
TECHM,1750,2024-08-07 07:55:00+00:00,1420.5,1420.5,0.0,True,session
TECHM,1811,2024-08-07 08:56:00+00:00,1416.6,1416.7,0.007059,True,session
TECHM,1872,2024-08-07 09:57:00+00:00,1410.4,1410.4,0.0,True,session
TECHM,1918,2024-08-08 04:28:00+00:00,1417.9,1418.2,0.021158,True,session
TECHM,1979,2024-08-08 05:29:00+00:00,1416.5,1416.4,0.00706,True,session
TECHM,2040,2024-08-08 06:30:00+00:00,1415.2,1415.2,0.0,True,session
TECHM,2056,2024-08-08 06:46:00+00:00,1422.3,1422.3,0.0,True,session
TECHM,2117,2024-08-08 07:47:00+00:00,1414.0,1414.0,0.0,True,session
TECHM,2178,2024-08-08 08:48:00+00:00,1415.2,1415.2,0.0,True,session
TECHM,2218,2024-08-08 09:28:00+00:00,1402.0,1402.0,0.0,True,session
TECHM,2251,2024-08-09 03:46:00+00:00,1428.7,1428.3,0.027997,True,session
TECHM,2253,2024-08-09 03:48:00+00:00,1436.9,1436.9,0.0,True,session
TECHM,2345,2024-08-09 05:20:00+00:00,1433.7,1433.7,0.0,True,session
TECHM,2409,2024-08-09 06:24:00+00:00,1435.2,1435.2,0.0,True,session
TECHM,2470,2024-08-09 07:25:00+00:00,1435.8,1435.8,0.0,True,session
TECHM,2531,2024-08-09 08:26:00+00:00,1436.7,1436.5,0.013921,True,session
TECHM,2592,2024-08-09 09:27:00+00:00,1438.9,1438.9,0.0,True,session
TECHM,2653,2024-08-12 04:13:00+00:00,1439.8,1439.8,0.0,True,session
TECHM,2671,2024-08-12 04:31:00+00:00,1429.7,1429.6,0.006994,True,session
TECHM,2707,2024-08-12 05:07:00+00:00,1437.3,1437.3,0.0,True,session
TECHM,2768,2024-08-12 06:08:00+00:00,1442.0,1442.0,0.0,True,session
TECHM,2808,2024-08-12 06:48:00+00:00,1456.1,1456.6,0.034338,True,session
TECHM,2869,2024-08-12 07:49:00+00:00,1457.7,1457.7,0.0,True,session
TECHM,2885,2024-08-12 08:05:00+00:00,1450.3,1451.0,0.048266,True,session
TECHM,2968,2024-08-12 09:28:00+00:00,1449.1,1449.1,0.0,True,session
TECHM,3029,2024-08-13 04:14:00+00:00,1448.6,1448.6,0.0,True,session
TECHM,3092,2024-08-13 05:17:00+00:00,1456.3,1456.3,0.0,True,session
TECHM,3144,2024-08-13 06:09:00+00:00,1448.0,1448.0,0.0,True,session
TECHM,3205,2024-08-13 07:10:00+00:00,1442.0,1442.0,0.0,True,session
TECHM,3266,2024-08-13 08:11:00+00:00,1438.5,1438.0,0.034758,True,session
TECHM,3327,2024-08-13 09:12:00+00:00,1435.8,1435.2,0.041789,True,session
TECHM,3376,2024-08-14 03:46:00+00:00,1449.7,1449.8,0.006898,True,session
TECHM,3417,2024-08-14 04:27:00+00:00,1448.7,1448.7,0.0,True,session
TECHM,3491,2024-08-14 05:41:00+00:00,1463.6,1463.6,0.0,True,session
TECHM,3527,2024-08-14 06:17:00+00:00,1454.3,1454.9,0.041257,True,session
TECHM,3588,2024-08-14 07:18:00+00:00,1449.7,1450.0,0.020694,True,session
TECHM,3649,2024-08-14 08:19:00+00:00,1448.8,1448.8,0.0,True,session
TECHM,3683,2024-08-14 08:53:00+00:00,1456.1,1456.5,0.027471,True,session
TECHM,3744,2024-08-14 09:54:00+00:00,1461.9,1461.9,0.0,True,session
TECHM,3753,2024-08-16 03:48:00+00:00,1490.7,1491.2,0.033541,True,session
TECHM,3812,2024-08-16 04:47:00+00:00,1482.4,1482.2,0.013492,True,session
TECHM,3873,2024-08-16 05:48:00+00:00,1475.6,1475.6,0.0,True,session
TECHM,3883,2024-08-16 05:58:00+00:00,1484.0,1484.0,0.0,True,session
TECHM,3891,2024-08-16 06:06:00+00:00,1491.2,1490.6,0.040236,True,session
TECHM,3923,2024-08-16 06:38:00+00:00,1499.6,1499.5,0.006668,True,session
TECHM,4009,2024-08-16 08:04:00+00:00,1499.9,1499.9,0.0,True,session
TECHM,4060,2024-08-16 08:55:00+00:00,1508.1,1508.1,0.0,True,session
TECHM,4122,2024-08-16 09:57:00+00:00,1516.6,1515.9,0.046156,True,session
TECHM,4165,2024-08-19 04:25:00+00:00,1516.7,1516.8,0.006593,True,session
TECHM,4239,2024-08-19 05:39:00+00:00,1524.8,1524.8,0.0,True,session
TECHM,4300,2024-08-19 06:40:00+00:00,1524.9,1525.3,0.026231,True,session
TECHM,4410,2024-08-19 08:30:00+00:00,1528.6,1528.6,0.0,True,session
TECHM,4503,2024-08-20 03:48:00+00:00,1533.2,1533.2,0.0,True,session
TECHM,4564,2024-08-20 04:49:00+00:00,1536.5,1536.5,0.0,True,session
TECHM,4625,2024-08-20 05:50:00+00:00,1539.2,1539.2,0.0,True,session
TECHM,4701,2024-08-20 07:06:00+00:00,1547.8,1547.8,0.0,True,session
TECHM,4762,2024-08-20 08:07:00+00:00,1550.6,1550.4,0.012898,True,session
TECHM,4823,2024-08-20 09:08:00+00:00,1557.6,1557.6,0.0,True,session
TECHM,4876,2024-08-21 03:46:00+00:00,1549.7,1549.7,0.0,True,session
TECHM,5005,2024-08-21 05:55:00+00:00,1547.8,1547.8,0.0,True,session
TECHM,5066,2024-08-21 06:56:00+00:00,1543.1,1543.1,0.0,True,session
TECHM,5127,2024-08-21 07:57:00+00:00,1545.3,1545.3,0.0,True,session
TECHM,5188,2024-08-21 08:58:00+00:00,1548.9,1548.8,0.006456,True,session
TECHM,5234,2024-08-21 09:44:00+00:00,1534.5,1534.5,0.0,True,session
TECHM,5251,2024-08-22 03:46:00+00:00,1544.7,1544.7,0.0,True,session
TECHM,5312,2024-08-22 04:47:00+00:00,1537.8,1537.8,0.0,True,session
TECHM,5373,2024-08-22 05:48:00+00:00,1542.5,1542.1,0.025932,True,session
TECHM,5434,2024-08-22 06:49:00+00:00,1540.7,1540.7,0.0,True,session
TECHM,5495,2024-08-22 07:50:00+00:00,1537.3,1537.3,0.0,True,session
TECHM,5556,2024-08-22 08:51:00+00:00,1539.0,1539.0,0.0,True,session
TECHM,5617,2024-08-22 09:52:00+00:00,1543.0,1543.0,0.0,True,session
TECHM,5660,2024-08-23 04:20:00+00:00,1526.7,1526.7,0.0,True,session
TECHM,5666,2024-08-23 04:26:00+00:00,1535.8,1535.3,0.032556,True,session
TECHM,5727,2024-08-23 05:27:00+00:00,1532.7,1532.6,0.006524,True,session
TECHM,5788,2024-08-23 06:28:00+00:00,1527.3,1527.3,0.0,True,session
TECHM,5849,2024-08-23 07:29:00+00:00,1528.2,1528.1,0.006544,True,session
TECHM,5910,2024-08-23 08:30:00+00:00,1529.6,1529.6,0.0,True,session
TECHM,5971,2024-08-23 09:31:00+00:00,1527.6,1527.5,0.006546,True,session
TECHM,5998,2024-08-23 09:58:00+00:00,1538.6,1538.6,0.0,True,session
TECHM,6021,2024-08-26 04:06:00+00:00,1550.4,1550.4,0.0,True,session
TECHM,6082,2024-08-26 05:07:00+00:00,1550.6,1550.6,0.0,True,session
TECHM,6143,2024-08-26 06:08:00+00:00,1552.2,1551.6,0.038655,True,session
TECHM,6204,2024-08-26 07:09:00+00:00,1553.1,1553.1,0.0,True,session
TECHM,6248,2024-08-26 07:53:00+00:00,1561.2,1561.2,0.0,True,session
TECHM,6317,2024-08-26 09:02:00+00:00,1562.3,1562.3,0.0,True,session
TECHM,6378,2024-08-27 03:48:00+00:00,1567.9,1568.6,0.044646,True,session
TECHM,6439,2024-08-27 04:49:00+00:00,1569.8,1569.8,0.0,True,session
TECHM,6495,2024-08-27 05:45:00+00:00,1558.8,1558.8,0.0,True,session
TECHM,6556,2024-08-27 06:46:00+00:00,1559.8,1559.8,0.0,True,session
TECHM,6617,2024-08-27 07:47:00+00:00,1560.3,1560.2,0.006409,True,session
TECHM,6678,2024-08-27 08:48:00+00:00,1558.2,1558.1,0.006418,True,session
TECHM,6739,2024-08-27 09:49:00+00:00,1554.8,1554.8,0.0,True,session
TECHM,6800,2024-08-28 04:35:00+00:00,1556.1,1556.1,0.0,True,session
TECHM,6819,2024-08-28 04:54:00+00:00,1564.8,1564.7,0.006391,True,session
TECHM,6851,2024-08-28 05:26:00+00:00,1568.2,1568.1,0.006377,True,session
TECHM,6912,2024-08-28 06:27:00+00:00,1574.0,1574.0,0.0,True,session
TECHM,7043,2024-08-28 08:38:00+00:00,1582.3,1582.3,0.0,True,session
TECHM,7090,2024-08-28 09:25:00+00:00,1565.0,1565.0,0.0,True,session
TECHM,7151,2024-08-29 04:11:00+00:00,1559.3,1559.3,0.0,True,session
TECHM,7168,2024-08-29 04:28:00+00:00,1567.2,1567.1,0.006381,True,session
TECHM,7229,2024-08-29 05:29:00+00:00,1569.3,1569.3,0.0,True,session
TECHM,7290,2024-08-29 06:30:00+00:00,1569.1,1569.2,0.006373,True,session
TECHM,7323,2024-08-29 07:03:00+00:00,1578.6,1579.3,0.044343,True,session
TECHM,7384,2024-08-29 08:04:00+00:00,1573.6,1573.6,0.0,True,session
TECHM,7445,2024-08-29 09:05:00+00:00,1566.3,1566.3,0.0,True,session
TECHM,7464,2024-08-29 09:24:00+00:00,1579.2,1579.0,0.012665,True,session
TECHM,7525,2024-08-30 04:10:00+00:00,1574.6,1574.6,0.0,True,session
TECHM,7570,2024-08-30 04:55:00+00:00,1582.0,1582.0,0.0,True,session
TECHM,7645,2024-08-30 06:10:00+00:00,1581.5,1581.5,0.0,True,session
TECHM,7706,2024-08-30 07:11:00+00:00,1577.6,1578.3,0.044371,True,session
TECHM,7767,2024-08-30 08:12:00+00:00,1566.6,1566.6,0.0,True,session
TECHM,7828,2024-08-30 09:13:00+00:00,1566.8,1566.8,0.0,True,session
TITAN,3,2024-08-01 03:48:00+00:00,3475.4,3473.6,0.051793,True,session
TITAN,64,2024-08-01 04:49:00+00:00,3484.0,3484.0,0.0,True,session
TITAN,132,2024-08-01 05:57:00+00:00,3476.0,3476.0,0.0,True,session
TITAN,193,2024-08-01 06:58:00+00:00,3460.05,3458.7,0.039017,True,session
TITAN,254,2024-08-01 07:59:00+00:00,3448.6,3448.6,0.0,True,session
TITAN,307,2024-08-01 08:52:00+00:00,3471.35,3471.3,0.00144,True,session
TITAN,368,2024-08-01 09:53:00+00:00,3471.9,3471.9,0.0,True,session
TITAN,376,2024-08-02 03:46:00+00:00,3448.6,3446.45,0.062344,True,session
TITAN,407,2024-08-02 04:17:00+00:00,3415.9,3416.7,0.02342,True,session
TITAN,468,2024-08-02 05:18:00+00:00,3421.25,3421.25,0.0,True,session
TITAN,475,2024-08-02 05:25:00+00:00,3442.0,3442.0,0.0,True,session
TITAN,536,2024-08-02 06:26:00+00:00,3434.45,3433.35,0.032028,True,session
TITAN,597,2024-08-02 07:27:00+00:00,3428.55,3428.35,0.005833,True,session
TITAN,658,2024-08-02 08:28:00+00:00,3442.8,3442.05,0.021785,True,session
TITAN,719,2024-08-02 09:29:00+00:00,3465.0,3464.75,0.007215,True,session
TITAN,751,2024-08-05 03:46:00+00:00,3359.9,3361.15,0.037203,True,session
TITAN,769,2024-08-05 04:04:00+00:00,3392.5,3392.55,0.001474,True,session
TITAN,779,2024-08-05 04:14:00+00:00,3416.45,3416.0,0.013172,True,session
TITAN,815,2024-08-05 04:50:00+00:00,3449.0,3449.0,0.0,True,session
TITAN,875,2024-08-05 05:50:00+00:00,3392.1,3391.95,0.004422,True,session
TITAN,936,2024-08-05 06:51:00+00:00,3403.0,3402.6,0.011754,True,session
TITAN,997,2024-08-05 07:52:00+00:00,3366.1,3368.6,0.07427,True,session
TITAN,1058,2024-08-05 08:53:00+00:00,3373.0,3373.0,0.0,True,session
TITAN,1119,2024-08-05 09:54:00+00:00,3379.95,3379.2,0.02219,True,session
TITAN,1126,2024-08-06 03:46:00+00:00,3399.85,3398.0,0.054414,True,session
TITAN,1187,2024-08-06 04:47:00+00:00,3386.0,3385.35,0.019197,True,session
TITAN,1248,2024-08-06 05:48:00+00:00,3381.3,3381.6,0.008872,True,session
TITAN,1309,2024-08-06 06:49:00+00:00,3384.0,3384.0,0.0,True,session
TITAN,1370,2024-08-06 07:50:00+00:00,3380.0,3379.25,0.022189,True,session
TITAN,1431,2024-08-06 08:51:00+00:00,3330.0,3330.0,0.0,True,session
TITAN,1492,2024-08-06 09:52:00+00:00,3341.2,3341.2,0.0,True,session
TITAN,1501,2024-08-07 03:46:00+00:00,3357.9,3355.35,0.07594,True,session
TITAN,1562,2024-08-07 04:47:00+00:00,3326.9,3327.45,0.016532,True,session
TITAN,1623,2024-08-07 05:48:00+00:00,3323.85,3323.85,0.0,True,session
TITAN,1684,2024-08-07 06:49:00+00:00,3332.55,3332.55,0.0,True,session
TITAN,1745,2024-08-07 07:50:00+00:00,3331.0,3331.2,0.006004,True,session
TITAN,1806,2024-08-07 08:51:00+00:00,3329.95,3329.1,0.025526,True,session
TITAN,1867,2024-08-07 09:52:00+00:00,3326.0,3326.0,0.0,True,session
TITAN,1878,2024-08-08 03:48:00+00:00,3342.3,3342.3,0.0,True,session
TITAN,1939,2024-08-08 04:49:00+00:00,3330.35,3330.35,0.0,True,session
TITAN,2000,2024-08-08 05:50:00+00:00,3328.5,3328.5,0.0,True,session
TITAN,2061,2024-08-08 06:51:00+00:00,3332.0,3332.0,0.0,True,session
TITAN,2111,2024-08-08 07:41:00+00:00,3305.05,3305.05,0.0,True,session
TITAN,2172,2024-08-08 08:42:00+00:00,3289.2,3289.2,0.0,True,session
TITAN,2233,2024-08-08 09:43:00+00:00,3303.0,3302.95,0.001514,True,session
TITAN,2251,2024-08-09 03:46:00+00:00,3323.75,3320.35,0.102294,True,session
TITAN,2312,2024-08-09 04:47:00+00:00,3322.7,3322.7,0.0,True,session
TITAN,2373,2024-08-09 05:48:00+00:00,3294.95,3294.55,0.01214,True,session
TITAN,2434,2024-08-09 06:49:00+00:00,3294.75,3294.75,0.0,True,session
TITAN,2495,2024-08-09 07:50:00+00:00,3310.0,3309.05,0.028701,True,session
TITAN,2556,2024-08-09 08:51:00+00:00,3322.0,3322.0,0.0,True,session
TITAN,2617,2024-08-09 09:52:00+00:00,3333.1,3333.1,0.0,True,session
TITAN,2650,2024-08-12 04:10:00+00:00,3301.9,3302.0,0.003029,True,session
TITAN,2711,2024-08-12 05:11:00+00:00,3311.05,3312.0,0.028692,True,session
TITAN,2746,2024-08-12 05:46:00+00:00,3328.7,3328.7,0.0,True,session
TITAN,2867,2024-08-12 07:47:00+00:00,3326.4,3326.4,0.0,True,session
TITAN,2931,2024-08-12 08:51:00+00:00,3340.9,3340.0,0.026939,True,session
TITAN,2965,2024-08-12 09:25:00+00:00,3317.0,3317.0,0.0,True,session
TITAN,3002,2024-08-13 03:47:00+00:00,3318.15,3318.15,0.0,True,session
TITAN,3063,2024-08-13 04:48:00+00:00,3327.5,3327.5,0.0,True,session
TITAN,3091,2024-08-13 05:16:00+00:00,3348.15,3348.15,0.0,True,session
TITAN,3167,2024-08-13 06:32:00+00:00,3397.95,3397.95,0.0,True,session
TITAN,3228,2024-08-13 07:33:00+00:00,3396.75,3396.75,0.0,True,session
TITAN,3291,2024-08-13 08:36:00+00:00,3386.6,3386.6,0.0,True,session
TITAN,3352,2024-08-13 09:37:00+00:00,3382.25,3382.25,0.0,True,session
TITAN,3419,2024-08-14 04:29:00+00:00,3397.0,3398.0,0.029438,True,session
TITAN,3480,2024-08-14 05:30:00+00:00,3395.3,3395.3,0.0,True,session
TITAN,3541,2024-08-14 06:31:00+00:00,3395.05,3396.95,0.055964,True,session
TITAN,3608,2024-08-14 07:38:00+00:00,3394.75,3394.75,0.0,True,session
TITAN,3683,2024-08-14 08:53:00+00:00,3403.95,3403.25,0.020564,True,session
TITAN,3744,2024-08-14 09:54:00+00:00,3400.05,3400.05,0.0,True,session
TITAN,3808,2024-08-16 04:43:00+00:00,3386.55,3386.55,0.0,True,session
TITAN,3869,2024-08-16 05:44:00+00:00,3387.0,3387.0,0.0,True,session
TITAN,3889,2024-08-16 06:04:00+00:00,3408.9,3407.5,0.041069,True,session
TITAN,3950,2024-08-16 07:05:00+00:00,3416.9,3416.95,0.001463,True,session
TITAN,4016,2024-08-16 08:11:00+00:00,3424.95,3425.0,0.00146,True,session
TITAN,4077,2024-08-16 09:12:00+00:00,3419.0,3419.0,0.0,True,session
TITAN,4126,2024-08-19 03:46:00+00:00,3462.85,3461.0,0.053424,True,session
TITAN,4132,2024-08-19 03:52:00+00:00,3496.65,3496.65,0.0,True,session
TITAN,4136,2024-08-19 03:56:00+00:00,3478.85,3478.85,0.0,True,session
TITAN,4196,2024-08-19 04:56:00+00:00,3458.2,3458.0,0.005783,True,session
TITAN,4265,2024-08-19 06:05:00+00:00,3458.65,3458.65,0.0,True,session
TITAN,4326,2024-08-19 07:06:00+00:00,3461.7,3461.7,0.0,True,session
TITAN,4387,2024-08-19 08:07:00+00:00,3456.55,3456.55,0.0,True,session
TITAN,4448,2024-08-19 09:08:00+00:00,3452.15,3454.5,0.068074,True,session
TITAN,4495,2024-08-19 09:55:00+00:00,3468.15,3468.0,0.004325,True,session
TITAN,4556,2024-08-20 04:41:00+00:00,3472.75,3472.75,0.0,True,session
TITAN,4689,2024-08-20 06:54:00+00:00,3466.5,3466.5,0.0,True,session
TITAN,4750,2024-08-20 07:55:00+00:00,3471.1,3471.15,0.00144,True,session
TITAN,4811,2024-08-20 08:56:00+00:00,3472.85,3472.85,0.0,True,session
TITAN,4872,2024-08-20 09:57:00+00:00,3476.9,3476.0,0.025885,True,session
TITAN,4876,2024-08-21 03:46:00+00:00,3479.25,3479.35,0.002874,True,session
TITAN,4937,2024-08-21 04:47:00+00:00,3482.75,3482.75,0.0,True,session
TITAN,4982,2024-08-21 05:32:00+00:00,3515.0,3515.0,0.0,True,session
TITAN,5032,2024-08-21 06:22:00+00:00,3549.0,3549.0,0.0,True,session
TITAN,5093,2024-08-21 07:23:00+00:00,3563.9,3563.95,0.001403,True,session
TITAN,5154,2024-08-21 08:24:00+00:00,3567.0,3566.0,0.028035,True,session
TITAN,5201,2024-08-21 09:11:00+00:00,3547.95,3548.5,0.015502,True,session
TITAN,5260,2024-08-22 03:55:00+00:00,3584.25,3584.25,0.0,True,session
TITAN,5270,2024-08-22 04:05:00+00:00,3564.6,3564.6,0.0,True,session
TITAN,5331,2024-08-22 05:06:00+00:00,3593.8,3593.8,0.0,True,session
TITAN,5410,2024-08-22 06:25:00+00:00,3611.95,3611.95,0.0,True,session
TITAN,5471,2024-08-22 07:26:00+00:00,3614.8,3614.8,0.0,True,session
TITAN,5494,2024-08-22 07:49:00+00:00,3592.25,3591.1,0.032013,True,session
TITAN,5555,2024-08-22 08:50:00+00:00,3601.95,3601.95,0.0,True,session
TITAN,5616,2024-08-22 09:51:00+00:00,3602.45,3602.45,0.0,True,session
TITAN,5628,2024-08-23 03:48:00+00:00,3595.0,3595.0,0.0,True,session
TITAN,5645,2024-08-23 04:05:00+00:00,3567.7,3567.1,0.016818,True,session
TITAN,5706,2024-08-23 05:06:00+00:00,3574.75,3574.75,0.0,True,session
TITAN,5733,2024-08-23 05:33:00+00:00,3591.8,3590.55,0.034801,True,session
TITAN,5794,2024-08-23 06:34:00+00:00,3579.3,3579.3,0.0,True,session
TITAN,5855,2024-08-23 07:35:00+00:00,3570.7,3570.85,0.004201,True,session
TITAN,5916,2024-08-23 08:36:00+00:00,3580.45,3580.45,0.0,True,session
TITAN,5977,2024-08-23 09:37:00+00:00,3567.2,3566.3,0.02523,True,session
TITAN,6001,2024-08-26 03:46:00+00:00,3579.35,3579.35,0.0,True,session
TITAN,6018,2024-08-26 04:03:00+00:00,3599.05,3599.05,0.0,True,session
TITAN,6079,2024-08-26 05:04:00+00:00,3599.95,3599.95,0.0,True,session
TITAN,6250,2024-08-26 07:55:00+00:00,3615.5,3615.0,0.013829,True,session
TITAN,6311,2024-08-26 08:56:00+00:00,3635.8,3635.8,0.0,True,session
TITAN,6372,2024-08-26 09:57:00+00:00,3627.9,3627.9,0.0,True,session
TITAN,6434,2024-08-27 04:44:00+00:00,3610.95,3610.0,0.026309,True,session
TITAN,6495,2024-08-27 05:45:00+00:00,3602.5,3601.95,0.015267,True,session
TITAN,6556,2024-08-27 06:46:00+00:00,3596.95,3597.75,0.022241,True,session
TITAN,6617,2024-08-27 07:47:00+00:00,3581.7,3581.7,0.0,True,session
TITAN,6678,2024-08-27 08:48:00+00:00,3560.2,3560.2,0.0,True,session
TITAN,6739,2024-08-27 09:49:00+00:00,3556.3,3555.65,0.018277,True,session
TITAN,6759,2024-08-28 03:54:00+00:00,3569.6,3568.0,0.044823,True,session
TITAN,6820,2024-08-28 04:55:00+00:00,3556.75,3556.75,0.0,True,session
TITAN,6881,2024-08-28 05:56:00+00:00,3554.8,3555.95,0.032351,True,session
TITAN,6942,2024-08-28 06:57:00+00:00,3542.2,3543.0,0.022585,True,session
TITAN,7003,2024-08-28 07:58:00+00:00,3545.7,3544.5,0.033844,True,session
TITAN,7064,2024-08-28 08:59:00+00:00,3537.8,3537.8,0.0,True,session
TITAN,7125,2024-08-29 03:45:00+00:00,3532.0,3537.0,0.141563,True,session
TITAN,7186,2024-08-29 04:46:00+00:00,3528.25,3528.15,0.002834,True,session
TITAN,7247,2024-08-29 05:47:00+00:00,3513.35,3513.35,0.0,True,session
TITAN,7295,2024-08-29 06:35:00+00:00,3530.0,3530.0,0.0,True,session
TITAN,7337,2024-08-29 07:17:00+00:00,3548.0,3548.0,0.0,True,session
TITAN,7398,2024-08-29 08:18:00+00:00,3544.15,3544.1,0.001411,True,session
TITAN,7435,2024-08-29 08:55:00+00:00,3511.7,3512.0,0.008543,True,session
TITAN,7464,2024-08-29 09:24:00+00:00,3532.95,3532.95,0.0,True,session
TITAN,7501,2024-08-30 03:46:00+00:00,3547.35,3547.35,0.0,True,session
TITAN,7514,2024-08-30 03:59:00+00:00,3590.0,3590.0,0.0,True,session
TITAN,7547,2024-08-30 04:32:00+00:00,3577.0,3576.1,0.025161,True,session
TITAN,7619,2024-08-30 05:44:00+00:00,3571.0,3571.0,0.0,True,session
TITAN,7680,2024-08-30 06:45:00+00:00,3572.0,3572.0,0.0,True,session
TITAN,7741,2024-08-30 07:46:00+00:00,3567.4,3567.4,0.0,True,session
TITAN,7802,2024-08-30 08:47:00+00:00,3558.7,3558.7,0.0,True,session
TITAN,7863,2024-08-30 09:48:00+00:00,3563.75,3563.95,0.005612,True,session
TRENT,6,2024-08-01 03:51:00+00:00,3877.7,3878.0,0.007737,True,session
TRENT,23,2024-08-01 04:08:00+00:00,3843.8,3843.8,0.0,True,session
TRENT,84,2024-08-01 05:09:00+00:00,3833.3,3833.8,0.013044,True,session
TRENT,145,2024-08-01 06:10:00+00:00,3836.7,3836.8,0.002606,True,session
TRENT,206,2024-08-01 07:11:00+00:00,3823.9,3823.9,0.0,True,session
TRENT,261,2024-08-01 08:06:00+00:00,3838.6,3837.4,0.031261,True,session
TRENT,322,2024-08-01 09:07:00+00:00,3836.5,3836.0,0.013033,True,session
TRENT,376,2024-08-02 03:46:00+00:00,3793.5,3797.2,0.097535,True,session
TRENT,381,2024-08-02 03:51:00+00:00,3853.3,3850.0,0.085641,True,session
TRENT,399,2024-08-02 04:09:00+00:00,3812.2,3812.2,0.0,True,session
TRENT,450,2024-08-02 05:00:00+00:00,3841.4,3842.1,0.018223,True,session
TRENT,511,2024-08-02 06:01:00+00:00,3804.0,3804.0,0.0,True,session
TRENT,572,2024-08-02 07:02:00+00:00,3766.6,3766.6,0.0,True,session
TRENT,633,2024-08-02 08:03:00+00:00,3736.3,3736.3,0.0,True,session
TRENT,694,2024-08-02 09:04:00+00:00,3723.4,3723.4,0.0,True,session
TRENT,751,2024-08-05 03:46:00+00:00,3583.3,3583.8,0.013954,True,session
TRENT,812,2024-08-05 04:47:00+00:00,3578.2,3578.2,0.0,True,session
TRENT,845,2024-08-05 05:20:00+00:00,3505.0,3507.2,0.062767,True,session
TRENT,906,2024-08-05 06:21:00+00:00,3524.3,3524.0,0.008512,True,session
TRENT,967,2024-08-05 07:22:00+00:00,3538.4,3538.4,0.0,True,session
TRENT,1028,2024-08-05 08:23:00+00:00,3563.4,3565.0,0.044901,True,session
TRENT,1089,2024-08-05 09:24:00+00:00,3573.5,3575.1,0.044774,True,session
TRENT,1126,2024-08-06 03:46:00+00:00,3636.1,3637.8,0.046753,True,session
TRENT,1187,2024-08-06 04:47:00+00:00,3619.4,3619.4,0.0,True,session
TRENT,1248,2024-08-06 05:48:00+00:00,3592.5,3592.5,0.0,True,session
TRENT,1309,2024-08-06 06:49:00+00:00,3593.6,3594.1,0.013914,True,session
TRENT,1370,2024-08-06 07:50:00+00:00,3554.1,3554.2,0.002814,True,session
TRENT,1431,2024-08-06 08:51:00+00:00,3522.1,3522.1,0.0,True,session
TRENT,1492,2024-08-06 09:52:00+00:00,3471.0,3471.0,0.0,True,session
TRENT,1501,2024-08-07 03:46:00+00:00,3549.9,3549.9,0.0,True,session
TRENT,1562,2024-08-07 04:47:00+00:00,3544.7,3544.7,0.0,True,session
TRENT,1587,2024-08-07 05:12:00+00:00,3578.7,3578.7,0.0,True,session
TRENT,1648,2024-08-07 06:13:00+00:00,3577.3,3577.3,0.0,True,session
TRENT,1725,2024-08-07 07:30:00+00:00,3595.9,3595.9,0.0,True,session
TRENT,1765,2024-08-07 08:10:00+00:00,3634.7,3633.3,0.038518,True,session
TRENT,1826,2024-08-07 09:11:00+00:00,3633.3,3633.3,0.0,True,session
TRENT,1876,2024-08-08 03:46:00+00:00,3667.4,3664.8,0.070895,True,session
TRENT,1879,2024-08-08 03:49:00+00:00,3708.9,3705.6,0.088975,True,session
TRENT,1886,2024-08-08 03:56:00+00:00,3749.1,3744.8,0.114694,True,session
TRENT,1889,2024-08-08 03:59:00+00:00,3732.8,3730.1,0.072332,True,session
TRENT,1904,2024-08-08 04:14:00+00:00,3767.8,3768.7,0.023887,True,session
TRENT,1912,2024-08-08 04:22:00+00:00,3746.7,3748.1,0.037366,True,session
TRENT,1997,2024-08-08 05:47:00+00:00,3780.2,3781.3,0.029099,True,session
TRENT,2058,2024-08-08 06:48:00+00:00,3784.0,3784.0,0.0,True,session
TRENT,2119,2024-08-08 07:49:00+00:00,3788.7,3790.0,0.034313,True,session
TRENT,2180,2024-08-08 08:50:00+00:00,3784.9,3784.9,0.0,True,session
TRENT,2285,2024-08-09 04:20:00+00:00,3850.0,3850.0,0.0,True,session
TRENT,2318,2024-08-09 04:53:00+00:00,3866.4,3864.0,0.062073,True,session
TRENT,2356,2024-08-09 05:31:00+00:00,3840.9,3840.8,0.002604,True,session
TRENT,2419,2024-08-09 06:34:00+00:00,3830.0,3830.0,0.0,True,session
TRENT,2436,2024-08-09 06:51:00+00:00,3791.4,3791.4,0.0,True,session
TRENT,2451,2024-08-09 07:06:00+00:00,3813.2,3813.2,0.0,True,session
TRENT,2459,2024-08-09 07:14:00+00:00,3936.9,3933.3,0.091443,True,session
TRENT,2463,2024-08-09 07:18:00+00:00,4007.1,4009.0,0.047416,True,session
TRENT,2474,2024-08-09 07:29:00+00:00,4081.3,4078.6,0.066155,True,session
TRENT,2515,2024-08-09 08:10:00+00:00,4192.9,4192.9,0.0,True,session
TRENT,2548,2024-08-09 08:43:00+00:00,4146.5,4146.2,0.007235,True,session
TRENT,2604,2024-08-09 09:39:00+00:00,4165.1,4166.7,0.038414,True,session
TRENT,2610,2024-08-09 09:45:00+00:00,4202.0,4201.3,0.016659,True,session
TRENT,2627,2024-08-12 03:47:00+00:00,4243.5,4239.8,0.087192,True,session
TRENT,2629,2024-08-12 03:49:00+00:00,4228.9,4226.0,0.068576,True,session
TRENT,2658,2024-08-12 04:18:00+00:00,4234.7,4236.6,0.044867,True,session
TRENT,2688,2024-08-12 04:48:00+00:00,4261.9,4262.0,0.002346,True,session
TRENT,2749,2024-08-12 05:49:00+00:00,4232.3,4232.3,0.0,True,session
TRENT,2768,2024-08-12 06:08:00+00:00,4199.3,4196.0,0.078585,True,session
TRENT,2793,2024-08-12 06:33:00+00:00,4218.0,4217.8,0.004742,True,session
TRENT,2829,2024-08-12 07:09:00+00:00,4237.3,4236.3,0.0236,True,session
TRENT,2875,2024-08-12 07:55:00+00:00,4258.1,4258.1,0.0,True,session
TRENT,2936,2024-08-12 08:56:00+00:00,4256.7,4258.6,0.044636,True,session
TRENT,3004,2024-08-13 03:49:00+00:00,4231.0,4234.7,0.08745,True,session
TRENT,3065,2024-08-13 04:50:00+00:00,4236.7,4236.7,0.0,True,session
TRENT,3160,2024-08-13 06:25:00+00:00,4288.1,4286.7,0.032648,True,session
TRENT,3221,2024-08-13 07:26:00+00:00,4267.9,4267.9,0.0,True,session
TRENT,3347,2024-08-13 09:32:00+00:00,4242.8,4242.9,0.002357,True,session
TRENT,3392,2024-08-14 04:02:00+00:00,4229.9,4227.9,0.047282,True,session
TRENT,3424,2024-08-14 04:34:00+00:00,4262.3,4262.6,0.007038,True,session
TRENT,3614,2024-08-14 07:44:00+00:00,4288.5,4288.5,0.0,True,session
TRENT,3675,2024-08-14 08:45:00+00:00,4292.5,4292.5,0.0,True,session
TRENT,3752,2024-08-16 03:47:00+00:00,4306.9,4306.9,0.0,True,session
TRENT,3813,2024-08-16 04:48:00+00:00,4317.5,4317.5,0.0,True,session
TRENT,3916,2024-08-16 06:31:00+00:00,4318.6,4318.6,0.0,True,session
TRENT,3977,2024-08-16 07:32:00+00:00,4326.6,4326.7,0.002311,True,session
TRENT,4061,2024-08-16 08:56:00+00:00,4329.6,4329.6,0.0,True,session
TRENT,4122,2024-08-16 09:57:00+00:00,4324.6,4324.6,0.0,True,session
TRENT,4126,2024-08-19 03:46:00+00:00,4374.8,4372.5,0.052574,True,session
TRENT,4128,2024-08-19 03:48:00+00:00,4361.3,4361.3,0.0,True,session
TRENT,4144,2024-08-19 04:04:00+00:00,4401.0,4402.3,0.029539,True,session
TRENT,4165,2024-08-19 04:25:00+00:00,4440.0,4440.0,0.0,True,session
TRENT,4183,2024-08-19 04:43:00+00:00,4483.3,4485.2,0.042379,True,session
TRENT,4244,2024-08-19 05:44:00+00:00,4476.7,4476.7,0.0,True,session
TRENT,4305,2024-08-19 06:45:00+00:00,4466.7,4466.7,0.0,True,session
TRENT,4331,2024-08-19 07:11:00+00:00,4426.4,4426.4,0.0,True,session
TRENT,4392,2024-08-19 08:12:00+00:00,4424.7,4424.7,0.0,True,session
TRENT,4437,2024-08-19 08:57:00+00:00,4453.5,4453.5,0.0,True,session
TRENT,4498,2024-08-19 09:58:00+00:00,4451.3,4451.3,0.0,True,session
TRENT,4502,2024-08-20 03:47:00+00:00,4445.1,4438.9,0.139479,True,session
TRENT,4513,2024-08-20 03:58:00+00:00,4420.0,4417.8,0.049774,True,session
TRENT,4573,2024-08-20 04:58:00+00:00,4431.9,4432.2,0.006769,True,session
TRENT,4634,2024-08-20 05:59:00+00:00,4428.9,4428.9,0.0,True,session
TRENT,4776,2024-08-20 08:21:00+00:00,4483.7,4482.1,0.035685,True,session
TRENT,5083,2024-08-21 07:13:00+00:00,4500.5,4500.5,0.0,True,session
WIPRO,15,2024-08-01 04:00:00+00:00,250.6,250.5,0.039904,True,session
WIPRO,76,2024-08-01 05:01:00+00:00,251.05,251.05,0.0,True,session
WIPRO,141,2024-08-01 06:06:00+00:00,250.75,250.75,0.0,True,session
WIPRO,202,2024-08-01 07:07:00+00:00,249.5,249.5,0.0,True,session
WIPRO,263,2024-08-01 08:08:00+00:00,248.25,248.25,0.0,True,session
WIPRO,324,2024-08-01 09:09:00+00:00,247.65,247.65,0.0,True,session
WIPRO,330,2024-08-01 09:15:00+00:00,248.85,248.75,0.040185,True,session
WIPRO,376,2024-08-02 03:46:00+00:00,247.45,247.35,0.040412,True,session
WIPRO,402,2024-08-02 04:12:00+00:00,245.25,245.25,0.0,True,session
WIPRO,460,2024-08-02 05:10:00+00:00,246.7,246.7,0.0,True,session
WIPRO,521,2024-08-02 06:11:00+00:00,244.9,244.85,0.020416,True,session
WIPRO,582,2024-08-02 07:12:00+00:00,243.25,243.2,0.020555,True,session
WIPRO,643,2024-08-02 08:13:00+00:00,242.8,242.8,0.0,True,session
WIPRO,704,2024-08-02 09:14:00+00:00,241.55,241.55,0.0,True,session
WIPRO,751,2024-08-05 03:46:00+00:00,236.2,236.4,0.084674,True,session
WIPRO,812,2024-08-05 04:47:00+00:00,235.85,235.85,0.0,True,session
WIPRO,866,2024-08-05 05:41:00+00:00,232.35,232.45,0.043039,True,session
WIPRO,927,2024-08-05 06:42:00+00:00,231.15,231.25,0.043262,True,session
WIPRO,988,2024-08-05 07:43:00+00:00,230.3,230.3,0.0,True,session
WIPRO,1049,2024-08-05 08:44:00+00:00,231.8,231.8,0.0,True,session
WIPRO,1110,2024-08-05 09:45:00+00:00,231.8,231.8,0.0,True,session
WIPRO,1126,2024-08-06 03:46:00+00:00,235.5,235.45,0.021231,True,session
WIPRO,1170,2024-08-06 04:30:00+00:00,238.0,238.0,0.0,True,session
WIPRO,1231,2024-08-06 05:31:00+00:00,236.95,236.85,0.042203,True,session
WIPRO,1292,2024-08-06 06:32:00+00:00,236.0,236.0,0.0,True,session
WIPRO,1353,2024-08-06 07:33:00+00:00,234.95,234.95,0.0,True,session
WIPRO,1414,2024-08-06 08:34:00+00:00,235.05,235.05,0.0,True,session
WIPRO,1475,2024-08-06 09:35:00+00:00,234.1,234.1,0.0,True,session
WIPRO,1501,2024-08-07 03:46:00+00:00,239.0,238.95,0.020921,True,session
WIPRO,1562,2024-08-07 04:47:00+00:00,237.05,237.15,0.042185,True,session
WIPRO,1636,2024-08-07 06:01:00+00:00,236.9,236.9,0.0,True,session
WIPRO,1722,2024-08-07 07:27:00+00:00,236.4,236.4,0.0,True,session
WIPRO,1783,2024-08-07 08:28:00+00:00,236.4,236.4,0.0,True,session
WIPRO,1857,2024-08-07 09:42:00+00:00,237.9,238.0,0.042034,True,session
WIPRO,1878,2024-08-08 03:48:00+00:00,234.75,234.65,0.042599,True,session
WIPRO,1892,2024-08-08 04:02:00+00:00,236.1,236.1,0.0,True,session
WIPRO,1953,2024-08-08 05:03:00+00:00,235.05,235.05,0.0,True,session
WIPRO,2014,2024-08-08 06:04:00+00:00,233.9,233.9,0.0,True,session
WIPRO,2061,2024-08-08 06:51:00+00:00,235.3,235.3,0.0,True,session
WIPRO,2122,2024-08-08 07:52:00+00:00,233.5,233.6,0.042827,True,session
WIPRO,2183,2024-08-08 08:53:00+00:00,233.15,233.15,0.0,True,session
WIPRO,2244,2024-08-08 09:54:00+00:00,232.65,232.65,0.0,True,session
WIPRO,2251,2024-08-09 03:46:00+00:00,236.6,236.75,0.063398,True,session
WIPRO,2312,2024-08-09 04:47:00+00:00,234.95,234.95,0.0,True,session
WIPRO,2373,2024-08-09 05:48:00+00:00,234.5,234.5,0.0,True,session
WIPRO,2434,2024-08-09 06:49:00+00:00,234.5,234.5,0.0,True,session
WIPRO,2495,2024-08-09 07:50:00+00:00,234.6,234.45,0.063939,True,session
WIPRO,2556,2024-08-09 08:51:00+00:00,235.05,235.15,0.042544,True,session
WIPRO,2617,2024-08-09 09:52:00+00:00,234.65,234.75,0.042617,True,session
WIPRO,2626,2024-08-12 03:46:00+00:00,234.95,234.95,0.0,True,session
WIPRO,2687,2024-08-12 04:47:00+00:00,233.7,233.7,0.0,True,session
WIPRO,2743,2024-08-12 05:43:00+00:00,235.15,235.05,0.042526,True,session
WIPRO,2804,2024-08-12 06:44:00+00:00,235.25,235.25,0.0,True,session
WIPRO,2866,2024-08-12 07:46:00+00:00,235.05,235.05,0.0,True,session
WIPRO,2927,2024-08-12 08:47:00+00:00,234.85,234.9,0.02129,True,session
WIPRO,2988,2024-08-12 09:48:00+00:00,234.1,234.1,0.0,True,session
WIPRO,3049,2024-08-13 04:34:00+00:00,233.9,233.9,0.0,True,session
WIPRO,3096,2024-08-13 05:21:00+00:00,235.15,235.25,0.042526,True,session
WIPRO,3171,2024-08-13 06:36:00+00:00,234.6,234.65,0.021313,True,session
WIPRO,3232,2024-08-13 07:37:00+00:00,234.75,234.75,0.0,True,session
WIPRO,3293,2024-08-13 08:38:00+00:00,233.6,233.6,0.0,True,session
WIPRO,3354,2024-08-13 09:39:00+00:00,234.55,234.5,0.021317,True,session
WIPRO,3396,2024-08-14 04:06:00+00:00,234.85,234.85,0.0,True,session
WIPRO,3455,2024-08-14 05:05:00+00:00,235.8,235.7,0.042409,True,session
WIPRO,3516,2024-08-14 06:06:00+00:00,235.25,235.25,0.0,True,session
WIPRO,3577,2024-08-14 07:07:00+00:00,235.8,235.75,0.021204,True,session
WIPRO,3638,2024-08-14 08:08:00+00:00,235.6,235.6,0.0,True,session
WIPRO,3699,2024-08-14 09:09:00+00:00,235.9,235.9,0.0,True,session
WIPRO,3753,2024-08-16 03:48:00+00:00,239.15,239.0,0.062722,True,session
WIPRO,3773,2024-08-16 04:08:00+00:00,241.35,241.45,0.041434,True,session
WIPRO,3813,2024-08-16 04:48:00+00:00,243.0,243.0,0.0,True,session
WIPRO,3874,2024-08-16 05:49:00+00:00,243.2,243.2,0.0,True,session
WIPRO,3954,2024-08-16 07:09:00+00:00,244.5,244.5,0.0,True,session
WIPRO,4016,2024-08-16 08:11:00+00:00,245.15,245.15,0.0,True,session
WIPRO,4078,2024-08-16 09:13:00+00:00,245.45,245.45,0.0,True,session
WIPRO,4136,2024-08-19 03:56:00+00:00,247.3,247.35,0.020218,True,session
WIPRO,4197,2024-08-19 04:57:00+00:00,248.25,248.3,0.020141,True,session
WIPRO,4391,2024-08-19 08:11:00+00:00,248.35,248.35,0.0,True,session
WIPRO,4502,2024-08-20 03:47:00+00:00,249.85,249.75,0.040024,True,session
WIPRO,4604,2024-08-20 05:29:00+00:00,250.75,250.8,0.01994,True,session
WIPRO,4665,2024-08-20 06:30:00+00:00,250.15,250.25,0.039976,True,session
WIPRO,4726,2024-08-20 07:31:00+00:00,249.7,249.75,0.020024,True,session
WIPRO,4787,2024-08-20 08:32:00+00:00,250.15,250.25,0.039976,True,session
WIPRO,4848,2024-08-20 09:33:00+00:00,250.65,250.65,0.0,True,session
WIPRO,4909,2024-08-21 04:19:00+00:00,250.75,250.75,0.0,True,session
WIPRO,4970,2024-08-21 05:20:00+00:00,250.65,250.65,0.0,True,session
WIPRO,5031,2024-08-21 06:21:00+00:00,250.2,250.15,0.019984,True,session
WIPRO,5092,2024-08-21 07:22:00+00:00,249.15,249.15,0.0,True,session
WIPRO,5153,2024-08-21 08:23:00+00:00,249.2,249.25,0.020064,True,session
WIPRO,5201,2024-08-21 09:11:00+00:00,250.65,250.65,0.0,True,session
WIPRO,5251,2024-08-22 03:46:00+00:00,252.6,252.45,0.059382,True,session
WIPRO,5260,2024-08-22 03:55:00+00:00,251.55,251.55,0.0,True,session
WIPRO,5302,2024-08-22 04:37:00+00:00,252.65,252.75,0.03958,True,session
WIPRO,5363,2024-08-22 05:38:00+00:00,251.25,251.25,0.0,True,session
WIPRO,5424,2024-08-22 06:39:00+00:00,250.45,250.55,0.039928,True,session
WIPRO,5485,2024-08-22 07:40:00+00:00,250.05,250.05,0.0,True,session
WIPRO,5546,2024-08-22 08:41:00+00:00,249.95,249.95,0.0,True,session
WIPRO,5607,2024-08-22 09:42:00+00:00,248.2,248.25,0.020145,True,session
WIPRO,5643,2024-08-23 04:03:00+00:00,245.75,245.75,0.0,True,session
WIPRO,5704,2024-08-23 05:04:00+00:00,245.75,245.9,0.061038,True,session
WIPRO,5765,2024-08-23 06:05:00+00:00,246.45,246.6,0.060864,True,session
WIPRO,5826,2024-08-23 07:06:00+00:00,246.05,245.95,0.040642,True,session
WIPRO,5887,2024-08-23 08:07:00+00:00,245.0,245.0,0.0,True,session
WIPRO,5948,2024-08-23 09:08:00+00:00,244.7,244.7,0.0,True,session
WIPRO,6001,2024-08-26 03:46:00+00:00,247.7,247.7,0.0,True,session
WIPRO,6004,2024-08-26 03:49:00+00:00,248.95,248.95,0.0,True,session
WIPRO,6050,2024-08-26 04:35:00+00:00,250.2,250.2,0.0,True,session
WIPRO,6111,2024-08-26 05:36:00+00:00,249.3,249.2,0.040112,True,session
WIPRO,6172,2024-08-26 06:37:00+00:00,249.35,249.3,0.020052,True,session
WIPRO,6233,2024-08-26 07:38:00+00:00,249.5,249.5,0.0,True,session
WIPRO,6294,2024-08-26 08:39:00+00:00,249.45,249.4,0.020044,True,session
WIPRO,6355,2024-08-26 09:40:00+00:00,248.45,248.45,0.0,True,session
WIPRO,6385,2024-08-27 03:55:00+00:00,249.9,249.9,0.0,True,session
WIPRO,6446,2024-08-27 04:56:00+00:00,247.65,247.7,0.02019,True,session
WIPRO,6507,2024-08-27 05:57:00+00:00,247.85,247.85,0.0,True,session
WIPRO,6568,2024-08-27 06:58:00+00:00,247.9,248.0,0.040339,True,session
WIPRO,6629,2024-08-27 07:59:00+00:00,247.55,247.55,0.0,True,session
WIPRO,6690,2024-08-27 09:00:00+00:00,247.3,247.35,0.020218,True,session
WIPRO,6751,2024-08-28 03:46:00+00:00,248.95,248.95,0.0,True,session
WIPRO,6812,2024-08-28 04:47:00+00:00,249.05,249.0,0.020076,True,session
WIPRO,6819,2024-08-28 04:54:00+00:00,250.3,250.3,0.0,True,session
WIPRO,6830,2024-08-28 05:05:00+00:00,252.95,252.8,0.0593,True,session
WIPRO,6889,2024-08-28 06:04:00+00:00,255.35,255.3,0.019581,True,session
WIPRO,6969,2024-08-28 07:24:00+00:00,256.3,256.3,0.0,True,session
WIPRO,7030,2024-08-28 08:25:00+00:00,256.6,256.6,0.0,True,session
WIPRO,7091,2024-08-28 09:26:00+00:00,255.9,255.8,0.039078,True,session
WIPRO,7128,2024-08-29 03:48:00+00:00,257.4,257.4,0.0,True,session
WIPRO,7133,2024-08-29 03:53:00+00:00,255.8,255.65,0.05864,True,session
WIPRO,7170,2024-08-29 04:30:00+00:00,257.1,257.2,0.038895,True,session
WIPRO,7229,2024-08-29 05:29:00+00:00,257.4,257.3,0.03885,True,session
WIPRO,7290,2024-08-29 06:30:00+00:00,257.5,257.5,0.0,True,session
WIPRO,7351,2024-08-29 07:31:00+00:00,257.2,257.2,0.0,True,session
WIPRO,7412,2024-08-29 08:32:00+00:00,256.7,256.7,0.0,True,session
WIPRO,7467,2024-08-29 09:27:00+00:00,258.1,258.1,0.0,True,session
WIPRO,7528,2024-08-30 04:13:00+00:00,257.35,257.35,0.0,True,session
WIPRO,7590,2024-08-30 05:15:00+00:00,257.65,257.8,0.058219,True,session
WIPRO,7651,2024-08-30 06:16:00+00:00,257.3,257.3,0.0,True,session
WIPRO,7712,2024-08-30 07:17:00+00:00,257.15,257.1,0.019444,True,session
WIPRO,7773,2024-08-30 08:18:00+00:00,257.7,257.7,0.0,True,session
WIPRO,7834,2024-08-30 09:19:00+00:00,256.7,256.8,0.038956,True,session
